[0;93m2026-08-06 13:10:03.178691729 [W:onnxruntime:Default, device_discovery.cc:211 DiscoverDevicesForPlatform] GPU device discovery failed: device_discovery.cc:91 ReadFileContents Failed to open file: "/sys/class/drm/card1/device/vendor"[m
[1;31m2026-08-06 13:10:09.516704959 [E:onnxruntime:, inference_session.cc:2579 operator()] Exception during initialization: /opt/onnxruntime/onnxruntime/core/providers/cuda/cuda_call.cc:129 std::conditional_t<THRW, void, onnxruntime::common::Status> onnxruntime::CudaCall(ERRTYPE, const char*, const char*, SUCCTYPE, const char*, const char*, int) [with ERRTYPE = cudnnStatus_t; bool THRW = true; SUCCTYPE = cudnnStatus_t; std::conditional_t<THRW, void, onnxruntime::common::Status> = void] /opt/onnxruntime/onnxruntime/core/providers/cuda/cuda_call.cc:121 std::conditional_t<THRW, void, onnxruntime::common::Status> onnxruntime::CudaCall(ERRTYPE, const char*, const char*, SUCCTYPE, const char*, const char*, int) [with ERRTYPE = cudnnStatus_t; bool THRW = true; SUCCTYPE = cudnnStatus_t; std::conditional_t<THRW, void, onnxruntime::common::Status> = void] CUDNN failure 1001: CUDNN_STATUS_NOT_INITIALIZED ; GPU=0 ; hostname=cyamsys-desktop ; file=/opt/onnxruntime/onnxruntime/core/providers/cuda/cuda_execution_provider.cc ; line=232 ; expr=cudnnCreate(&cudnn_handle_); 

[m
Loading embeddings …
  Kajal: 4 embeddings
  Prashant Kumar: 7 embeddings
  Kuldeep: 6 embeddings
  Neeraj : 5 embeddings
  Vikas Sharma: 5 embeddings
  Meraj: 5 embeddings
  Ravi Shankar: 7 embeddings
  Sunny : 4 embeddings
  Abhishek : 6 embeddings
  Aditya: 5 embeddings
  Rajan: 7 embeddings
  Rishu Kumar: 8 embeddings
  Satya : 7 embeddings
  Amitabh Prajapati: 7 embeddings
  Praveen: 6 embeddings
  Aakash: 10 embeddings
  abc: 5 embeddings
Total employees loaded: 17

Traceback (most recent call last):
  File "/home/cyamsys/Documents/HR_attendance/entry_cameras.py", line 1402, in <module>
    face_app = FaceAnalysis(
  File "/home/cyamsys/miniforge3/envs/ai/lib/python3.10/site-packages/insightface/app/face_analysis.py", line 31, in __init__
    model = model_zoo.get_model(onnx_file, **kwargs)
  File "/home/cyamsys/miniforge3/envs/ai/lib/python3.10/site-packages/insightface/model_zoo/model_zoo.py", line 96, in get_model
    model = router.get_model(providers=providers, provider_options=provider_options)
  File "/home/cyamsys/miniforge3/envs/ai/lib/python3.10/site-packages/insightface/model_zoo/model_zoo.py", line 40, in get_model
    session = PickableInferenceSession(self.onnx_file, **kwargs)
  File "/home/cyamsys/miniforge3/envs/ai/lib/python3.10/site-packages/insightface/model_zoo/model_zoo.py", line 25, in __init__
    super().__init__(model_path, **kwargs)
  File "/home/cyamsys/miniforge3/envs/ai/lib/python3.10/site-packages/onnxruntime/capi/onnxruntime_inference_collection.py", line 504, in __init__
    self._create_inference_session(providers, provider_options, disabled_optimizers)
  File "/home/cyamsys/miniforge3/envs/ai/lib/python3.10/site-packages/onnxruntime/capi/onnxruntime_inference_collection.py", line 593, in _create_inference_session
    sess.initialize_session(providers, provider_options, disabled_optimizers)
onnxruntime.capi.onnxruntime_pybind11_state.Fail: [ONNXRuntimeError] : 1 : FAIL : Exception during initialization: /opt/onnxruntime/onnxruntime/core/providers/cuda/cuda_call.cc:129 std::conditional_t<THRW, void, onnxruntime::common::Status> onnxruntime::CudaCall(ERRTYPE, const char*, const char*, SUCCTYPE, const char*, const char*, int) [with ERRTYPE = cudnnStatus_t; bool THRW = true; SUCCTYPE = cudnnStatus_t; std::conditional_t<THRW, void, onnxruntime::common::Status> = void] /opt/onnxruntime/onnxruntime/core/providers/cuda/cuda_call.cc:121 std::conditional_t<THRW, void, onnxruntime::common::Status> onnxruntime::CudaCall(ERRTYPE, const char*, const char*, SUCCTYPE, const char*, const char*, int) [with ERRTYPE = cudnnStatus_t; bool THRW = true; SUCCTYPE = cudnnStatus_t; std::conditional_t<THRW, void, onnxruntime::common::Status> = void] CUDNN failure 1001: CUDNN_STATUS_NOT_INITIALIZED ; GPU=0 ; hostname=cyamsys-desktop ; file=/opt/onnxruntime/onnxruntime/core/providers/cuda/cuda_execution_provider.cc ; line=232 ; expr=cudnnCreate(&cudnn_handle_); 


[0;93m2026-08-06 13:10:17.014403011 [W:onnxruntime:Default, device_discovery.cc:211 DiscoverDevicesForPlatform] GPU device discovery failed: device_discovery.cc:91 ReadFileContents Failed to open file: "/sys/class/drm/card1/device/vendor"[m
[1;31m2026-08-06 13:10:23.263677781 [E:onnxruntime:, inference_session.cc:2579 operator()] Exception during initialization: /opt/onnxruntime/onnxruntime/core/providers/cuda/cuda_call.cc:129 std::conditional_t<THRW, void, onnxruntime::common::Status> onnxruntime::CudaCall(ERRTYPE, const char*, const char*, SUCCTYPE, const char*, const char*, int) [with ERRTYPE = cudnnStatus_t; bool THRW = true; SUCCTYPE = cudnnStatus_t; std::conditional_t<THRW, void, onnxruntime::common::Status> = void] /opt/onnxruntime/onnxruntime/core/providers/cuda/cuda_call.cc:121 std::conditional_t<THRW, void, onnxruntime::common::Status> onnxruntime::CudaCall(ERRTYPE, const char*, const char*, SUCCTYPE, const char*, const char*, int) [with ERRTYPE = cudnnStatus_t; bool THRW = true; SUCCTYPE = cudnnStatus_t; std::conditional_t<THRW, void, onnxruntime::common::Status> = void] CUDNN failure 1001: CUDNN_STATUS_NOT_INITIALIZED ; GPU=0 ; hostname=cyamsys-desktop ; file=/opt/onnxruntime/onnxruntime/core/providers/cuda/cuda_execution_provider.cc ; line=232 ; expr=cudnnCreate(&cudnn_handle_); 

[m
Loading embeddings …
  Kajal: 4 embeddings
  Prashant Kumar: 7 embeddings
  Kuldeep: 6 embeddings
  Neeraj : 5 embeddings
  Vikas Sharma: 5 embeddings
  Meraj: 5 embeddings
  Ravi Shankar: 7 embeddings
  Sunny : 4 embeddings
  Abhishek : 6 embeddings
  Aditya: 5 embeddings
  Rajan: 7 embeddings
  Rishu Kumar: 8 embeddings
  Satya : 7 embeddings
  Amitabh Prajapati: 7 embeddings
  Praveen: 6 embeddings
  Aakash: 10 embeddings
  abc: 5 embeddings
Total employees loaded: 17

Traceback (most recent call last):
  File "/home/cyamsys/Documents/HR_attendance/entry_cameras.py", line 1402, in <module>
    face_app = FaceAnalysis(
  File "/home/cyamsys/miniforge3/envs/ai/lib/python3.10/site-packages/insightface/app/face_analysis.py", line 31, in __init__
    model = model_zoo.get_model(onnx_file, **kwargs)
  File "/home/cyamsys/miniforge3/envs/ai/lib/python3.10/site-packages/insightface/model_zoo/model_zoo.py", line 96, in get_model
    model = router.get_model(providers=providers, provider_options=provider_options)
  File "/home/cyamsys/miniforge3/envs/ai/lib/python3.10/site-packages/insightface/model_zoo/model_zoo.py", line 40, in get_model
    session = PickableInferenceSession(self.onnx_file, **kwargs)
  File "/home/cyamsys/miniforge3/envs/ai/lib/python3.10/site-packages/insightface/model_zoo/model_zoo.py", line 25, in __init__
    super().__init__(model_path, **kwargs)
  File "/home/cyamsys/miniforge3/envs/ai/lib/python3.10/site-packages/onnxruntime/capi/onnxruntime_inference_collection.py", line 504, in __init__
    self._create_inference_session(providers, provider_options, disabled_optimizers)
  File "/home/cyamsys/miniforge3/envs/ai/lib/python3.10/site-packages/onnxruntime/capi/onnxruntime_inference_collection.py", line 593, in _create_inference_session
    sess.initialize_session(providers, provider_options, disabled_optimizers)
onnxruntime.capi.onnxruntime_pybind11_state.Fail: [ONNXRuntimeError] : 1 : FAIL : Exception during initialization: /opt/onnxruntime/onnxruntime/core/providers/cuda/cuda_call.cc:129 std::conditional_t<THRW, void, onnxruntime::common::Status> onnxruntime::CudaCall(ERRTYPE, const char*, const char*, SUCCTYPE, const char*, const char*, int) [with ERRTYPE = cudnnStatus_t; bool THRW = true; SUCCTYPE = cudnnStatus_t; std::conditional_t<THRW, void, onnxruntime::common::Status> = void] /opt/onnxruntime/onnxruntime/core/providers/cuda/cuda_call.cc:121 std::conditional_t<THRW, void, onnxruntime::common::Status> onnxruntime::CudaCall(ERRTYPE, const char*, const char*, SUCCTYPE, const char*, const char*, int) [with ERRTYPE = cudnnStatus_t; bool THRW = true; SUCCTYPE = cudnnStatus_t; std::conditional_t<THRW, void, onnxruntime::common::Status> = void] CUDNN failure 1001: CUDNN_STATUS_NOT_INITIALIZED ; GPU=0 ; hostname=cyamsys-desktop ; file=/opt/onnxruntime/onnxruntime/core/providers/cuda/cuda_execution_provider.cc ; line=232 ; expr=cudnnCreate(&cudnn_handle_); 


[0;93m2026-08-06 13:10:30.264118861 [W:onnxruntime:Default, device_discovery.cc:211 DiscoverDevicesForPlatform] GPU device discovery failed: device_discovery.cc:91 ReadFileContents Failed to open file: "/sys/class/drm/card1/device/vendor"[m
[1;31m2026-08-06 13:10:36.611625945 [E:onnxruntime:, inference_session.cc:2579 operator()] Exception during initialization: /opt/onnxruntime/onnxruntime/core/providers/cuda/cuda_call.cc:129 std::conditional_t<THRW, void, onnxruntime::common::Status> onnxruntime::CudaCall(ERRTYPE, const char*, const char*, SUCCTYPE, const char*, const char*, int) [with ERRTYPE = cudnnStatus_t; bool THRW = true; SUCCTYPE = cudnnStatus_t; std::conditional_t<THRW, void, onnxruntime::common::Status> = void] /opt/onnxruntime/onnxruntime/core/providers/cuda/cuda_call.cc:121 std::conditional_t<THRW, void, onnxruntime::common::Status> onnxruntime::CudaCall(ERRTYPE, const char*, const char*, SUCCTYPE, const char*, const char*, int) [with ERRTYPE = cudnnStatus_t; bool THRW = true; SUCCTYPE = cudnnStatus_t; std::conditional_t<THRW, void, onnxruntime::common::Status> = void] CUDNN failure 1001: CUDNN_STATUS_NOT_INITIALIZED ; GPU=0 ; hostname=cyamsys-desktop ; file=/opt/onnxruntime/onnxruntime/core/providers/cuda/cuda_execution_provider.cc ; line=232 ; expr=cudnnCreate(&cudnn_handle_); 

[m
Loading embeddings …
  Kajal: 4 embeddings
  Prashant Kumar: 7 embeddings
  Kuldeep: 6 embeddings
  Neeraj : 5 embeddings
  Vikas Sharma: 5 embeddings
  Meraj: 5 embeddings
  Ravi Shankar: 7 embeddings
  Sunny : 4 embeddings
  Abhishek : 6 embeddings
  Aditya: 5 embeddings
  Rajan: 7 embeddings
  Rishu Kumar: 8 embeddings
  Satya : 7 embeddings
  Amitabh Prajapati: 7 embeddings
  Praveen: 6 embeddings
  Aakash: 10 embeddings
  abc: 5 embeddings
Total employees loaded: 17

Traceback (most recent call last):
  File "/home/cyamsys/Documents/HR_attendance/entry_cameras.py", line 1402, in <module>
    face_app = FaceAnalysis(
  File "/home/cyamsys/miniforge3/envs/ai/lib/python3.10/site-packages/insightface/app/face_analysis.py", line 31, in __init__
    model = model_zoo.get_model(onnx_file, **kwargs)
  File "/home/cyamsys/miniforge3/envs/ai/lib/python3.10/site-packages/insightface/model_zoo/model_zoo.py", line 96, in get_model
    model = router.get_model(providers=providers, provider_options=provider_options)
  File "/home/cyamsys/miniforge3/envs/ai/lib/python3.10/site-packages/insightface/model_zoo/model_zoo.py", line 40, in get_model
    session = PickableInferenceSession(self.onnx_file, **kwargs)
  File "/home/cyamsys/miniforge3/envs/ai/lib/python3.10/site-packages/insightface/model_zoo/model_zoo.py", line 25, in __init__
    super().__init__(model_path, **kwargs)
  File "/home/cyamsys/miniforge3/envs/ai/lib/python3.10/site-packages/onnxruntime/capi/onnxruntime_inference_collection.py", line 504, in __init__
    self._create_inference_session(providers, provider_options, disabled_optimizers)
  File "/home/cyamsys/miniforge3/envs/ai/lib/python3.10/site-packages/onnxruntime/capi/onnxruntime_inference_collection.py", line 593, in _create_inference_session
    sess.initialize_session(providers, provider_options, disabled_optimizers)
onnxruntime.capi.onnxruntime_pybind11_state.Fail: [ONNXRuntimeError] : 1 : FAIL : Exception during initialization: /opt/onnxruntime/onnxruntime/core/providers/cuda/cuda_call.cc:129 std::conditional_t<THRW, void, onnxruntime::common::Status> onnxruntime::CudaCall(ERRTYPE, const char*, const char*, SUCCTYPE, const char*, const char*, int) [with ERRTYPE = cudnnStatus_t; bool THRW = true; SUCCTYPE = cudnnStatus_t; std::conditional_t<THRW, void, onnxruntime::common::Status> = void] /opt/onnxruntime/onnxruntime/core/providers/cuda/cuda_call.cc:121 std::conditional_t<THRW, void, onnxruntime::common::Status> onnxruntime::CudaCall(ERRTYPE, const char*, const char*, SUCCTYPE, const char*, const char*, int) [with ERRTYPE = cudnnStatus_t; bool THRW = true; SUCCTYPE = cudnnStatus_t; std::conditional_t<THRW, void, onnxruntime::common::Status> = void] CUDNN failure 1001: CUDNN_STATUS_NOT_INITIALIZED ; GPU=0 ; hostname=cyamsys-desktop ; file=/opt/onnxruntime/onnxruntime/core/providers/cuda/cuda_execution_provider.cc ; line=232 ; expr=cudnnCreate(&cudnn_handle_); 


[0;93m2026-08-06 13:10:43.782362118 [W:onnxruntime:Default, device_discovery.cc:211 DiscoverDevicesForPlatform] GPU device discovery failed: device_discovery.cc:91 ReadFileContents Failed to open file: "/sys/class/drm/card1/device/vendor"[m
[1;31m2026-08-06 13:10:50.052974713 [E:onnxruntime:, inference_session.cc:2579 operator()] Exception during initialization: /opt/onnxruntime/onnxruntime/core/providers/cuda/cuda_call.cc:129 std::conditional_t<THRW, void, onnxruntime::common::Status> onnxruntime::CudaCall(ERRTYPE, const char*, const char*, SUCCTYPE, const char*, const char*, int) [with ERRTYPE = cudnnStatus_t; bool THRW = true; SUCCTYPE = cudnnStatus_t; std::conditional_t<THRW, void, onnxruntime::common::Status> = void] /opt/onnxruntime/onnxruntime/core/providers/cuda/cuda_call.cc:121 std::conditional_t<THRW, void, onnxruntime::common::Status> onnxruntime::CudaCall(ERRTYPE, const char*, const char*, SUCCTYPE, const char*, const char*, int) [with ERRTYPE = cudnnStatus_t; bool THRW = true; SUCCTYPE = cudnnStatus_t; std::conditional_t<THRW, void, onnxruntime::common::Status> = void] CUDNN failure 1001: CUDNN_STATUS_NOT_INITIALIZED ; GPU=0 ; hostname=cyamsys-desktop ; file=/opt/onnxruntime/onnxruntime/core/providers/cuda/cuda_execution_provider.cc ; line=232 ; expr=cudnnCreate(&cudnn_handle_); 

[m
Loading embeddings …
  Kajal: 4 embeddings
  Prashant Kumar: 7 embeddings
  Kuldeep: 6 embeddings
  Neeraj : 5 embeddings
  Vikas Sharma: 5 embeddings
  Meraj: 5 embeddings
  Ravi Shankar: 7 embeddings
  Sunny : 4 embeddings
  Abhishek : 6 embeddings
  Aditya: 5 embeddings
  Rajan: 7 embeddings
  Rishu Kumar: 8 embeddings
  Satya : 7 embeddings
  Amitabh Prajapati: 7 embeddings
  Praveen: 6 embeddings
  Aakash: 10 embeddings
  abc: 5 embeddings
Total employees loaded: 17

Traceback (most recent call last):
  File "/home/cyamsys/Documents/HR_attendance/entry_cameras.py", line 1402, in <module>
    face_app = FaceAnalysis(
  File "/home/cyamsys/miniforge3/envs/ai/lib/python3.10/site-packages/insightface/app/face_analysis.py", line 31, in __init__
    model = model_zoo.get_model(onnx_file, **kwargs)
  File "/home/cyamsys/miniforge3/envs/ai/lib/python3.10/site-packages/insightface/model_zoo/model_zoo.py", line 96, in get_model
    model = router.get_model(providers=providers, provider_options=provider_options)
  File "/home/cyamsys/miniforge3/envs/ai/lib/python3.10/site-packages/insightface/model_zoo/model_zoo.py", line 40, in get_model
    session = PickableInferenceSession(self.onnx_file, **kwargs)
  File "/home/cyamsys/miniforge3/envs/ai/lib/python3.10/site-packages/insightface/model_zoo/model_zoo.py", line 25, in __init__
    super().__init__(model_path, **kwargs)
  File "/home/cyamsys/miniforge3/envs/ai/lib/python3.10/site-packages/onnxruntime/capi/onnxruntime_inference_collection.py", line 504, in __init__
    self._create_inference_session(providers, provider_options, disabled_optimizers)
  File "/home/cyamsys/miniforge3/envs/ai/lib/python3.10/site-packages/onnxruntime/capi/onnxruntime_inference_collection.py", line 593, in _create_inference_session
    sess.initialize_session(providers, provider_options, disabled_optimizers)
onnxruntime.capi.onnxruntime_pybind11_state.Fail: [ONNXRuntimeError] : 1 : FAIL : Exception during initialization: /opt/onnxruntime/onnxruntime/core/providers/cuda/cuda_call.cc:129 std::conditional_t<THRW, void, onnxruntime::common::Status> onnxruntime::CudaCall(ERRTYPE, const char*, const char*, SUCCTYPE, const char*, const char*, int) [with ERRTYPE = cudnnStatus_t; bool THRW = true; SUCCTYPE = cudnnStatus_t; std::conditional_t<THRW, void, onnxruntime::common::Status> = void] /opt/onnxruntime/onnxruntime/core/providers/cuda/cuda_call.cc:121 std::conditional_t<THRW, void, onnxruntime::common::Status> onnxruntime::CudaCall(ERRTYPE, const char*, const char*, SUCCTYPE, const char*, const char*, int) [with ERRTYPE = cudnnStatus_t; bool THRW = true; SUCCTYPE = cudnnStatus_t; std::conditional_t<THRW, void, onnxruntime::common::Status> = void] CUDNN failure 1001: CUDNN_STATUS_NOT_INITIALIZED ; GPU=0 ; hostname=cyamsys-desktop ; file=/opt/onnxruntime/onnxruntime/core/providers/cuda/cuda_execution_provider.cc ; line=232 ; expr=cudnnCreate(&cudnn_handle_); 


[0;93m2026-08-06 13:10:56.995559599 [W:onnxruntime:Default, device_discovery.cc:211 DiscoverDevicesForPlatform] GPU device discovery failed: device_discovery.cc:91 ReadFileContents Failed to open file: "/sys/class/drm/card1/device/vendor"[m
[1;31m2026-08-06 13:11:03.076850702 [E:onnxruntime:, inference_session.cc:2579 operator()] Exception during initialization: /opt/onnxruntime/onnxruntime/core/providers/cuda/cuda_call.cc:129 std::conditional_t<THRW, void, onnxruntime::common::Status> onnxruntime::CudaCall(ERRTYPE, const char*, const char*, SUCCTYPE, const char*, const char*, int) [with ERRTYPE = cudnnStatus_t; bool THRW = true; SUCCTYPE = cudnnStatus_t; std::conditional_t<THRW, void, onnxruntime::common::Status> = void] /opt/onnxruntime/onnxruntime/core/providers/cuda/cuda_call.cc:121 std::conditional_t<THRW, void, onnxruntime::common::Status> onnxruntime::CudaCall(ERRTYPE, const char*, const char*, SUCCTYPE, const char*, const char*, int) [with ERRTYPE = cudnnStatus_t; bool THRW = true; SUCCTYPE = cudnnStatus_t; std::conditional_t<THRW, void, onnxruntime::common::Status> = void] CUDNN failure 1001: CUDNN_STATUS_NOT_INITIALIZED ; GPU=0 ; hostname=cyamsys-desktop ; file=/opt/onnxruntime/onnxruntime/core/providers/cuda/cuda_execution_provider.cc ; line=232 ; expr=cudnnCreate(&cudnn_handle_); 

[m
Loading embeddings …
  Kajal: 4 embeddings
  Prashant Kumar: 7 embeddings
  Kuldeep: 6 embeddings
  Neeraj : 5 embeddings
  Vikas Sharma: 5 embeddings
  Meraj: 5 embeddings
  Ravi Shankar: 7 embeddings
  Sunny : 4 embeddings
  Abhishek : 6 embeddings
  Aditya: 5 embeddings
  Rajan: 7 embeddings
  Rishu Kumar: 8 embeddings
  Satya : 7 embeddings
  Amitabh Prajapati: 7 embeddings
  Praveen: 6 embeddings
  Aakash: 10 embeddings
  abc: 5 embeddings
Total employees loaded: 17

Traceback (most recent call last):
  File "/home/cyamsys/Documents/HR_attendance/entry_cameras.py", line 1402, in <module>
    face_app = FaceAnalysis(
  File "/home/cyamsys/miniforge3/envs/ai/lib/python3.10/site-packages/insightface/app/face_analysis.py", line 31, in __init__
    model = model_zoo.get_model(onnx_file, **kwargs)
  File "/home/cyamsys/miniforge3/envs/ai/lib/python3.10/site-packages/insightface/model_zoo/model_zoo.py", line 96, in get_model
    model = router.get_model(providers=providers, provider_options=provider_options)
  File "/home/cyamsys/miniforge3/envs/ai/lib/python3.10/site-packages/insightface/model_zoo/model_zoo.py", line 40, in get_model
    session = PickableInferenceSession(self.onnx_file, **kwargs)
  File "/home/cyamsys/miniforge3/envs/ai/lib/python3.10/site-packages/insightface/model_zoo/model_zoo.py", line 25, in __init__
    super().__init__(model_path, **kwargs)
  File "/home/cyamsys/miniforge3/envs/ai/lib/python3.10/site-packages/onnxruntime/capi/onnxruntime_inference_collection.py", line 504, in __init__
    self._create_inference_session(providers, provider_options, disabled_optimizers)
  File "/home/cyamsys/miniforge3/envs/ai/lib/python3.10/site-packages/onnxruntime/capi/onnxruntime_inference_collection.py", line 593, in _create_inference_session
    sess.initialize_session(providers, provider_options, disabled_optimizers)
onnxruntime.capi.onnxruntime_pybind11_state.Fail: [ONNXRuntimeError] : 1 : FAIL : Exception during initialization: /opt/onnxruntime/onnxruntime/core/providers/cuda/cuda_call.cc:129 std::conditional_t<THRW, void, onnxruntime::common::Status> onnxruntime::CudaCall(ERRTYPE, const char*, const char*, SUCCTYPE, const char*, const char*, int) [with ERRTYPE = cudnnStatus_t; bool THRW = true; SUCCTYPE = cudnnStatus_t; std::conditional_t<THRW, void, onnxruntime::common::Status> = void] /opt/onnxruntime/onnxruntime/core/providers/cuda/cuda_call.cc:121 std::conditional_t<THRW, void, onnxruntime::common::Status> onnxruntime::CudaCall(ERRTYPE, const char*, const char*, SUCCTYPE, const char*, const char*, int) [with ERRTYPE = cudnnStatus_t; bool THRW = true; SUCCTYPE = cudnnStatus_t; std::conditional_t<THRW, void, onnxruntime::common::Status> = void] CUDNN failure 1001: CUDNN_STATUS_NOT_INITIALIZED ; GPU=0 ; hostname=cyamsys-desktop ; file=/opt/onnxruntime/onnxruntime/core/providers/cuda/cuda_execution_provider.cc ; line=232 ; expr=cudnnCreate(&cudnn_handle_); 


[0;93m2026-08-06 13:11:10.096002100 [W:onnxruntime:Default, device_discovery.cc:211 DiscoverDevicesForPlatform] GPU device discovery failed: device_discovery.cc:91 ReadFileContents Failed to open file: "/sys/class/drm/card1/device/vendor"[m
[1;31m2026-08-06 13:11:16.200754333 [E:onnxruntime:, inference_session.cc:2579 operator()] Exception during initialization: /opt/onnxruntime/onnxruntime/core/providers/cuda/cuda_call.cc:129 std::conditional_t<THRW, void, onnxruntime::common::Status> onnxruntime::CudaCall(ERRTYPE, const char*, const char*, SUCCTYPE, const char*, const char*, int) [with ERRTYPE = cudnnStatus_t; bool THRW = true; SUCCTYPE = cudnnStatus_t; std::conditional_t<THRW, void, onnxruntime::common::Status> = void] /opt/onnxruntime/onnxruntime/core/providers/cuda/cuda_call.cc:121 std::conditional_t<THRW, void, onnxruntime::common::Status> onnxruntime::CudaCall(ERRTYPE, const char*, const char*, SUCCTYPE, const char*, const char*, int) [with ERRTYPE = cudnnStatus_t; bool THRW = true; SUCCTYPE = cudnnStatus_t; std::conditional_t<THRW, void, onnxruntime::common::Status> = void] CUDNN failure 1001: CUDNN_STATUS_NOT_INITIALIZED ; GPU=0 ; hostname=cyamsys-desktop ; file=/opt/onnxruntime/onnxruntime/core/providers/cuda/cuda_execution_provider.cc ; line=232 ; expr=cudnnCreate(&cudnn_handle_); 

[m
Loading embeddings …
  Kajal: 4 embeddings
  Prashant Kumar: 7 embeddings
  Kuldeep: 6 embeddings
  Neeraj : 5 embeddings
  Vikas Sharma: 5 embeddings
  Meraj: 5 embeddings
  Ravi Shankar: 7 embeddings
  Sunny : 4 embeddings
  Abhishek : 6 embeddings
  Aditya: 5 embeddings
  Rajan: 7 embeddings
  Rishu Kumar: 8 embeddings
  Satya : 7 embeddings
  Amitabh Prajapati: 7 embeddings
  Praveen: 6 embeddings
  Aakash: 10 embeddings
  abc: 5 embeddings
Total employees loaded: 17

Traceback (most recent call last):
  File "/home/cyamsys/Documents/HR_attendance/entry_cameras.py", line 1402, in <module>
    face_app = FaceAnalysis(
  File "/home/cyamsys/miniforge3/envs/ai/lib/python3.10/site-packages/insightface/app/face_analysis.py", line 31, in __init__
    model = model_zoo.get_model(onnx_file, **kwargs)
  File "/home/cyamsys/miniforge3/envs/ai/lib/python3.10/site-packages/insightface/model_zoo/model_zoo.py", line 96, in get_model
    model = router.get_model(providers=providers, provider_options=provider_options)
  File "/home/cyamsys/miniforge3/envs/ai/lib/python3.10/site-packages/insightface/model_zoo/model_zoo.py", line 40, in get_model
    session = PickableInferenceSession(self.onnx_file, **kwargs)
  File "/home/cyamsys/miniforge3/envs/ai/lib/python3.10/site-packages/insightface/model_zoo/model_zoo.py", line 25, in __init__
    super().__init__(model_path, **kwargs)
  File "/home/cyamsys/miniforge3/envs/ai/lib/python3.10/site-packages/onnxruntime/capi/onnxruntime_inference_collection.py", line 504, in __init__
    self._create_inference_session(providers, provider_options, disabled_optimizers)
  File "/home/cyamsys/miniforge3/envs/ai/lib/python3.10/site-packages/onnxruntime/capi/onnxruntime_inference_collection.py", line 593, in _create_inference_session
    sess.initialize_session(providers, provider_options, disabled_optimizers)
onnxruntime.capi.onnxruntime_pybind11_state.Fail: [ONNXRuntimeError] : 1 : FAIL : Exception during initialization: /opt/onnxruntime/onnxruntime/core/providers/cuda/cuda_call.cc:129 std::conditional_t<THRW, void, onnxruntime::common::Status> onnxruntime::CudaCall(ERRTYPE, const char*, const char*, SUCCTYPE, const char*, const char*, int) [with ERRTYPE = cudnnStatus_t; bool THRW = true; SUCCTYPE = cudnnStatus_t; std::conditional_t<THRW, void, onnxruntime::common::Status> = void] /opt/onnxruntime/onnxruntime/core/providers/cuda/cuda_call.cc:121 std::conditional_t<THRW, void, onnxruntime::common::Status> onnxruntime::CudaCall(ERRTYPE, const char*, const char*, SUCCTYPE, const char*, const char*, int) [with ERRTYPE = cudnnStatus_t; bool THRW = true; SUCCTYPE = cudnnStatus_t; std::conditional_t<THRW, void, onnxruntime::common::Status> = void] CUDNN failure 1001: CUDNN_STATUS_NOT_INITIALIZED ; GPU=0 ; hostname=cyamsys-desktop ; file=/opt/onnxruntime/onnxruntime/core/providers/cuda/cuda_execution_provider.cc ; line=232 ; expr=cudnnCreate(&cudnn_handle_); 


[0;93m2026-08-06 13:11:23.100772499 [W:onnxruntime:Default, device_discovery.cc:211 DiscoverDevicesForPlatform] GPU device discovery failed: device_discovery.cc:91 ReadFileContents Failed to open file: "/sys/class/drm/card1/device/vendor"[m
[1;31m2026-08-06 13:11:29.363578515 [E:onnxruntime:, inference_session.cc:2579 operator()] Exception during initialization: /opt/onnxruntime/onnxruntime/core/providers/cuda/cuda_call.cc:129 std::conditional_t<THRW, void, onnxruntime::common::Status> onnxruntime::CudaCall(ERRTYPE, const char*, const char*, SUCCTYPE, const char*, const char*, int) [with ERRTYPE = cudnnStatus_t; bool THRW = true; SUCCTYPE = cudnnStatus_t; std::conditional_t<THRW, void, onnxruntime::common::Status> = void] /opt/onnxruntime/onnxruntime/core/providers/cuda/cuda_call.cc:121 std::conditional_t<THRW, void, onnxruntime::common::Status> onnxruntime::CudaCall(ERRTYPE, const char*, const char*, SUCCTYPE, const char*, const char*, int) [with ERRTYPE = cudnnStatus_t; bool THRW = true; SUCCTYPE = cudnnStatus_t; std::conditional_t<THRW, void, onnxruntime::common::Status> = void] CUDNN failure 1001: CUDNN_STATUS_NOT_INITIALIZED ; GPU=0 ; hostname=cyamsys-desktop ; file=/opt/onnxruntime/onnxruntime/core/providers/cuda/cuda_execution_provider.cc ; line=232 ; expr=cudnnCreate(&cudnn_handle_); 

[m
Loading embeddings …
  Kajal: 4 embeddings
  Prashant Kumar: 7 embeddings
  Kuldeep: 6 embeddings
  Neeraj : 5 embeddings
  Vikas Sharma: 5 embeddings
  Meraj: 5 embeddings
  Ravi Shankar: 7 embeddings
  Sunny : 4 embeddings
  Abhishek : 6 embeddings
  Aditya: 5 embeddings
  Rajan: 7 embeddings
  Rishu Kumar: 8 embeddings
  Satya : 7 embeddings
  Amitabh Prajapati: 7 embeddings
  Praveen: 6 embeddings
  Aakash: 10 embeddings
  abc: 5 embeddings
Total employees loaded: 17

Traceback (most recent call last):
  File "/home/cyamsys/Documents/HR_attendance/entry_cameras.py", line 1402, in <module>
    face_app = FaceAnalysis(
  File "/home/cyamsys/miniforge3/envs/ai/lib/python3.10/site-packages/insightface/app/face_analysis.py", line 31, in __init__
    model = model_zoo.get_model(onnx_file, **kwargs)
  File "/home/cyamsys/miniforge3/envs/ai/lib/python3.10/site-packages/insightface/model_zoo/model_zoo.py", line 96, in get_model
    model = router.get_model(providers=providers, provider_options=provider_options)
  File "/home/cyamsys/miniforge3/envs/ai/lib/python3.10/site-packages/insightface/model_zoo/model_zoo.py", line 40, in get_model
    session = PickableInferenceSession(self.onnx_file, **kwargs)
  File "/home/cyamsys/miniforge3/envs/ai/lib/python3.10/site-packages/insightface/model_zoo/model_zoo.py", line 25, in __init__
    super().__init__(model_path, **kwargs)
  File "/home/cyamsys/miniforge3/envs/ai/lib/python3.10/site-packages/onnxruntime/capi/onnxruntime_inference_collection.py", line 504, in __init__
    self._create_inference_session(providers, provider_options, disabled_optimizers)
  File "/home/cyamsys/miniforge3/envs/ai/lib/python3.10/site-packages/onnxruntime/capi/onnxruntime_inference_collection.py", line 593, in _create_inference_session
    sess.initialize_session(providers, provider_options, disabled_optimizers)
onnxruntime.capi.onnxruntime_pybind11_state.Fail: [ONNXRuntimeError] : 1 : FAIL : Exception during initialization: /opt/onnxruntime/onnxruntime/core/providers/cuda/cuda_call.cc:129 std::conditional_t<THRW, void, onnxruntime::common::Status> onnxruntime::CudaCall(ERRTYPE, const char*, const char*, SUCCTYPE, const char*, const char*, int) [with ERRTYPE = cudnnStatus_t; bool THRW = true; SUCCTYPE = cudnnStatus_t; std::conditional_t<THRW, void, onnxruntime::common::Status> = void] /opt/onnxruntime/onnxruntime/core/providers/cuda/cuda_call.cc:121 std::conditional_t<THRW, void, onnxruntime::common::Status> onnxruntime::CudaCall(ERRTYPE, const char*, const char*, SUCCTYPE, const char*, const char*, int) [with ERRTYPE = cudnnStatus_t; bool THRW = true; SUCCTYPE = cudnnStatus_t; std::conditional_t<THRW, void, onnxruntime::common::Status> = void] CUDNN failure 1001: CUDNN_STATUS_NOT_INITIALIZED ; GPU=0 ; hostname=cyamsys-desktop ; file=/opt/onnxruntime/onnxruntime/core/providers/cuda/cuda_execution_provider.cc ; line=232 ; expr=cudnnCreate(&cudnn_handle_); 


[0;93m2026-08-06 13:11:36.472414902 [W:onnxruntime:Default, device_discovery.cc:211 DiscoverDevicesForPlatform] GPU device discovery failed: device_discovery.cc:91 ReadFileContents Failed to open file: "/sys/class/drm/card1/device/vendor"[m
[1;31m2026-08-06 13:11:43.203556297 [E:onnxruntime:, inference_session.cc:2579 operator()] Exception during initialization: /opt/onnxruntime/onnxruntime/core/providers/cuda/cuda_call.cc:129 std::conditional_t<THRW, void, onnxruntime::common::Status> onnxruntime::CudaCall(ERRTYPE, const char*, const char*, SUCCTYPE, const char*, const char*, int) [with ERRTYPE = cudnnStatus_t; bool THRW = true; SUCCTYPE = cudnnStatus_t; std::conditional_t<THRW, void, onnxruntime::common::Status> = void] /opt/onnxruntime/onnxruntime/core/providers/cuda/cuda_call.cc:121 std::conditional_t<THRW, void, onnxruntime::common::Status> onnxruntime::CudaCall(ERRTYPE, const char*, const char*, SUCCTYPE, const char*, const char*, int) [with ERRTYPE = cudnnStatus_t; bool THRW = true; SUCCTYPE = cudnnStatus_t; std::conditional_t<THRW, void, onnxruntime::common::Status> = void] CUDNN failure 1001: CUDNN_STATUS_NOT_INITIALIZED ; GPU=0 ; hostname=cyamsys-desktop ; file=/opt/onnxruntime/onnxruntime/core/providers/cuda/cuda_execution_provider.cc ; line=232 ; expr=cudnnCreate(&cudnn_handle_); 

[m
Loading embeddings …
  Kajal: 4 embeddings
  Prashant Kumar: 7 embeddings
  Kuldeep: 6 embeddings
  Neeraj : 5 embeddings
  Vikas Sharma: 5 embeddings
  Meraj: 5 embeddings
  Ravi Shankar: 7 embeddings
  Sunny : 4 embeddings
  Abhishek : 6 embeddings
  Aditya: 5 embeddings
  Rajan: 7 embeddings
  Rishu Kumar: 8 embeddings
  Satya : 7 embeddings
  Amitabh Prajapati: 7 embeddings
  Praveen: 6 embeddings
  Aakash: 10 embeddings
  abc: 5 embeddings
Total employees loaded: 17

Traceback (most recent call last):
  File "/home/cyamsys/Documents/HR_attendance/entry_cameras.py", line 1402, in <module>
    face_app = FaceAnalysis(
  File "/home/cyamsys/miniforge3/envs/ai/lib/python3.10/site-packages/insightface/app/face_analysis.py", line 31, in __init__
    model = model_zoo.get_model(onnx_file, **kwargs)
  File "/home/cyamsys/miniforge3/envs/ai/lib/python3.10/site-packages/insightface/model_zoo/model_zoo.py", line 96, in get_model
    model = router.get_model(providers=providers, provider_options=provider_options)
  File "/home/cyamsys/miniforge3/envs/ai/lib/python3.10/site-packages/insightface/model_zoo/model_zoo.py", line 40, in get_model
    session = PickableInferenceSession(self.onnx_file, **kwargs)
  File "/home/cyamsys/miniforge3/envs/ai/lib/python3.10/site-packages/insightface/model_zoo/model_zoo.py", line 25, in __init__
    super().__init__(model_path, **kwargs)
  File "/home/cyamsys/miniforge3/envs/ai/lib/python3.10/site-packages/onnxruntime/capi/onnxruntime_inference_collection.py", line 504, in __init__
    self._create_inference_session(providers, provider_options, disabled_optimizers)
  File "/home/cyamsys/miniforge3/envs/ai/lib/python3.10/site-packages/onnxruntime/capi/onnxruntime_inference_collection.py", line 593, in _create_inference_session
    sess.initialize_session(providers, provider_options, disabled_optimizers)
onnxruntime.capi.onnxruntime_pybind11_state.Fail: [ONNXRuntimeError] : 1 : FAIL : Exception during initialization: /opt/onnxruntime/onnxruntime/core/providers/cuda/cuda_call.cc:129 std::conditional_t<THRW, void, onnxruntime::common::Status> onnxruntime::CudaCall(ERRTYPE, const char*, const char*, SUCCTYPE, const char*, const char*, int) [with ERRTYPE = cudnnStatus_t; bool THRW = true; SUCCTYPE = cudnnStatus_t; std::conditional_t<THRW, void, onnxruntime::common::Status> = void] /opt/onnxruntime/onnxruntime/core/providers/cuda/cuda_call.cc:121 std::conditional_t<THRW, void, onnxruntime::common::Status> onnxruntime::CudaCall(ERRTYPE, const char*, const char*, SUCCTYPE, const char*, const char*, int) [with ERRTYPE = cudnnStatus_t; bool THRW = true; SUCCTYPE = cudnnStatus_t; std::conditional_t<THRW, void, onnxruntime::common::Status> = void] CUDNN failure 1001: CUDNN_STATUS_NOT_INITIALIZED ; GPU=0 ; hostname=cyamsys-desktop ; file=/opt/onnxruntime/onnxruntime/core/providers/cuda/cuda_execution_provider.cc ; line=232 ; expr=cudnnCreate(&cudnn_handle_); 


[0;93m2026-08-06 13:11:50.237139459 [W:onnxruntime:Default, device_discovery.cc:211 DiscoverDevicesForPlatform] GPU device discovery failed: device_discovery.cc:91 ReadFileContents Failed to open file: "/sys/class/drm/card1/device/vendor"[m
[1;31m2026-08-06 13:11:56.575593375 [E:onnxruntime:, inference_session.cc:2579 operator()] Exception during initialization: /opt/onnxruntime/onnxruntime/core/providers/cuda/cuda_call.cc:129 std::conditional_t<THRW, void, onnxruntime::common::Status> onnxruntime::CudaCall(ERRTYPE, const char*, const char*, SUCCTYPE, const char*, const char*, int) [with ERRTYPE = cudnnStatus_t; bool THRW = true; SUCCTYPE = cudnnStatus_t; std::conditional_t<THRW, void, onnxruntime::common::Status> = void] /opt/onnxruntime/onnxruntime/core/providers/cuda/cuda_call.cc:121 std::conditional_t<THRW, void, onnxruntime::common::Status> onnxruntime::CudaCall(ERRTYPE, const char*, const char*, SUCCTYPE, const char*, const char*, int) [with ERRTYPE = cudnnStatus_t; bool THRW = true; SUCCTYPE = cudnnStatus_t; std::conditional_t<THRW, void, onnxruntime::common::Status> = void] CUDNN failure 1001: CUDNN_STATUS_NOT_INITIALIZED ; GPU=0 ; hostname=cyamsys-desktop ; file=/opt/onnxruntime/onnxruntime/core/providers/cuda/cuda_execution_provider.cc ; line=232 ; expr=cudnnCreate(&cudnn_handle_); 

[m
Loading embeddings …
  Kajal: 4 embeddings
  Prashant Kumar: 7 embeddings
  Kuldeep: 6 embeddings
  Neeraj : 5 embeddings
  Vikas Sharma: 5 embeddings
  Meraj: 5 embeddings
  Ravi Shankar: 7 embeddings
  Sunny : 4 embeddings
  Abhishek : 6 embeddings
  Aditya: 5 embeddings
  Rajan: 7 embeddings
  Rishu Kumar: 8 embeddings
  Satya : 7 embeddings
  Amitabh Prajapati: 7 embeddings
  Praveen: 6 embeddings
  Aakash: 10 embeddings
  abc: 5 embeddings
Total employees loaded: 17

Traceback (most recent call last):
  File "/home/cyamsys/Documents/HR_attendance/entry_cameras.py", line 1402, in <module>
    face_app = FaceAnalysis(
  File "/home/cyamsys/miniforge3/envs/ai/lib/python3.10/site-packages/insightface/app/face_analysis.py", line 31, in __init__
    model = model_zoo.get_model(onnx_file, **kwargs)
  File "/home/cyamsys/miniforge3/envs/ai/lib/python3.10/site-packages/insightface/model_zoo/model_zoo.py", line 96, in get_model
    model = router.get_model(providers=providers, provider_options=provider_options)
  File "/home/cyamsys/miniforge3/envs/ai/lib/python3.10/site-packages/insightface/model_zoo/model_zoo.py", line 40, in get_model
    session = PickableInferenceSession(self.onnx_file, **kwargs)
  File "/home/cyamsys/miniforge3/envs/ai/lib/python3.10/site-packages/insightface/model_zoo/model_zoo.py", line 25, in __init__
    super().__init__(model_path, **kwargs)
  File "/home/cyamsys/miniforge3/envs/ai/lib/python3.10/site-packages/onnxruntime/capi/onnxruntime_inference_collection.py", line 504, in __init__
    self._create_inference_session(providers, provider_options, disabled_optimizers)
  File "/home/cyamsys/miniforge3/envs/ai/lib/python3.10/site-packages/onnxruntime/capi/onnxruntime_inference_collection.py", line 593, in _create_inference_session
    sess.initialize_session(providers, provider_options, disabled_optimizers)
onnxruntime.capi.onnxruntime_pybind11_state.Fail: [ONNXRuntimeError] : 1 : FAIL : Exception during initialization: /opt/onnxruntime/onnxruntime/core/providers/cuda/cuda_call.cc:129 std::conditional_t<THRW, void, onnxruntime::common::Status> onnxruntime::CudaCall(ERRTYPE, const char*, const char*, SUCCTYPE, const char*, const char*, int) [with ERRTYPE = cudnnStatus_t; bool THRW = true; SUCCTYPE = cudnnStatus_t; std::conditional_t<THRW, void, onnxruntime::common::Status> = void] /opt/onnxruntime/onnxruntime/core/providers/cuda/cuda_call.cc:121 std::conditional_t<THRW, void, onnxruntime::common::Status> onnxruntime::CudaCall(ERRTYPE, const char*, const char*, SUCCTYPE, const char*, const char*, int) [with ERRTYPE = cudnnStatus_t; bool THRW = true; SUCCTYPE = cudnnStatus_t; std::conditional_t<THRW, void, onnxruntime::common::Status> = void] CUDNN failure 1001: CUDNN_STATUS_NOT_INITIALIZED ; GPU=0 ; hostname=cyamsys-desktop ; file=/opt/onnxruntime/onnxruntime/core/providers/cuda/cuda_execution_provider.cc ; line=232 ; expr=cudnnCreate(&cudnn_handle_); 


[0;93m2026-08-06 13:12:03.750060711 [W:onnxruntime:Default, device_discovery.cc:211 DiscoverDevicesForPlatform] GPU device discovery failed: device_discovery.cc:91 ReadFileContents Failed to open file: "/sys/class/drm/card1/device/vendor"[m
[1;31m2026-08-06 13:12:10.246840676 [E:onnxruntime:, inference_session.cc:2579 operator()] Exception during initialization: /opt/onnxruntime/onnxruntime/core/providers/cuda/cuda_call.cc:129 std::conditional_t<THRW, void, onnxruntime::common::Status> onnxruntime::CudaCall(ERRTYPE, const char*, const char*, SUCCTYPE, const char*, const char*, int) [with ERRTYPE = cudnnStatus_t; bool THRW = true; SUCCTYPE = cudnnStatus_t; std::conditional_t<THRW, void, onnxruntime::common::Status> = void] /opt/onnxruntime/onnxruntime/core/providers/cuda/cuda_call.cc:121 std::conditional_t<THRW, void, onnxruntime::common::Status> onnxruntime::CudaCall(ERRTYPE, const char*, const char*, SUCCTYPE, const char*, const char*, int) [with ERRTYPE = cudnnStatus_t; bool THRW = true; SUCCTYPE = cudnnStatus_t; std::conditional_t<THRW, void, onnxruntime::common::Status> = void] CUDNN failure 1001: CUDNN_STATUS_NOT_INITIALIZED ; GPU=0 ; hostname=cyamsys-desktop ; file=/opt/onnxruntime/onnxruntime/core/providers/cuda/cuda_execution_provider.cc ; line=232 ; expr=cudnnCreate(&cudnn_handle_); 

[m
Loading embeddings …
  Kajal: 4 embeddings
  Prashant Kumar: 7 embeddings
  Kuldeep: 6 embeddings
  Neeraj : 5 embeddings
  Vikas Sharma: 5 embeddings
  Meraj: 5 embeddings
  Ravi Shankar: 7 embeddings
  Sunny : 4 embeddings
  Abhishek : 6 embeddings
  Aditya: 5 embeddings
  Rajan: 7 embeddings
  Rishu Kumar: 8 embeddings
  Satya : 7 embeddings
  Amitabh Prajapati: 7 embeddings
  Praveen: 6 embeddings
  Aakash: 10 embeddings
  abc: 5 embeddings
Total employees loaded: 17

Traceback (most recent call last):
  File "/home/cyamsys/Documents/HR_attendance/entry_cameras.py", line 1402, in <module>
    face_app = FaceAnalysis(
  File "/home/cyamsys/miniforge3/envs/ai/lib/python3.10/site-packages/insightface/app/face_analysis.py", line 31, in __init__
    model = model_zoo.get_model(onnx_file, **kwargs)
  File "/home/cyamsys/miniforge3/envs/ai/lib/python3.10/site-packages/insightface/model_zoo/model_zoo.py", line 96, in get_model
    model = router.get_model(providers=providers, provider_options=provider_options)
  File "/home/cyamsys/miniforge3/envs/ai/lib/python3.10/site-packages/insightface/model_zoo/model_zoo.py", line 40, in get_model
    session = PickableInferenceSession(self.onnx_file, **kwargs)
  File "/home/cyamsys/miniforge3/envs/ai/lib/python3.10/site-packages/insightface/model_zoo/model_zoo.py", line 25, in __init__
    super().__init__(model_path, **kwargs)
  File "/home/cyamsys/miniforge3/envs/ai/lib/python3.10/site-packages/onnxruntime/capi/onnxruntime_inference_collection.py", line 504, in __init__
    self._create_inference_session(providers, provider_options, disabled_optimizers)
  File "/home/cyamsys/miniforge3/envs/ai/lib/python3.10/site-packages/onnxruntime/capi/onnxruntime_inference_collection.py", line 593, in _create_inference_session
    sess.initialize_session(providers, provider_options, disabled_optimizers)
onnxruntime.capi.onnxruntime_pybind11_state.Fail: [ONNXRuntimeError] : 1 : FAIL : Exception during initialization: /opt/onnxruntime/onnxruntime/core/providers/cuda/cuda_call.cc:129 std::conditional_t<THRW, void, onnxruntime::common::Status> onnxruntime::CudaCall(ERRTYPE, const char*, const char*, SUCCTYPE, const char*, const char*, int) [with ERRTYPE = cudnnStatus_t; bool THRW = true; SUCCTYPE = cudnnStatus_t; std::conditional_t<THRW, void, onnxruntime::common::Status> = void] /opt/onnxruntime/onnxruntime/core/providers/cuda/cuda_call.cc:121 std::conditional_t<THRW, void, onnxruntime::common::Status> onnxruntime::CudaCall(ERRTYPE, const char*, const char*, SUCCTYPE, const char*, const char*, int) [with ERRTYPE = cudnnStatus_t; bool THRW = true; SUCCTYPE = cudnnStatus_t; std::conditional_t<THRW, void, onnxruntime::common::Status> = void] CUDNN failure 1001: CUDNN_STATUS_NOT_INITIALIZED ; GPU=0 ; hostname=cyamsys-desktop ; file=/opt/onnxruntime/onnxruntime/core/providers/cuda/cuda_execution_provider.cc ; line=232 ; expr=cudnnCreate(&cudnn_handle_); 


[0;93m2026-08-06 13:12:17.471531277 [W:onnxruntime:Default, device_discovery.cc:211 DiscoverDevicesForPlatform] GPU device discovery failed: device_discovery.cc:91 ReadFileContents Failed to open file: "/sys/class/drm/card1/device/vendor"[m
[1;31m2026-08-06 13:12:23.966538733 [E:onnxruntime:, inference_session.cc:2579 operator()] Exception during initialization: /opt/onnxruntime/onnxruntime/core/providers/cuda/cuda_call.cc:129 std::conditional_t<THRW, void, onnxruntime::common::Status> onnxruntime::CudaCall(ERRTYPE, const char*, const char*, SUCCTYPE, const char*, const char*, int) [with ERRTYPE = cudnnStatus_t; bool THRW = true; SUCCTYPE = cudnnStatus_t; std::conditional_t<THRW, void, onnxruntime::common::Status> = void] /opt/onnxruntime/onnxruntime/core/providers/cuda/cuda_call.cc:121 std::conditional_t<THRW, void, onnxruntime::common::Status> onnxruntime::CudaCall(ERRTYPE, const char*, const char*, SUCCTYPE, const char*, const char*, int) [with ERRTYPE = cudnnStatus_t; bool THRW = true; SUCCTYPE = cudnnStatus_t; std::conditional_t<THRW, void, onnxruntime::common::Status> = void] CUDNN failure 1001: CUDNN_STATUS_NOT_INITIALIZED ; GPU=0 ; hostname=cyamsys-desktop ; file=/opt/onnxruntime/onnxruntime/core/providers/cuda/cuda_execution_provider.cc ; line=232 ; expr=cudnnCreate(&cudnn_handle_); 

[m
Loading embeddings …
  Kajal: 4 embeddings
  Prashant Kumar: 7 embeddings
  Kuldeep: 6 embeddings
  Neeraj : 5 embeddings
  Vikas Sharma: 5 embeddings
  Meraj: 5 embeddings
  Ravi Shankar: 7 embeddings
  Sunny : 4 embeddings
  Abhishek : 6 embeddings
  Aditya: 5 embeddings
  Rajan: 7 embeddings
  Rishu Kumar: 8 embeddings
  Satya : 7 embeddings
  Amitabh Prajapati: 7 embeddings
  Praveen: 6 embeddings
  Aakash: 10 embeddings
  abc: 5 embeddings
Total employees loaded: 17

Traceback (most recent call last):
  File "/home/cyamsys/Documents/HR_attendance/entry_cameras.py", line 1402, in <module>
    face_app = FaceAnalysis(
  File "/home/cyamsys/miniforge3/envs/ai/lib/python3.10/site-packages/insightface/app/face_analysis.py", line 31, in __init__
    model = model_zoo.get_model(onnx_file, **kwargs)
  File "/home/cyamsys/miniforge3/envs/ai/lib/python3.10/site-packages/insightface/model_zoo/model_zoo.py", line 96, in get_model
    model = router.get_model(providers=providers, provider_options=provider_options)
  File "/home/cyamsys/miniforge3/envs/ai/lib/python3.10/site-packages/insightface/model_zoo/model_zoo.py", line 40, in get_model
    session = PickableInferenceSession(self.onnx_file, **kwargs)
  File "/home/cyamsys/miniforge3/envs/ai/lib/python3.10/site-packages/insightface/model_zoo/model_zoo.py", line 25, in __init__
    super().__init__(model_path, **kwargs)
  File "/home/cyamsys/miniforge3/envs/ai/lib/python3.10/site-packages/onnxruntime/capi/onnxruntime_inference_collection.py", line 504, in __init__
    self._create_inference_session(providers, provider_options, disabled_optimizers)
  File "/home/cyamsys/miniforge3/envs/ai/lib/python3.10/site-packages/onnxruntime/capi/onnxruntime_inference_collection.py", line 593, in _create_inference_session
    sess.initialize_session(providers, provider_options, disabled_optimizers)
onnxruntime.capi.onnxruntime_pybind11_state.Fail: [ONNXRuntimeError] : 1 : FAIL : Exception during initialization: /opt/onnxruntime/onnxruntime/core/providers/cuda/cuda_call.cc:129 std::conditional_t<THRW, void, onnxruntime::common::Status> onnxruntime::CudaCall(ERRTYPE, const char*, const char*, SUCCTYPE, const char*, const char*, int) [with ERRTYPE = cudnnStatus_t; bool THRW = true; SUCCTYPE = cudnnStatus_t; std::conditional_t<THRW, void, onnxruntime::common::Status> = void] /opt/onnxruntime/onnxruntime/core/providers/cuda/cuda_call.cc:121 std::conditional_t<THRW, void, onnxruntime::common::Status> onnxruntime::CudaCall(ERRTYPE, const char*, const char*, SUCCTYPE, const char*, const char*, int) [with ERRTYPE = cudnnStatus_t; bool THRW = true; SUCCTYPE = cudnnStatus_t; std::conditional_t<THRW, void, onnxruntime::common::Status> = void] CUDNN failure 1001: CUDNN_STATUS_NOT_INITIALIZED ; GPU=0 ; hostname=cyamsys-desktop ; file=/opt/onnxruntime/onnxruntime/core/providers/cuda/cuda_execution_provider.cc ; line=232 ; expr=cudnnCreate(&cudnn_handle_); 


[0;93m2026-08-06 13:12:30.956611191 [W:onnxruntime:Default, device_discovery.cc:211 DiscoverDevicesForPlatform] GPU device discovery failed: device_discovery.cc:91 ReadFileContents Failed to open file: "/sys/class/drm/card1/device/vendor"[m
[0;93m2026-08-06 13:12:33.631477306 [W:onnxruntime:Default, device_discovery.cc:211 DiscoverDevicesForPlatform] GPU device discovery failed: device_discovery.cc:91 ReadFileContents Failed to open file: "/sys/class/drm/card1/device/vendor"[m
[0;93m2026-08-06 13:24:28.138107409 [W:onnxruntime:Default, device_discovery.cc:211 DiscoverDevicesForPlatform] GPU device discovery failed: device_discovery.cc:91 ReadFileContents Failed to open file: "/sys/class/drm/card1/device/vendor"[m
[0;93m2026-08-06 13:40:29.454514408 [W:onnxruntime:Default, device_discovery.cc:211 DiscoverDevicesForPlatform] GPU device discovery failed: device_discovery.cc:91 ReadFileContents Failed to open file: "/sys/class/drm/card1/device/vendor"[m
Loading embeddings …
  Kajal: 4 embeddings
  Prashant Kumar: 7 embeddings
  Kuldeep: 6 embeddings
  Neeraj : 5 embeddings
  Vikas Sharma: 5 embeddings
  Meraj: 5 embeddings
  Ravi Shankar: 7 embeddings
  Sunny : 4 embeddings
  Abhishek : 6 embeddings
  Aditya: 5 embeddings
  Rajan: 7 embeddings
  Rishu Kumar: 8 embeddings
  Satya : 7 embeddings
  Amitabh Prajapati: 7 embeddings
  Praveen: 6 embeddings
  Aakash: 10 embeddings
  abc: 5 embeddings
Total employees loaded: 17

[0;93m2026-08-06 14:02:42.088759494 [W:onnxruntime:Default, device_discovery.cc:211 DiscoverDevicesForPlatform] GPU device discovery failed: device_discovery.cc:91 ReadFileContents Failed to open file: "/sys/class/drm/card1/device/vendor"[m
Applied providers: ['CUDAExecutionProvider', 'CPUExecutionProvider'], with options: {'CPUExecutionProvider': {}, 'CUDAExecutionProvider': {'sdpa_kernel': '0', 'use_tf32': '1', 'fuse_conv_bias': '0', 'prefer_nhwc': '0', 'tunable_op_max_tuning_duration_ms': '0', 'enable_skip_layer_norm_strict_mode': '0', 'tunable_op_tuning_enable': '0', 'tunable_op_enable': '0', 'use_ep_level_unified_stream': '0', 'device_id': '0', 'has_user_compute_stream': '0', 'gpu_external_empty_cache': '0', 'cudnn_conv_algo_search': 'EXHAUSTIVE', 'cudnn_conv1d_pad_to_nc1d': '0', 'gpu_mem_limit': '18446744073709551615', 'gpu_external_alloc': '0', 'gpu_external_free': '0', 'arena_extend_strategy': 'kNextPowerOfTwo', 'do_copy_in_default_stream': '1', 'enable_cuda_graph': '0', 'user_compute_stream': '0', 'cudnn_conv_use_max_workspace': '1'}}
find model: /home/cyamsys/.insightface/models/buffalo_l/1k3d68.onnx landmark_3d_68 ['None', 3, 192, 192] 0.0 1.0
Applied providers: ['CUDAExecutionProvider', 'CPUExecutionProvider'], with options: {'CPUExecutionProvider': {}, 'CUDAExecutionProvider': {'sdpa_kernel': '0', 'use_tf32': '1', 'fuse_conv_bias': '0', 'prefer_nhwc': '0', 'tunable_op_max_tuning_duration_ms': '0', 'enable_skip_layer_norm_strict_mode': '0', 'tunable_op_tuning_enable': '0', 'tunable_op_enable': '0', 'use_ep_level_unified_stream': '0', 'device_id': '0', 'has_user_compute_stream': '0', 'gpu_external_empty_cache': '0', 'cudnn_conv_algo_search': 'EXHAUSTIVE', 'cudnn_conv1d_pad_to_nc1d': '0', 'gpu_mem_limit': '18446744073709551615', 'gpu_external_alloc': '0', 'gpu_external_free': '0', 'arena_extend_strategy': 'kNextPowerOfTwo', 'do_copy_in_default_stream': '1', 'enable_cuda_graph': '0', 'user_compute_stream': '0', 'cudnn_conv_use_max_workspace': '1'}}
find model: /home/cyamsys/.insightface/models/buffalo_l/2d106det.onnx landmark_2d_106 ['None', 3, 192, 192] 0.0 1.0
Applied providers: ['CUDAExecutionProvider', 'CPUExecutionProvider'], with options: {'CPUExecutionProvider': {}, 'CUDAExecutionProvider': {'sdpa_kernel': '0', 'use_tf32': '1', 'fuse_conv_bias': '0', 'prefer_nhwc': '0', 'tunable_op_max_tuning_duration_ms': '0', 'enable_skip_layer_norm_strict_mode': '0', 'tunable_op_tuning_enable': '0', 'tunable_op_enable': '0', 'use_ep_level_unified_stream': '0', 'device_id': '0', 'has_user_compute_stream': '0', 'gpu_external_empty_cache': '0', 'cudnn_conv_algo_search': 'EXHAUSTIVE', 'cudnn_conv1d_pad_to_nc1d': '0', 'gpu_mem_limit': '18446744073709551615', 'gpu_external_alloc': '0', 'gpu_external_free': '0', 'arena_extend_strategy': 'kNextPowerOfTwo', 'do_copy_in_default_stream': '1', 'enable_cuda_graph': '0', 'user_compute_stream': '0', 'cudnn_conv_use_max_workspace': '1'}}
find model: /home/cyamsys/.insightface/models/buffalo_l/det_10g.onnx detection [1, 3, '?', '?'] 127.5 128.0
Applied providers: ['CUDAExecutionProvider', 'CPUExecutionProvider'], with options: {'CPUExecutionProvider': {}, 'CUDAExecutionProvider': {'sdpa_kernel': '0', 'use_tf32': '1', 'fuse_conv_bias': '0', 'prefer_nhwc': '0', 'tunable_op_max_tuning_duration_ms': '0', 'enable_skip_layer_norm_strict_mode': '0', 'tunable_op_tuning_enable': '0', 'tunable_op_enable': '0', 'use_ep_level_unified_stream': '0', 'device_id': '0', 'has_user_compute_stream': '0', 'gpu_external_empty_cache': '0', 'cudnn_conv_algo_search': 'EXHAUSTIVE', 'cudnn_conv1d_pad_to_nc1d': '0', 'gpu_mem_limit': '18446744073709551615', 'gpu_external_alloc': '0', 'gpu_external_free': '0', 'arena_extend_strategy': 'kNextPowerOfTwo', 'do_copy_in_default_stream': '1', 'enable_cuda_graph': '0', 'user_compute_stream': '0', 'cudnn_conv_use_max_workspace': '1'}}
find model: /home/cyamsys/.insightface/models/buffalo_l/genderage.onnx genderage ['None', 3, 96, 96] 0.0 1.0
Applied providers: ['CUDAExecutionProvider', 'CPUExecutionProvider'], with options: {'CPUExecutionProvider': {}, 'CUDAExecutionProvider': {'sdpa_kernel': '0', 'use_tf32': '1', 'fuse_conv_bias': '0', 'prefer_nhwc': '0', 'tunable_op_max_tuning_duration_ms': '0', 'enable_skip_layer_norm_strict_mode': '0', 'tunable_op_tuning_enable': '0', 'tunable_op_enable': '0', 'use_ep_level_unified_stream': '0', 'device_id': '0', 'has_user_compute_stream': '0', 'gpu_external_empty_cache': '0', 'cudnn_conv_algo_search': 'EXHAUSTIVE', 'cudnn_conv1d_pad_to_nc1d': '0', 'gpu_mem_limit': '18446744073709551615', 'gpu_external_alloc': '0', 'gpu_external_free': '0', 'arena_extend_strategy': 'kNextPowerOfTwo', 'do_copy_in_default_stream': '1', 'enable_cuda_graph': '0', 'user_compute_stream': '0', 'cudnn_conv_use_max_workspace': '1'}}
find model: /home/cyamsys/.insightface/models/buffalo_l/w600k_r50.onnx recognition ['None', 3, 112, 112] 127.5 127.5
set det-size: (320, 320)
[cache] Startup: 0 employee(s) ka status SQLite (pending) se load kiya.
[db] Supabase connection OK.
[db] Sync worker started:
     Interval : 300s (5 min)
     Purge    : 7 din baad (synced rows only)
     Queue    : /home/cyamsys/Desktop/test_Attendance/HR_attendance/offline_queue.db
[reload] Embeddings watcher started (check every 10s)
[Entry-1] Trying GStreamer:
  rtspsrc location="rtsp://192.168.1.101:554/video/live?channel=1&subtype=1" user-id="admin" user-pw="Tts@110092" latency=100 protocols=tcp ! decodebin ! videoconvert ! videoscale ! video/x-raw,width=1280,height=720,format=BGR ! appsink drop=true max-buffers=1 sync=false
[Entry-1] ⚠️  GStreamer failed — FFmpeg fallback
[Entry-1] Trying FFmpeg: rtsp://admin:Tts%40110092@192.168.1.101:554/video/live?channel=1&subtype=1
[Entry-1] ✅ FFmpeg stream opened
[Entry-2] Trying GStreamer:
  rtspsrc location="rtsp://192.168.1.104:554/video/live?channel=1&subtype=1" user-id="admin" user-pw="Tts@110092" latency=100 protocols=tcp ! decodebin ! videoconvert ! videoscale ! video/x-raw,width=1280,height=720,format=BGR ! appsink drop=true max-buffers=1 sync=false
[Entry-2] ⚠️  GStreamer failed — FFmpeg fallback
[Entry-2] Trying FFmpeg: rtsp://admin:Tts%40110092@192.168.1.104:554/video/live?channel=1&subtype=1
[Entry-2] ✅ FFmpeg stream opened
[Entry-4] Trying GStreamer:
  rtspsrc location="rtsp://192.168.1.106:554/video/live?channel=1&subtype=1" user-id="admin" user-pw="Tts@110092" latency=100 protocols=tcp ! decodebin ! videoconvert ! videoscale ! video/x-raw,width=1280,height=720,format=BGR ! appsink drop=true max-buffers=1 sync=false
[Entry-4] ⚠️  GStreamer failed — FFmpeg fallback
[Entry-4] Trying FFmpeg: rtsp://admin:Tts%40110092@192.168.1.106:554/video/live?channel=1&subtype=1
[Entry-4] ✅ FFmpeg stream opened
[main] Headless mode — cameras running in background, no display
[ WARN:3@1871.411] global cap_ffmpeg_impl.hpp:453 _opencv_ffmpeg_interrupt_callback Stream timeout triggered after 30043.385101 ms
[ WARN:4@1871.423] global cap_ffmpeg_impl.hpp:453 _opencv_ffmpeg_interrupt_callback Stream timeout triggered after 30043.432430 ms
[ WARN:5@1871.423] global cap_ffmpeg_impl.hpp:453 _opencv_ffmpeg_interrupt_callback Stream timeout triggered after 30041.473263 ms
[ WARN:3@1901.459] global cap_ffmpeg_impl.hpp:453 _opencv_ffmpeg_interrupt_callback Stream timeout triggered after 30043.670401 ms
[ WARN:5@1901.468] global cap_ffmpeg_impl.hpp:453 _opencv_ffmpeg_interrupt_callback Stream timeout triggered after 30041.065101 ms
[ WARN:4@1901.468] global cap_ffmpeg_impl.hpp:453 _opencv_ffmpeg_interrupt_callback Stream timeout triggered after 30041.192305 ms
[ WARN:3@1931.534] global cap_ffmpeg_impl.hpp:453 _opencv_ffmpeg_interrupt_callback Stream timeout triggered after 30042.873525 ms
[Entry-2] Stream lost — reconnecting …
[ WARN:4@1931.547] global cap_ffmpeg_impl.hpp:453 _opencv_ffmpeg_interrupt_callback Stream timeout triggered after 30041.530218 ms
[ WARN:5@1931.547] global cap_ffmpeg_impl.hpp:453 _opencv_ffmpeg_interrupt_callback Stream timeout triggered after 30041.518729 ms
[Entry-4] Stream lost — reconnecting …[Entry-1] Stream lost — reconnecting …

[Entry-2] Reconnecting via FFmpeg …
[Entry-2] Trying FFmpeg: rtsp://admin:Tts%40110092@192.168.1.104:554/video/live?channel=1&subtype=1
[Entry-4] Reconnecting via FFmpeg …
[Entry-4] Trying FFmpeg: rtsp://admin:Tts%40110092@192.168.1.106:554/video/live?channel=1&subtype=1
[Entry-1] Reconnecting via FFmpeg …
[Entry-1] Trying FFmpeg: rtsp://admin:Tts%40110092@192.168.1.101:554/video/live?channel=1&subtype=1
[Entry-2] ✅ FFmpeg stream opened
[Entry-4] ✅ FFmpeg stream opened
[Entry-1] ✅ FFmpeg stream opened
Loading embeddings …
  Kajal: 4 embeddings
  Prashant Kumar: 7 embeddings
  Kuldeep: 6 embeddings
  Neeraj : 5 embeddings
  Vikas Sharma: 5 embeddings
  Meraj: 5 embeddings
  Ravi Shankar: 7 embeddings
  Sunny : 4 embeddings
  Abhishek : 6 embeddings
  Aditya: 5 embeddings
  Rajan: 7 embeddings
  Rishu Kumar: 8 embeddings
  Satya : 7 embeddings
  Amitabh Prajapati: 7 embeddings
  Praveen: 6 embeddings
  Aakash: 10 embeddings
  abc: 5 embeddings
Total employees loaded: 17

[0;93m2026-08-06 14:41:52.950541805 [W:onnxruntime:Default, device_discovery.cc:211 DiscoverDevicesForPlatform] GPU device discovery failed: device_discovery.cc:91 ReadFileContents Failed to open file: "/sys/class/drm/card1/device/vendor"[m
Applied providers: ['CUDAExecutionProvider', 'CPUExecutionProvider'], with options: {'CPUExecutionProvider': {}, 'CUDAExecutionProvider': {'sdpa_kernel': '0', 'use_tf32': '1', 'fuse_conv_bias': '0', 'prefer_nhwc': '0', 'tunable_op_max_tuning_duration_ms': '0', 'enable_skip_layer_norm_strict_mode': '0', 'tunable_op_tuning_enable': '0', 'tunable_op_enable': '0', 'use_ep_level_unified_stream': '0', 'device_id': '0', 'has_user_compute_stream': '0', 'gpu_external_empty_cache': '0', 'cudnn_conv_algo_search': 'EXHAUSTIVE', 'cudnn_conv1d_pad_to_nc1d': '0', 'gpu_mem_limit': '18446744073709551615', 'gpu_external_alloc': '0', 'gpu_external_free': '0', 'arena_extend_strategy': 'kNextPowerOfTwo', 'do_copy_in_default_stream': '1', 'enable_cuda_graph': '0', 'user_compute_stream': '0', 'cudnn_conv_use_max_workspace': '1'}}
find model: /home/cyamsys/.insightface/models/buffalo_l/1k3d68.onnx landmark_3d_68 ['None', 3, 192, 192] 0.0 1.0
Applied providers: ['CUDAExecutionProvider', 'CPUExecutionProvider'], with options: {'CPUExecutionProvider': {}, 'CUDAExecutionProvider': {'sdpa_kernel': '0', 'use_tf32': '1', 'fuse_conv_bias': '0', 'prefer_nhwc': '0', 'tunable_op_max_tuning_duration_ms': '0', 'enable_skip_layer_norm_strict_mode': '0', 'tunable_op_tuning_enable': '0', 'tunable_op_enable': '0', 'use_ep_level_unified_stream': '0', 'device_id': '0', 'has_user_compute_stream': '0', 'gpu_external_empty_cache': '0', 'cudnn_conv_algo_search': 'EXHAUSTIVE', 'cudnn_conv1d_pad_to_nc1d': '0', 'gpu_mem_limit': '18446744073709551615', 'gpu_external_alloc': '0', 'gpu_external_free': '0', 'arena_extend_strategy': 'kNextPowerOfTwo', 'do_copy_in_default_stream': '1', 'enable_cuda_graph': '0', 'user_compute_stream': '0', 'cudnn_conv_use_max_workspace': '1'}}
find model: /home/cyamsys/.insightface/models/buffalo_l/2d106det.onnx landmark_2d_106 ['None', 3, 192, 192] 0.0 1.0
Applied providers: ['CUDAExecutionProvider', 'CPUExecutionProvider'], with options: {'CPUExecutionProvider': {}, 'CUDAExecutionProvider': {'sdpa_kernel': '0', 'use_tf32': '1', 'fuse_conv_bias': '0', 'prefer_nhwc': '0', 'tunable_op_max_tuning_duration_ms': '0', 'enable_skip_layer_norm_strict_mode': '0', 'tunable_op_tuning_enable': '0', 'tunable_op_enable': '0', 'use_ep_level_unified_stream': '0', 'device_id': '0', 'has_user_compute_stream': '0', 'gpu_external_empty_cache': '0', 'cudnn_conv_algo_search': 'EXHAUSTIVE', 'cudnn_conv1d_pad_to_nc1d': '0', 'gpu_mem_limit': '18446744073709551615', 'gpu_external_alloc': '0', 'gpu_external_free': '0', 'arena_extend_strategy': 'kNextPowerOfTwo', 'do_copy_in_default_stream': '1', 'enable_cuda_graph': '0', 'user_compute_stream': '0', 'cudnn_conv_use_max_workspace': '1'}}
find model: /home/cyamsys/.insightface/models/buffalo_l/det_10g.onnx detection [1, 3, '?', '?'] 127.5 128.0
Applied providers: ['CUDAExecutionProvider', 'CPUExecutionProvider'], with options: {'CPUExecutionProvider': {}, 'CUDAExecutionProvider': {'sdpa_kernel': '0', 'use_tf32': '1', 'fuse_conv_bias': '0', 'prefer_nhwc': '0', 'tunable_op_max_tuning_duration_ms': '0', 'enable_skip_layer_norm_strict_mode': '0', 'tunable_op_tuning_enable': '0', 'tunable_op_enable': '0', 'use_ep_level_unified_stream': '0', 'device_id': '0', 'has_user_compute_stream': '0', 'gpu_external_empty_cache': '0', 'cudnn_conv_algo_search': 'EXHAUSTIVE', 'cudnn_conv1d_pad_to_nc1d': '0', 'gpu_mem_limit': '18446744073709551615', 'gpu_external_alloc': '0', 'gpu_external_free': '0', 'arena_extend_strategy': 'kNextPowerOfTwo', 'do_copy_in_default_stream': '1', 'enable_cuda_graph': '0', 'user_compute_stream': '0', 'cudnn_conv_use_max_workspace': '1'}}
find model: /home/cyamsys/.insightface/models/buffalo_l/genderage.onnx genderage ['None', 3, 96, 96] 0.0 1.0
Applied providers: ['CUDAExecutionProvider', 'CPUExecutionProvider'], with options: {'CPUExecutionProvider': {}, 'CUDAExecutionProvider': {'sdpa_kernel': '0', 'use_tf32': '1', 'fuse_conv_bias': '0', 'prefer_nhwc': '0', 'tunable_op_max_tuning_duration_ms': '0', 'enable_skip_layer_norm_strict_mode': '0', 'tunable_op_tuning_enable': '0', 'tunable_op_enable': '0', 'use_ep_level_unified_stream': '0', 'device_id': '0', 'has_user_compute_stream': '0', 'gpu_external_empty_cache': '0', 'cudnn_conv_algo_search': 'EXHAUSTIVE', 'cudnn_conv1d_pad_to_nc1d': '0', 'gpu_mem_limit': '18446744073709551615', 'gpu_external_alloc': '0', 'gpu_external_free': '0', 'arena_extend_strategy': 'kNextPowerOfTwo', 'do_copy_in_default_stream': '1', 'enable_cuda_graph': '0', 'user_compute_stream': '0', 'cudnn_conv_use_max_workspace': '1'}}
find model: /home/cyamsys/.insightface/models/buffalo_l/w600k_r50.onnx recognition ['None', 3, 112, 112] 127.5 127.5
set det-size: (320, 320)
[cache] Startup: 0 employee(s) ka status SQLite (pending) se load kiya.
[db] Supabase connection OK.
[db] Sync worker started:
     Interval : 300s (5 min)
     Purge    : 7 din baad (synced rows only)
     Queue    : /home/cyamsys/Desktop/test_Attendance/HR_attendance/offline_queue.db
[reload] Embeddings watcher started (check every 10s)
[Entry-1] Trying GStreamer:
  rtspsrc location="rtsp://192.168.1.101:554/video/live?channel=1&subtype=1" user-id="admin" user-pw="Tts@110092" latency=100 protocols=tcp ! decodebin ! videoconvert ! videoscale ! video/x-raw,width=1280,height=720,format=BGR ! appsink drop=true max-buffers=1 sync=false
[Entry-1] ⚠️  GStreamer failed — FFmpeg fallback
[Entry-1] Trying FFmpeg: rtsp://admin:Tts%40110092@192.168.1.101:554/video/live?channel=1&subtype=1
[Entry-1] ✅ FFmpeg stream opened
[Entry-2] Trying GStreamer:
  rtspsrc location="rtsp://192.168.1.104:554/video/live?channel=1&subtype=1" user-id="admin" user-pw="Tts@110092" latency=100 protocols=tcp ! decodebin ! videoconvert ! videoscale ! video/x-raw,width=1280,height=720,format=BGR ! appsink drop=true max-buffers=1 sync=false
[Entry-2] ⚠️  GStreamer failed — FFmpeg fallback
[Entry-2] Trying FFmpeg: rtsp://admin:Tts%40110092@192.168.1.104:554/video/live?channel=1&subtype=1
[Entry-2] ✅ FFmpeg stream opened
[Entry-4] Trying GStreamer:
  rtspsrc location="rtsp://192.168.1.106:554/video/live?channel=1&subtype=1" user-id="admin" user-pw="Tts@110092" latency=100 protocols=tcp ! decodebin ! videoconvert ! videoscale ! video/x-raw,width=1280,height=720,format=BGR ! appsink drop=true max-buffers=1 sync=false
[Entry-4] ⚠️  GStreamer failed — FFmpeg fallback
[Entry-4] Trying FFmpeg: rtsp://admin:Tts%40110092@192.168.1.106:554/video/live?channel=1&subtype=1
[Entry-4] ✅ FFmpeg stream opened
[main] Headless mode — cameras running in background, no display
[reload] embeddings.pkl changed — reloading ...
[reload] ✅ embeddings.pkl reloaded — 16 employee(s) active.
[SQLite] Saved → Satya  | Present | 15:28:53 | Entry-1
[FIRST ENTRY] Satya  via Entry-1 at 15:28:53 — SQLite saved, Supabase sync 5 min mein
[sync] 1 pending row(s) — Supabase push shuru ...
[sync] PUSHED → Satya  | Present | 2026-08-06 15:28:53
[sync] COMPLETE — pushed:1 | skipped:0 | failed:0 | still pending:0
[reload] embeddings.pkl changed — reloading ...
[reload] ✅ embeddings.pkl reloaded — 17 employee(s) active.
[reload] embeddings.pkl changed — reloading ...
[reload] ✅ embeddings.pkl reloaded — 18 employee(s) active.
[reload] embeddings.pkl changed — reloading ...
[reload] ✅ embeddings.pkl reloaded — 18 employee(s) active.
[reload] embeddings.pkl changed — reloading ...
[reload] ✅ embeddings.pkl reloaded — 16 employee(s) active.
[SQLite] Saved → Meraj | Present | 15:53:11 | Entry-2
[RE-ENTRY] Meraj via Entry-2 at 15:53:11 — SQLite saved, Supabase sync 5 min mein
[reload] embeddings.pkl changed — reloading ...
[reload] ✅ embeddings.pkl reloaded — 17 employee(s) active.
[SQLite] Saved → RemoteAddTest | Present | 16:34:13 | Entry-1
[FIRST ENTRY] RemoteAddTest via Entry-1 at 16:34:13 — SQLite saved, Supabase sync 5 min mein
[reload] embeddings.pkl changed — reloading ...
[reload] ✅ embeddings.pkl reloaded — 16 employee(s) active.
Loading embeddings …
  Kajal: 4 embeddings
  Prashant Kumar: 7 embeddings
  Kuldeep: 6 embeddings
  Neeraj : 5 embeddings
  Vikas Sharma: 5 embeddings
  Meraj: 5 embeddings
  Ravi Shankar: 7 embeddings
  Sunny : 4 embeddings
  Abhishek : 6 embeddings
  Aditya: 5 embeddings
  Rajan: 7 embeddings
  Rishu Kumar: 8 embeddings
  Satya : 7 embeddings
  Amitabh Prajapati: 7 embeddings
  Praveen: 6 embeddings
  Aakash: 10 embeddings
Total employees loaded: 16

[0;93m2026-08-06 16:36:27.030489456 [W:onnxruntime:Default, device_discovery.cc:211 DiscoverDevicesForPlatform] GPU device discovery failed: device_discovery.cc:91 ReadFileContents Failed to open file: "/sys/class/drm/card1/device/vendor"[m
Applied providers: ['CUDAExecutionProvider', 'CPUExecutionProvider'], with options: {'CPUExecutionProvider': {}, 'CUDAExecutionProvider': {'sdpa_kernel': '0', 'use_tf32': '1', 'fuse_conv_bias': '0', 'prefer_nhwc': '0', 'tunable_op_max_tuning_duration_ms': '0', 'enable_skip_layer_norm_strict_mode': '0', 'tunable_op_tuning_enable': '0', 'tunable_op_enable': '0', 'use_ep_level_unified_stream': '0', 'device_id': '0', 'has_user_compute_stream': '0', 'gpu_external_empty_cache': '0', 'cudnn_conv_algo_search': 'EXHAUSTIVE', 'cudnn_conv1d_pad_to_nc1d': '0', 'gpu_mem_limit': '18446744073709551615', 'gpu_external_alloc': '0', 'gpu_external_free': '0', 'arena_extend_strategy': 'kNextPowerOfTwo', 'do_copy_in_default_stream': '1', 'enable_cuda_graph': '0', 'user_compute_stream': '0', 'cudnn_conv_use_max_workspace': '1'}}
find model: /home/cyamsys/.insightface/models/buffalo_l/1k3d68.onnx landmark_3d_68 ['None', 3, 192, 192] 0.0 1.0
Applied providers: ['CUDAExecutionProvider', 'CPUExecutionProvider'], with options: {'CPUExecutionProvider': {}, 'CUDAExecutionProvider': {'sdpa_kernel': '0', 'use_tf32': '1', 'fuse_conv_bias': '0', 'prefer_nhwc': '0', 'tunable_op_max_tuning_duration_ms': '0', 'enable_skip_layer_norm_strict_mode': '0', 'tunable_op_tuning_enable': '0', 'tunable_op_enable': '0', 'use_ep_level_unified_stream': '0', 'device_id': '0', 'has_user_compute_stream': '0', 'gpu_external_empty_cache': '0', 'cudnn_conv_algo_search': 'EXHAUSTIVE', 'cudnn_conv1d_pad_to_nc1d': '0', 'gpu_mem_limit': '18446744073709551615', 'gpu_external_alloc': '0', 'gpu_external_free': '0', 'arena_extend_strategy': 'kNextPowerOfTwo', 'do_copy_in_default_stream': '1', 'enable_cuda_graph': '0', 'user_compute_stream': '0', 'cudnn_conv_use_max_workspace': '1'}}
find model: /home/cyamsys/.insightface/models/buffalo_l/2d106det.onnx landmark_2d_106 ['None', 3, 192, 192] 0.0 1.0
Applied providers: ['CUDAExecutionProvider', 'CPUExecutionProvider'], with options: {'CPUExecutionProvider': {}, 'CUDAExecutionProvider': {'sdpa_kernel': '0', 'use_tf32': '1', 'fuse_conv_bias': '0', 'prefer_nhwc': '0', 'tunable_op_max_tuning_duration_ms': '0', 'enable_skip_layer_norm_strict_mode': '0', 'tunable_op_tuning_enable': '0', 'tunable_op_enable': '0', 'use_ep_level_unified_stream': '0', 'device_id': '0', 'has_user_compute_stream': '0', 'gpu_external_empty_cache': '0', 'cudnn_conv_algo_search': 'EXHAUSTIVE', 'cudnn_conv1d_pad_to_nc1d': '0', 'gpu_mem_limit': '18446744073709551615', 'gpu_external_alloc': '0', 'gpu_external_free': '0', 'arena_extend_strategy': 'kNextPowerOfTwo', 'do_copy_in_default_stream': '1', 'enable_cuda_graph': '0', 'user_compute_stream': '0', 'cudnn_conv_use_max_workspace': '1'}}
find model: /home/cyamsys/.insightface/models/buffalo_l/det_10g.onnx detection [1, 3, '?', '?'] 127.5 128.0
Applied providers: ['CUDAExecutionProvider', 'CPUExecutionProvider'], with options: {'CPUExecutionProvider': {}, 'CUDAExecutionProvider': {'sdpa_kernel': '0', 'use_tf32': '1', 'fuse_conv_bias': '0', 'prefer_nhwc': '0', 'tunable_op_max_tuning_duration_ms': '0', 'enable_skip_layer_norm_strict_mode': '0', 'tunable_op_tuning_enable': '0', 'tunable_op_enable': '0', 'use_ep_level_unified_stream': '0', 'device_id': '0', 'has_user_compute_stream': '0', 'gpu_external_empty_cache': '0', 'cudnn_conv_algo_search': 'EXHAUSTIVE', 'cudnn_conv1d_pad_to_nc1d': '0', 'gpu_mem_limit': '18446744073709551615', 'gpu_external_alloc': '0', 'gpu_external_free': '0', 'arena_extend_strategy': 'kNextPowerOfTwo', 'do_copy_in_default_stream': '1', 'enable_cuda_graph': '0', 'user_compute_stream': '0', 'cudnn_conv_use_max_workspace': '1'}}
find model: /home/cyamsys/.insightface/models/buffalo_l/genderage.onnx genderage ['None', 3, 96, 96] 0.0 1.0
Applied providers: ['CUDAExecutionProvider', 'CPUExecutionProvider'], with options: {'CPUExecutionProvider': {}, 'CUDAExecutionProvider': {'sdpa_kernel': '0', 'use_tf32': '1', 'fuse_conv_bias': '0', 'prefer_nhwc': '0', 'tunable_op_max_tuning_duration_ms': '0', 'enable_skip_layer_norm_strict_mode': '0', 'tunable_op_tuning_enable': '0', 'tunable_op_enable': '0', 'use_ep_level_unified_stream': '0', 'device_id': '0', 'has_user_compute_stream': '0', 'gpu_external_empty_cache': '0', 'cudnn_conv_algo_search': 'EXHAUSTIVE', 'cudnn_conv1d_pad_to_nc1d': '0', 'gpu_mem_limit': '18446744073709551615', 'gpu_external_alloc': '0', 'gpu_external_free': '0', 'arena_extend_strategy': 'kNextPowerOfTwo', 'do_copy_in_default_stream': '1', 'enable_cuda_graph': '0', 'user_compute_stream': '0', 'cudnn_conv_use_max_workspace': '1'}}
find model: /home/cyamsys/.insightface/models/buffalo_l/w600k_r50.onnx recognition ['None', 3, 112, 112] 127.5 127.5
set det-size: (320, 320)
[cache] Startup: 1 employee(s) ka status SQLite (pending) se load kiya.
[db] Supabase connection OK.
[db] Sync worker started:
     Interval : 300s (5 min)
     Purge    : 7 din baad (synced rows only)
     Queue    : /home/cyamsys/Desktop/test_Attendance/HR_attendance/offline_queue.db
[photos] 1 employee profile photo(s) linked from /home/cyamsys/Documents/HR_attendance/photos
[reload] Embeddings watcher started (check every 10s)
[reload] Supabase embeddings poll started (check every 30s)
[Entry-1] Trying GStreamer:
  rtspsrc location="rtsp://192.168.1.101:554/video/live?channel=1&subtype=1" user-id="admin" user-pw="Tts@110092" latency=100 protocols=tcp ! decodebin ! videoconvert ! videoscale ! video/x-raw,width=1280,height=720,format=BGR ! appsink drop=true max-buffers=1 sync=false
[Entry-1] ⚠️  GStreamer failed — FFmpeg fallback
[Entry-1] Trying FFmpeg: rtsp://admin:Tts%40110092@192.168.1.101:554/video/live?channel=1&subtype=1
[Entry-1] ✅ FFmpeg stream opened
[Entry-2] Trying GStreamer:
  rtspsrc location="rtsp://192.168.1.104:554/video/live?channel=1&subtype=1" user-id="admin" user-pw="Tts@110092" latency=100 protocols=tcp ! decodebin ! videoconvert ! videoscale ! video/x-raw,width=1280,height=720,format=BGR ! appsink drop=true max-buffers=1 sync=false
[Entry-2] ⚠️  GStreamer failed — FFmpeg fallback
[Entry-2] Trying FFmpeg: rtsp://admin:Tts%40110092@192.168.1.104:554/video/live?channel=1&subtype=1
[Entry-2] ✅ FFmpeg stream opened
[Entry-4] Trying GStreamer:
  rtspsrc location="rtsp://192.168.1.106:554/video/live?channel=1&subtype=1" user-id="admin" user-pw="Tts@110092" latency=100 protocols=tcp ! decodebin ! videoconvert ! videoscale ! video/x-raw,width=1280,height=720,format=BGR ! appsink drop=true max-buffers=1 sync=false
[Entry-4] ⚠️  GStreamer failed — FFmpeg fallback
[Entry-4] Trying FFmpeg: rtsp://admin:Tts%40110092@192.168.1.106:554/video/live?channel=1&subtype=1
[Entry-4] ✅ FFmpeg stream opened
[main] Headless mode — cameras running in background, no display
[Entry-2] frame=10 faces=0
[Entry-4] frame=10 faces=0
[Entry-2] frame=20 faces=0
[Entry-4] frame=20 faces=0
[Entry-1] frame=10 faces=1
[DEBUG] Satya  score=0.140
[DEBUG] Satya  score=0.140
[Entry-2] frame=30 faces=0
[Entry-4] frame=30 faces=0
[Entry-1] frame=20 faces=1
[DEBUG] Meraj score=0.170
[DEBUG] Meraj score=0.170
[Entry-2] frame=40 faces=0
[Entry-4] frame=40 faces=0
[Entry-1] frame=30 faces=1
[DEBUG] Meraj score=0.114
[DEBUG] Meraj score=0.114
[Entry-2] frame=50 faces=0
[Entry-4] frame=50 faces=0
[Entry-1] frame=40 faces=1
[DEBUG] Satya  score=0.111
[DEBUG] Satya  score=0.111
[Entry-2] frame=60 faces=0
[Entry-4] frame=60 faces=0
[Entry-1] frame=50 faces=1
[DEBUG] Satya  score=0.190
[DEBUG] Satya  score=0.190
[Entry-2] frame=70 faces=0
[Entry-4] frame=70 faces=0
[Entry-1] frame=60 faces=1
[DEBUG] Satya  score=0.126
[DEBUG] Satya  score=0.126
[Entry-2] frame=80 faces=0
[Entry-4] frame=80 faces=0
[Entry-1] frame=70 faces=1
[DEBUG] Rishu Kumar score=0.116
[DEBUG] Rishu Kumar score=0.116
[Entry-2] frame=90 faces=0
[Entry-4] frame=90 faces=0
[Entry-1] frame=80 faces=1
[DEBUG] Prashant Kumar score=0.127
[DEBUG] Prashant Kumar score=0.127
[Entry-2] frame=100 faces=0
[Entry-4] frame=100 faces=0
[Entry-1] frame=90 faces=1
[DEBUG] Satya  score=0.149
[DEBUG] Satya  score=0.149
[Entry-2] frame=110 faces=0
[Entry-4] frame=110 faces=0
[Entry-1] frame=100 faces=1
[DEBUG] Prashant Kumar score=0.135
[DEBUG] Prashant Kumar score=0.135
[Entry-2] frame=120 faces=0
[Entry-4] frame=120 faces=0
[Entry-2] frame=130 faces=0
[Entry-4] frame=130 faces=0
[Entry-1] frame=110 faces=1
[DEBUG] Satya  score=0.134
[DEBUG] Satya  score=0.134
[Entry-2] frame=140 faces=0
[Entry-4] frame=140 faces=0
[Entry-1] frame=120 faces=1
[DEBUG] Aakash score=0.177
[DEBUG] Aakash score=0.177
[Entry-2] frame=150 faces=0
[Entry-4] frame=150 faces=0
[Entry-1] frame=130 faces=1
[DEBUG] Satya  score=0.260
[DEBUG] Satya  score=0.260
[Entry-2] frame=160 faces=0
[Entry-4] frame=160 faces=0
[Entry-1] frame=140 faces=1
[DEBUG] Meraj score=0.203
[DEBUG] Meraj score=0.203
[Entry-2] frame=170 faces=0
[Entry-4] frame=170 faces=0
[Entry-1] frame=150 faces=1
[DEBUG] Neeraj  score=0.159
[DEBUG] Neeraj  score=0.159
[Entry-2] frame=180 faces=0
[Entry-4] frame=180 faces=0
[Entry-1] frame=160 faces=0
[Entry-2] frame=190 faces=0
[Entry-4] frame=190 faces=0
[Entry-1] frame=170 faces=0
[Entry-2] frame=200 faces=0
[Entry-4] frame=200 faces=0
[Entry-1] frame=180 faces=0
[Entry-2] frame=210 faces=0
[Entry-4] frame=210 faces=0
[Entry-1] frame=190 faces=0
[Entry-2] frame=220 faces=0
[Entry-4] frame=220 faces=0
[Entry-1] frame=200 faces=0
[Entry-2] frame=230 faces=0
[Entry-4] frame=230 faces=0
[Entry-1] frame=210 faces=1
[DEBUG] Meraj score=0.231
[DEBUG] Meraj score=0.231
[Entry-2] frame=240 faces=0
[Entry-4] frame=240 faces=0
[Entry-1] frame=220 faces=1
[DEBUG] Praveen score=0.151
[DEBUG] Praveen score=0.151
[Entry-2] frame=250 faces=0
[Entry-4] frame=250 faces=0
[Entry-1] frame=230 faces=1
[DEBUG] Praveen score=0.131
[DEBUG] Praveen score=0.131
[Entry-2] frame=260 faces=0
[Entry-4] frame=260 faces=0
[Entry-1] frame=240 faces=0
[Entry-2] frame=270 faces=0
[Entry-4] frame=270 faces=0
[Entry-1] frame=250 faces=0
[Entry-2] frame=280 faces=0
[Entry-4] frame=280 faces=0
[Entry-1] frame=260 faces=0
[Entry-2] frame=290 faces=0
[Entry-4] frame=290 faces=0
[Entry-1] frame=270 faces=0
[Entry-2] frame=300 faces=0
[Entry-4] frame=300 faces=0
[Entry-1] frame=280 faces=0
[Entry-2] frame=310 faces=0
[Entry-4] frame=310 faces=0
[Entry-1] frame=290 faces=0
[Entry-2] frame=320 faces=0
[Entry-4] frame=320 faces=0
[Entry-1] frame=300 faces=0
[Entry-2] frame=330 faces=0
[Entry-4] frame=330 faces=0
[Entry-1] frame=310 faces=0
[Entry-2] frame=340 faces=0
[Entry-4] frame=340 faces=0
[Entry-1] frame=320 faces=0
[Entry-2] frame=350 faces=0
[Entry-4] frame=350 faces=0
[Entry-1] frame=330 faces=0
[Entry-2] frame=360 faces=0
[Entry-4] frame=360 faces=0
[Entry-1] frame=340 faces=0
[Entry-2] frame=370 faces=0
[Entry-4] frame=370 faces=0
[Entry-1] frame=350 faces=1
[DEBUG] Meraj score=0.099
[DEBUG] Meraj score=0.099
[Entry-2] frame=380 faces=0
[Entry-4] frame=380 faces=0
[Entry-1] frame=360 faces=1
[DEBUG] Meraj score=0.198
[DEBUG] Meraj score=0.198
[Entry-2] frame=390 faces=0
[Entry-4] frame=390 faces=0
[Entry-1] frame=370 faces=1
[DEBUG] Aakash score=0.222
[DEBUG] Aakash score=0.222
[Entry-2] frame=400 faces=0
[Entry-4] frame=400 faces=0
[Entry-2] frame=410 faces=0
[Entry-1] frame=380 faces=1
[DEBUG] Prashant Kumar score=0.194
[DEBUG] Prashant Kumar score=0.194
[Entry-4] frame=410 faces=0
[Entry-2] frame=420 faces=0
[Entry-4] frame=420 faces=0
[Entry-1] frame=390 faces=1
[DEBUG] Meraj score=0.205
[DEBUG] Meraj score=0.205
[Entry-4] frame=430 faces=0
[Entry-2] frame=430 faces=1
[DEBUG] Kajal score=0.082
[DEBUG] Kajal score=0.082
[Entry-1] frame=400 faces=1
[DEBUG] Prashant Kumar score=0.186
[DEBUG] Prashant Kumar score=0.186
[Entry-4] frame=440 faces=0
[Entry-2] frame=440 faces=0
[Entry-1] frame=410 faces=1
[DEBUG] Prashant Kumar score=0.207
[DEBUG] Prashant Kumar score=0.207
[Entry-4] frame=450 faces=0
[Entry-2] frame=450 faces=0
[Entry-1] frame=420 faces=1
[DEBUG] Meraj score=0.182
[DEBUG] Meraj score=0.182
[Entry-4] frame=460 faces=0
[Entry-2] frame=460 faces=0
[Entry-1] frame=430 faces=1
[DEBUG] Prashant Kumar score=0.172
[DEBUG] Prashant Kumar score=0.172
[Entry-4] frame=470 faces=0
[Entry-2] frame=470 faces=0
[Entry-1] frame=440 faces=1
[DEBUG] Prashant Kumar score=0.201
[DEBUG] Prashant Kumar score=0.201
[Entry-4] frame=480 faces=0
[Entry-2] frame=480 faces=0
[Entry-1] frame=450 faces=2
[DEBUG] Meraj score=0.123
[DEBUG] Meraj score=0.123
[DEBUG] Abhishek  score=0.315
[DEBUG] Abhishek  score=0.315
[Entry-4] frame=490 faces=0
[Entry-2] frame=490 faces=0
[Entry-4] frame=500 faces=0
[Entry-2] frame=500 faces=0
[Entry-1] frame=460 faces=2
[DEBUG] Abhishek  score=0.617
[DEBUG] Abhishek  score=0.617
[DEBUG] Praveen score=0.112
[DEBUG] Praveen score=0.112
[Entry-4] frame=510 faces=0
[Entry-2] frame=510 faces=0
[Entry-1] frame=470 faces=2
[DEBUG] Abhishek  score=0.696
[DEBUG] Abhishek  score=0.696
[DEBUG] Praveen score=0.179
[DEBUG] Praveen score=0.179
[Entry-4] frame=520 faces=0
[Entry-2] frame=520 faces=0
[Entry-1] frame=480 faces=2
[DEBUG] Abhishek  score=0.571
[DEBUG] Abhishek  score=0.571
[DEBUG] Aditya score=0.176
[DEBUG] Aditya score=0.176
[Entry-4] frame=530 faces=0
[Entry-2] frame=530 faces=0
[Entry-1] frame=490 faces=2
[DEBUG] Satya  score=0.193
[DEBUG] Satya  score=0.193
[DEBUG] Abhishek  score=0.392
[DEBUG] Abhishek  score=0.392
[Entry-4] frame=540 faces=0
[Entry-2] frame=540 faces=0
[Entry-1] frame=500 faces=1
[DEBUG] Praveen score=0.086
[DEBUG] Praveen score=0.086
[Entry-4] frame=550 faces=0
[Entry-2] frame=550 faces=0
[Entry-1] frame=510 faces=1
[DEBUG] Rajan score=0.155
[DEBUG] Rajan score=0.155
[Entry-4] frame=560 faces=0
[Entry-2] frame=560 faces=0
[Entry-1] frame=520 faces=0
[Entry-4] frame=570 faces=0
[Entry-2] frame=570 faces=0
[Entry-1] frame=530 faces=0
[Entry-4] frame=580 faces=0
[Entry-2] frame=580 faces=0
[Entry-1] frame=540 faces=0
[Entry-4] frame=590 faces=0
[Entry-2] frame=590 faces=0
[Entry-1] frame=550 faces=0
[Entry-4] frame=600 faces=0
[Entry-2] frame=600 faces=0
[Entry-1] frame=560 faces=0
[Entry-4] frame=610 faces=0
[Entry-2] frame=610 faces=0
[Entry-1] frame=570 faces=0
[Entry-4] frame=620 faces=0
[Entry-2] frame=620 faces=0
[Entry-1] frame=580 faces=0
[Entry-4] frame=630 faces=0
[Entry-2] frame=630 faces=0
[Entry-1] frame=590 faces=1
[DEBUG] Aditya score=0.185
[DEBUG] Aditya score=0.185
[Entry-4] frame=640 faces=0
[Entry-2] frame=640 faces=0
[Entry-4] frame=650 faces=0
[Entry-1] frame=600 faces=1
[DEBUG] Aditya score=0.189
[DEBUG] Aditya score=0.189
[Entry-2] frame=650 faces=0
[Entry-4] frame=660 faces=0
[Entry-2] frame=660 faces=0
[Entry-1] frame=610 faces=1
[DEBUG] Aakash score=0.173
[DEBUG] Aakash score=0.173
[Entry-4] frame=670 faces=0
[Entry-2] frame=670 faces=0
[Entry-1] frame=620 faces=1
[DEBUG] Satya  score=0.235
[DEBUG] Satya  score=0.235
[Entry-4] frame=680 faces=0
[Entry-2] frame=680 faces=0
[Entry-1] frame=630 faces=1
[DEBUG] Prashant Kumar score=0.192
[DEBUG] Prashant Kumar score=0.192
[Entry-4] frame=690 faces=0
[Entry-2] frame=690 faces=0
[Entry-1] frame=640 faces=1
[DEBUG] Prashant Kumar score=0.152
[DEBUG] Prashant Kumar score=0.152
[Entry-4] frame=700 faces=0
[Entry-2] frame=700 faces=0
[Entry-1] frame=650 faces=1
[DEBUG] Prashant Kumar score=0.198
[DEBUG] Prashant Kumar score=0.198
[Entry-4] frame=710 faces=0
[Entry-2] frame=710 faces=0
[Entry-1] frame=660 faces=1
[DEBUG] Aakash score=0.163
[DEBUG] Aakash score=0.163
[Entry-4] frame=720 faces=0
[Entry-2] frame=720 faces=0
[Entry-1] frame=670 faces=1
[DEBUG] Prashant Kumar score=0.139
[DEBUG] Prashant Kumar score=0.139
[Entry-4] frame=730 faces=0
[Entry-2] frame=730 faces=0
[Entry-1] frame=680 faces=1
[DEBUG] Aditya score=0.161
[DEBUG] Aditya score=0.161
[Entry-4] frame=740 faces=0
[Entry-2] frame=740 faces=0
[Entry-1] frame=690 faces=1
[DEBUG] Neeraj  score=0.159
[DEBUG] Neeraj  score=0.159
[Entry-4] frame=750 faces=0
[Entry-2] frame=750 faces=0
[Entry-1] frame=700 faces=1
[DEBUG] Aakash score=0.191
[DEBUG] Aakash score=0.191
[Entry-4] frame=760 faces=0
[Entry-2] frame=760 faces=0
[Entry-4] frame=770 faces=0
[Entry-2] frame=770 faces=0
[Entry-1] frame=710 faces=1
[DEBUG] Satya  score=0.175
[DEBUG] Satya  score=0.175
[Entry-4] frame=780 faces=0
[Entry-2] frame=780 faces=0
[Entry-1] frame=720 faces=1
[DEBUG] Rajan score=0.195
[DEBUG] Rajan score=0.195
[Entry-4] frame=790 faces=0
[Entry-2] frame=790 faces=0
[Entry-1] frame=730 faces=1
[DEBUG] Aakash score=0.224
[DEBUG] Aakash score=0.224
[Entry-4] frame=800 faces=0
[Entry-2] frame=800 faces=0
[Entry-1] frame=740 faces=1
[DEBUG] Neeraj  score=0.169
[DEBUG] Neeraj  score=0.169
[Entry-4] frame=810 faces=0
[Entry-2] frame=810 faces=0
[Entry-1] frame=750 faces=0
[Entry-4] frame=820 faces=0
[Entry-2] frame=820 faces=0
[Entry-1] frame=760 faces=1
[DEBUG] Prashant Kumar score=0.263
[DEBUG] Prashant Kumar score=0.263
[Entry-4] frame=830 faces=0
[Entry-2] frame=830 faces=0
[Entry-1] frame=770 faces=1
[DEBUG] Aakash score=0.268
[DEBUG] Aakash score=0.268
[Entry-4] frame=840 faces=0
[Entry-2] frame=840 faces=0
[Entry-1] frame=780 faces=1
[DEBUG] Rajan score=0.244
[DEBUG] Rajan score=0.244
[Entry-4] frame=850 faces=0
[Entry-2] frame=850 faces=0
[Entry-1] frame=790 faces=1
[DEBUG] Prashant Kumar score=0.231
[DEBUG] Prashant Kumar score=0.231
[Entry-4] frame=860 faces=0
[Entry-2] frame=860 faces=0
[Entry-4] frame=870 faces=0
[Entry-2] frame=870 faces=0
[Entry-1] frame=800 faces=1
[DEBUG] Aakash score=0.183
[DEBUG] Aakash score=0.183
[Entry-4] frame=880 faces=0
[Entry-2] frame=880 faces=0
[Entry-1] frame=810 faces=1
[DEBUG] Aakash score=0.211
[DEBUG] Aakash score=0.211
[Entry-4] frame=890 faces=0
[Entry-2] frame=890 faces=0
[Entry-1] frame=820 faces=1
[DEBUG] Satya  score=0.167
[DEBUG] Satya  score=0.167
[Entry-4] frame=900 faces=0
[Entry-2] frame=900 faces=0
[Entry-1] frame=830 faces=0
[Entry-4] frame=910 faces=0
[Entry-2] frame=910 faces=0
[Entry-1] frame=840 faces=0
[Entry-4] frame=920 faces=0
[Entry-2] frame=920 faces=0
[Entry-1] frame=850 faces=0
[Entry-4] frame=930 faces=0
[Entry-2] frame=930 faces=0
[Entry-1] frame=860 faces=0
[Entry-4] frame=940 faces=0
[Entry-2] frame=940 faces=0
[Entry-1] frame=870 faces=0
[Entry-4] frame=950 faces=0
[Entry-2] frame=950 faces=0
[Entry-1] frame=880 faces=0
[Entry-4] frame=960 faces=0
[Entry-2] frame=960 faces=0
[Entry-1] frame=890 faces=0
[Entry-4] frame=970 faces=0
[Entry-2] frame=970 faces=0
[Entry-1] frame=900 faces=0
[Entry-4] frame=980 faces=0
[Entry-2] frame=980 faces=0
[Entry-1] frame=910 faces=0
[Entry-4] frame=990 faces=0
[Entry-2] frame=990 faces=0
[Entry-1] frame=920 faces=0
[Entry-4] frame=1000 faces=0
[Entry-2] frame=1000 faces=0
[Entry-1] frame=930 faces=0
[Entry-4] frame=1010 faces=0
[Entry-2] frame=1010 faces=0
[Entry-1] frame=940 faces=0
[Entry-4] frame=1020 faces=0
[Entry-2] frame=1020 faces=0
[Entry-1] frame=950 faces=0
[Entry-4] frame=1030 faces=0
[Entry-2] frame=1030 faces=0
[Entry-1] frame=960 faces=0
[Entry-4] frame=1040 faces=0
[Entry-2] frame=1040 faces=0
[Entry-1] frame=970 faces=0
[Entry-4] frame=1050 faces=0
[Entry-2] frame=1050 faces=0
[Entry-1] frame=980 faces=0
[Entry-4] frame=1060 faces=0
[Entry-2] frame=1060 faces=0
[Entry-1] frame=990 faces=0
[Entry-4] frame=1070 faces=0
[Entry-2] frame=1070 faces=0
[Entry-1] frame=1000 faces=1
[DEBUG] Praveen score=0.063
[DEBUG] Praveen score=0.063
[Entry-4] frame=1080 faces=0
[Entry-2] frame=1080 faces=0
[Entry-1] frame=1010 faces=1
[DEBUG] Neeraj  score=0.216
[DEBUG] Neeraj  score=0.216
[Entry-4] frame=1090 faces=0
[Entry-2] frame=1090 faces=0
[Entry-1] frame=1020 faces=0
[Entry-4] frame=1100 faces=0
[Entry-2] frame=1100 faces=0
[Entry-1] frame=1030 faces=1
[DEBUG] Meraj score=0.127
[DEBUG] Meraj score=0.127
[Entry-4] frame=1110 faces=0
[Entry-2] frame=1110 faces=0
[Entry-1] frame=1040 faces=0
[Entry-4] frame=1120 faces=0
[Entry-2] frame=1120 faces=0
[Entry-1] frame=1050 faces=1
[DEBUG] Aakash score=0.059
[DEBUG] Aakash score=0.059
[Entry-4] frame=1130 faces=0
[Entry-2] frame=1130 faces=0
[Entry-1] frame=1060 faces=1
[DEBUG] Prashant Kumar score=0.238
[DEBUG] Prashant Kumar score=0.238
[Entry-4] frame=1140 faces=0
[Entry-2] frame=1140 faces=0
[Entry-1] frame=1070 faces=1
[DEBUG] Prashant Kumar score=0.207
[DEBUG] Prashant Kumar score=0.207
[Entry-4] frame=1150 faces=0
[Entry-2] frame=1150 faces=0
[Entry-1] frame=1080 faces=1
[DEBUG] Meraj score=0.207
[DEBUG] Meraj score=0.207
[Entry-4] frame=1160 faces=0
[Entry-2] frame=1160 faces=0
[Entry-1] frame=1090 faces=1
[DEBUG] Prashant Kumar score=0.195
[DEBUG] Prashant Kumar score=0.195
[Entry-4] frame=1170 faces=0
[Entry-2] frame=1170 faces=0
[Entry-4] frame=1180 faces=0
[Entry-2] frame=1180 faces=0
[Entry-1] frame=1100 faces=1
[DEBUG] Prashant Kumar score=0.207
[DEBUG] Prashant Kumar score=0.207
[Entry-4] frame=1190 faces=0
[Entry-2] frame=1190 faces=0
[Entry-1] frame=1110 faces=1
[DEBUG] Aakash score=0.158
[DEBUG] Aakash score=0.158
[Entry-4] frame=1200 faces=0
[Entry-2] frame=1200 faces=0
[Entry-1] frame=1120 faces=1
[DEBUG] Aakash score=0.232
[DEBUG] Aakash score=0.232
[Entry-4] frame=1210 faces=0
[Entry-2] frame=1210 faces=0
[Entry-1] frame=1130 faces=1
[DEBUG] Prashant Kumar score=0.212
[DEBUG] Prashant Kumar score=0.212
[Entry-4] frame=1220 faces=0
[Entry-2] frame=1220 faces=0
[Entry-1] frame=1140 faces=1
[DEBUG] Prashant Kumar score=0.186
[DEBUG] Prashant Kumar score=0.186
[Entry-4] frame=1230 faces=0
[Entry-2] frame=1230 faces=0
[Entry-1] frame=1150 faces=1
[DEBUG] Rajan score=0.175
[DEBUG] Rajan score=0.175
[Entry-4] frame=1240 faces=0
[Entry-2] frame=1240 faces=0
[Entry-1] frame=1160 faces=1
[DEBUG] Prashant Kumar score=0.102
[DEBUG] Prashant Kumar score=0.102
[Entry-4] frame=1250 faces=0
[Entry-2] frame=1250 faces=0
[Entry-1] frame=1170 faces=1
[DEBUG] Aakash score=0.131
[DEBUG] Aakash score=0.131
[Entry-4] frame=1260 faces=0
[Entry-2] frame=1260 faces=0
[Entry-1] frame=1180 faces=1
[DEBUG] Prashant Kumar score=0.198
[DEBUG] Prashant Kumar score=0.198
[Entry-4] frame=1270 faces=0
[Entry-2] frame=1270 faces=0
[Entry-1] frame=1190 faces=1
[DEBUG] Prashant Kumar score=0.188
[DEBUG] Prashant Kumar score=0.188
[Entry-4] frame=1280 faces=0
[Entry-2] frame=1280 faces=0
[Entry-4] frame=1290 faces=0
[Entry-1] frame=1200 faces=1
[DEBUG] Satya  score=0.186
[DEBUG] Satya  score=0.186
[Entry-2] frame=1290 faces=0
[Entry-4] frame=1300 faces=0
[Entry-2] frame=1300 faces=0
[Entry-1] frame=1210 faces=1
[DEBUG] Aditya score=0.135
[DEBUG] Aditya score=0.135
[Entry-4] frame=1310 faces=0
[Entry-2] frame=1310 faces=0
[Entry-1] frame=1220 faces=1
[DEBUG] Prashant Kumar score=0.153
[DEBUG] Prashant Kumar score=0.153
[Entry-4] frame=1320 faces=0
[Entry-2] frame=1320 faces=0
[Entry-1] frame=1230 faces=1
[DEBUG] Prashant Kumar score=0.150
[DEBUG] Prashant Kumar score=0.150
[Entry-4] frame=1330 faces=0
[Entry-2] frame=1330 faces=0
[Entry-1] frame=1240 faces=1
[DEBUG] Meraj score=0.172
[DEBUG] Meraj score=0.172
[Entry-4] frame=1340 faces=0
[Entry-2] frame=1340 faces=0
[Entry-1] frame=1250 faces=1
[DEBUG] Prashant Kumar score=0.174
[DEBUG] Prashant Kumar score=0.174
[Entry-4] frame=1350 faces=0
[Entry-2] frame=1350 faces=0
[Entry-1] frame=1260 faces=1
[DEBUG] Meraj score=0.168
[DEBUG] Meraj score=0.168
[Entry-4] frame=1360 faces=0
[Entry-2] frame=1360 faces=0
[Entry-1] frame=1270 faces=1
[DEBUG] Prashant Kumar score=0.129
[DEBUG] Prashant Kumar score=0.129
[Entry-4] frame=1370 faces=0
[Entry-2] frame=1370 faces=0
[Entry-1] frame=1280 faces=1
[DEBUG] Prashant Kumar score=0.140
[DEBUG] Prashant Kumar score=0.140
[Entry-4] frame=1380 faces=0
[Entry-2] frame=1380 faces=0
[Entry-4] frame=1390 faces=0
[Entry-2] frame=1390 faces=0
[Entry-1] frame=1290 faces=1
[DEBUG] Prashant Kumar score=0.144
[DEBUG] Prashant Kumar score=0.144
[Entry-4] frame=1400 faces=0
[Entry-2] frame=1400 faces=0
[Entry-1] frame=1300 faces=1
[DEBUG] Rajan score=0.125
[DEBUG] Rajan score=0.125
[Entry-4] frame=1410 faces=0
[Entry-2] frame=1410 faces=0
[Entry-1] frame=1310 faces=1
[DEBUG] Neeraj  score=0.098
[DEBUG] Neeraj  score=0.098
[Entry-4] frame=1420 faces=0
[Entry-2] frame=1420 faces=0
[Entry-1] frame=1320 faces=1
[DEBUG] Prashant Kumar score=0.066
[DEBUG] Prashant Kumar score=0.066
[Entry-4] frame=1430 faces=0
[Entry-2] frame=1430 faces=0
[Entry-1] frame=1330 faces=1
[DEBUG] Prashant Kumar score=0.146
[DEBUG] Prashant Kumar score=0.146
[Entry-4] frame=1440 faces=0
[Entry-2] frame=1440 faces=0
[Entry-1] frame=1340 faces=1
[DEBUG] Prashant Kumar score=0.174
[DEBUG] Prashant Kumar score=0.174
[Entry-4] frame=1450 faces=0
[Entry-2] frame=1450 faces=0
[Entry-1] frame=1350 faces=1
[DEBUG] Prashant Kumar score=0.127
[DEBUG] Prashant Kumar score=0.127
[Entry-4] frame=1460 faces=0
[Entry-2] frame=1460 faces=0
[Entry-1] frame=1360 faces=0
[Entry-4] frame=1470 faces=0
[Entry-2] frame=1470 faces=0
[Entry-1] frame=1370 faces=1
[DEBUG] Neeraj  score=0.145
[DEBUG] Neeraj  score=0.145
[Entry-4] frame=1480 faces=0
[Entry-2] frame=1480 faces=0
[Entry-1] frame=1380 faces=1
[DEBUG] Aditya score=0.128
[DEBUG] Aditya score=0.128
[Entry-4] frame=1490 faces=0
[Entry-2] frame=1490 faces=0
[Entry-1] frame=1390 faces=1
[DEBUG] Prashant Kumar score=0.189
[DEBUG] Prashant Kumar score=0.189
[Entry-4] frame=1500 faces=0
[Entry-2] frame=1500 faces=0
[Entry-1] frame=1400 faces=1
[DEBUG] Aakash score=0.197
[DEBUG] Aakash score=0.197
[Entry-4] frame=1510 faces=0[Entry-2] frame=1510 faces=0

[Entry-4] frame=1520 faces=0
[Entry-2] frame=1520 faces=0
[Entry-1] frame=1410 faces=1
[DEBUG] Satya  score=0.227
[DEBUG] Satya  score=0.227
[Entry-4] frame=1530 faces=0
[Entry-2] frame=1530 faces=0
[Entry-1] frame=1420 faces=1
[DEBUG] Meraj score=0.131
[DEBUG] Meraj score=0.131
[Entry-4] frame=1540 faces=0
[Entry-2] frame=1540 faces=0
[Entry-1] frame=1430 faces=1
[DEBUG] Prashant Kumar score=0.150
[DEBUG] Prashant Kumar score=0.150
[Entry-4] frame=1550 faces=0
[Entry-2] frame=1550 faces=0
[Entry-1] frame=1440 faces=1
[DEBUG] Prashant Kumar score=0.243
[DEBUG] Prashant Kumar score=0.243
[Entry-4] frame=1560 faces=0
[Entry-2] frame=1560 faces=0
[Entry-1] frame=1450 faces=1
[DEBUG] Prashant Kumar score=0.129
[DEBUG] Prashant Kumar score=0.129
[Entry-4] frame=1570 faces=0
[Entry-2] frame=1570 faces=0
[Entry-1] frame=1460 faces=1
[DEBUG] Rajan score=0.176
[DEBUG] Rajan score=0.176
[Entry-4] frame=1580 faces=0
[Entry-2] frame=1580 faces=0
[Entry-1] frame=1470 faces=1
[DEBUG] Rajan score=0.140
[DEBUG] Rajan score=0.140
[Entry-4] frame=1590 faces=0
[Entry-2] frame=1590 faces=0
[Entry-1] frame=1480 faces=1
[DEBUG] Praveen score=0.102
[DEBUG] Praveen score=0.102
[Entry-4] frame=1600 faces=0
[Entry-2] frame=1600 faces=0
[Entry-1] frame=1490 faces=0
[Entry-4] frame=1610 faces=0
[Entry-2] frame=1610 faces=0
[Entry-1] frame=1500 faces=0
[Entry-4] frame=1620 faces=0
[Entry-2] frame=1620 faces=0
[Entry-1] frame=1510 faces=0
[Entry-4] frame=1630 faces=0
[Entry-2] frame=1630 faces=0
[Entry-1] frame=1520 faces=1
[DEBUG] Prashant Kumar score=0.139
[DEBUG] Prashant Kumar score=0.139
[Entry-4] frame=1640 faces=0
[Entry-2] frame=1640 faces=0
[Entry-1] frame=1530 faces=1
[DEBUG] Prashant Kumar score=0.162
[DEBUG] Prashant Kumar score=0.162
[Entry-4] frame=1650 faces=0
[Entry-2] frame=1650 faces=0
[Entry-1] frame=1540 faces=1
[DEBUG] Praveen score=0.098
[DEBUG] Praveen score=0.098
[Entry-4] frame=1660 faces=0
[Entry-2] frame=1660 faces=0
[Entry-1] frame=1550 faces=1
[DEBUG] Rajan score=0.104
[DEBUG] Rajan score=0.104
[Entry-4] frame=1670 faces=0
[Entry-2] frame=1670 faces=0
[Entry-1] frame=1560 faces=1
[DEBUG] Neeraj  score=0.205
[DEBUG] Neeraj  score=0.205
[Entry-4] frame=1680 faces=0[Entry-2] frame=1680 faces=0

[Entry-1] frame=1570 faces=0
[Entry-4] frame=1690 faces=0
[Entry-2] frame=1690 faces=0
[Entry-1] frame=1580 faces=0
[Entry-4] frame=1700 faces=0
[Entry-2] frame=1700 faces=0
[Entry-1] frame=1590 faces=0
[Entry-4] frame=1710 faces=0
[Entry-2] frame=1710 faces=0
[Entry-1] frame=1600 faces=0
[Entry-4] frame=1720 faces=0
[Entry-2] frame=1720 faces=0
[Entry-1] frame=1610 faces=0
[Entry-4] frame=1730 faces=0
[Entry-2] frame=1730 faces=0
[Entry-1] frame=1620 faces=0
[Entry-4] frame=1740 faces=0
[Entry-2] frame=1740 faces=0
[Entry-1] frame=1630 faces=0
[Entry-4] frame=1750 faces=0
[Entry-2] frame=1750 faces=0
[Entry-1] frame=1640 faces=0
[Entry-4] frame=1760 faces=0
[Entry-2] frame=1760 faces=0
[Entry-1] frame=1650 faces=0
[Entry-4] frame=1770 faces=0
[Entry-2] frame=1770 faces=0
[Entry-1] frame=1660 faces=0
[Entry-4] frame=1780 faces=0
[Entry-2] frame=1780 faces=0
[Entry-1] frame=1670 faces=0
[Entry-4] frame=1790 faces=0
[Entry-2] frame=1790 faces=0
[Entry-1] frame=1680 faces=0
[Entry-4] frame=1800 faces=0
[Entry-2] frame=1800 faces=0
[Entry-1] frame=1690 faces=0
[Entry-4] frame=1810 faces=0
[Entry-2] frame=1810 faces=0
[Entry-1] frame=1700 faces=0
[Entry-4] frame=1820 faces=0
[Entry-2] frame=1820 faces=0
[Entry-1] frame=1710 faces=0
[Entry-4] frame=1830 faces=0
[Entry-2] frame=1830 faces=0
[Entry-1] frame=1720 faces=0
[Entry-4] frame=1840 faces=0
[Entry-2] frame=1840 faces=0
[Entry-1] frame=1730 faces=0
[Entry-4] frame=1850 faces=0
[Entry-2] frame=1850 faces=0
[Entry-1] frame=1740 faces=0
[Entry-4] frame=1860 faces=0
[Entry-2] frame=1860 faces=0
[Entry-1] frame=1750 faces=0
[Entry-4] frame=1870 faces=0
[Entry-2] frame=1870 faces=0
[Entry-1] frame=1760 faces=0
[Entry-4] frame=1880 faces=0
[Entry-2] frame=1880 faces=0
[Entry-1] frame=1770 faces=0
[Entry-4] frame=1890 faces=0
[Entry-2] frame=1890 faces=0
[Entry-1] frame=1780 faces=0
[Entry-4] frame=1900 faces=0
[Entry-2] frame=1900 faces=0
[Entry-4] frame=1910 faces=0
[Entry-2] frame=1910 faces=0
[Entry-1] frame=1790 faces=1
[DEBUG] Aakash score=0.101
[DEBUG] Aakash score=0.101
[Entry-2] frame=1920 faces=0
[Entry-1] frame=1800 faces=0
[Entry-4] frame=1920 faces=1
[DEBUG] Kajal score=0.162
[DEBUG] Kajal score=0.162
[Entry-2] frame=1930 faces=0
[Entry-1] frame=1810 faces=0
[Entry-4] frame=1930 faces=1
[DEBUG] Kajal score=0.215
[DEBUG] Kajal score=0.215
[Entry-2] frame=1940 faces=0
[Entry-1] frame=1820 faces=0
[Entry-4] frame=1940 faces=0
[Entry-2] frame=1950 faces=0
[Entry-1] frame=1830 faces=0
[Entry-4] frame=1950 faces=0
[Entry-2] frame=1960 faces=0
[Entry-1] frame=1840 faces=0
[Entry-4] frame=1960 faces=0
[Entry-2] frame=1970 faces=0
[Entry-1] frame=1850 faces=0
[Entry-4] frame=1970 faces=0
[Entry-2] frame=1980 faces=0
[Entry-1] frame=1860 faces=0
[Entry-4] frame=1980 faces=0
[Entry-2] frame=1990 faces=0
[Entry-1] frame=1870 faces=0
[Entry-4] frame=1990 faces=0
[Entry-2] frame=2000 faces=0
[Entry-1] frame=1880 faces=1
[DEBUG] Rajan score=0.131
[DEBUG] Rajan score=0.131
[Entry-4] frame=2000 faces=0
[Entry-2] frame=2010 faces=1
[DEBUG] Prashant Kumar score=0.378
[DEBUG] Prashant Kumar score=0.378
[Entry-4] frame=2010 faces=0
[Entry-1] frame=1890 faces=1
[DEBUG] Aakash score=0.133
[DEBUG] Aakash score=0.133
[Entry-2] frame=2020 faces=0
[Entry-4] frame=2020 faces=0
[Entry-1] frame=1900 faces=1
[DEBUG] Meraj score=0.198
[DEBUG] Meraj score=0.198
[Entry-2] frame=2030 faces=0
[Entry-4] frame=2030 faces=0
[Entry-1] frame=1910 faces=1
[DEBUG] Aakash score=0.233
[DEBUG] Aakash score=0.233
[Entry-2] frame=2040 faces=0[Entry-4] frame=2040 faces=0

[Entry-1] frame=1920 faces=1
[DEBUG] Neeraj  score=0.155
[DEBUG] Neeraj  score=0.155
[Entry-2] frame=2050 faces=0[Entry-4] frame=2050 faces=0

[Entry-1] frame=1930 faces=1
[DEBUG] Neeraj  score=0.121
[DEBUG] Neeraj  score=0.121
[Entry-4] frame=2060 faces=0
[Entry-2] frame=2060 faces=1
[DEBUG] Prashant Kumar score=0.272
[DEBUG] Prashant Kumar score=0.272
[Entry-1] frame=1940 faces=1
[DEBUG] Aditya score=0.212
[DEBUG] Aditya score=0.212
[Entry-4] frame=2070 faces=0
[Entry-2] frame=2070 faces=0
[Entry-1] frame=1950 faces=1
[DEBUG] Neeraj  score=0.110
[DEBUG] Neeraj  score=0.110
[Entry-4] frame=2080 faces=0
[Entry-2] frame=2080 faces=0
[Entry-1] frame=1960 faces=1
[DEBUG] Aditya score=0.092
[DEBUG] Aditya score=0.092
[Entry-4] frame=2090 faces=0
[Entry-2] frame=2090 faces=1
[DEBUG] Meraj score=0.110
[DEBUG] Meraj score=0.110
[Entry-1] frame=1970 faces=1
[DEBUG] Meraj score=0.082
[DEBUG] Meraj score=0.082
[Entry-4] frame=2100 faces=0
[Entry-2] frame=2100 faces=0
[Entry-1] frame=1980 faces=1
[DEBUG] Amitabh Prajapati score=0.063
[DEBUG] Amitabh Prajapati score=0.063
[Entry-4] frame=2110 faces=0
[Entry-2] frame=2110 faces=0
[Entry-1] frame=1990 faces=1
[DEBUG] Kuldeep score=0.133
[DEBUG] Kuldeep score=0.133
[Entry-4] frame=2120 faces=0
[Entry-2] frame=2120 faces=0
[Entry-1] frame=2000 faces=0
[Entry-4] frame=2130 faces=0
[Entry-2] frame=2130 faces=1
[DEBUG] Prashant Kumar score=0.316
[DEBUG] Prashant Kumar score=0.316
[Entry-1] frame=2010 faces=0
[Entry-4] frame=2140 faces=0
[Entry-2] frame=2140 faces=0
[Entry-1] frame=2020 faces=0
[Entry-4] frame=2150 faces=0
[Entry-2] frame=2150 faces=0
[Entry-1] frame=2030 faces=1
[DEBUG] Aakash score=0.058
[DEBUG] Aakash score=0.058
[Entry-4] frame=2160 faces=0
[Entry-2] frame=2160 faces=0
[Entry-1] frame=2040 faces=0
[Entry-4] frame=2170 faces=0
[Entry-2] frame=2170 faces=0
[Entry-1] frame=2050 faces=1
[DEBUG] Ravi Shankar score=0.054
[DEBUG] Ravi Shankar score=0.054
[Entry-4] frame=2180 faces=0
[Entry-2] frame=2180 faces=0
[Entry-1] frame=2060 faces=0
[Entry-4] frame=2190 faces=0
[Entry-2] frame=2190 faces=1
[DEBUG] Satya  score=0.071
[DEBUG] Satya  score=0.071
[Entry-1] frame=2070 faces=1
[DEBUG] Ravi Shankar score=0.047
[DEBUG] Ravi Shankar score=0.047
[Entry-4] frame=2200 faces=0
[Entry-2] frame=2200 faces=1
[DEBUG] Prashant Kumar score=0.345
[DEBUG] Prashant Kumar score=0.345
[Entry-4] frame=2210 faces=0
[Entry-1] frame=2080 faces=1
[DEBUG] Praveen score=0.050
[DEBUG] Praveen score=0.050
[Entry-2] frame=2210 faces=1
[DEBUG] Prashant Kumar score=0.412
[DEBUG] Prashant Kumar score=0.412
[Entry-4] frame=2220 faces=0
[Entry-1] frame=2090 faces=0
[Entry-2] frame=2220 faces=0
[Entry-4] frame=2230 faces=0
[Entry-1] frame=2100 faces=0
[Entry-2] frame=2230 faces=0
[Entry-4] frame=2240 faces=0
[Entry-1] frame=2110 faces=1
[DEBUG] Rajan score=0.059
[DEBUG] Rajan score=0.059
[Entry-2] frame=2240 faces=1
[DEBUG] Prashant Kumar score=0.455
[DEBUG] Prashant Kumar score=0.455
[Entry-4] frame=2250 faces=0
[Entry-1] frame=2120 faces=0
[Entry-2] frame=2250 faces=0
[Entry-4] frame=2260 faces=0
[Entry-1] frame=2130 faces=0
[Entry-2] frame=2260 faces=0
[Entry-4] frame=2270 faces=0
[Entry-1] frame=2140 faces=0
[Entry-2] frame=2270 faces=0
[Entry-4] frame=2280 faces=0
[Entry-1] frame=2150 faces=0
[Entry-2] frame=2280 faces=0
[Entry-4] frame=2290 faces=0
[Entry-1] frame=2160 faces=0
[Entry-2] frame=2290 faces=1
[DEBUG] Aditya score=0.080
[DEBUG] Aditya score=0.080
[Entry-4] frame=2300 faces=0
[Entry-1] frame=2170 faces=0
[Entry-2] frame=2300 faces=1
[DEBUG] Prashant Kumar score=0.401
[DEBUG] Prashant Kumar score=0.401
[Entry-4] frame=2310 faces=0
[Entry-1] frame=2180 faces=0
[Entry-2] frame=2310 faces=1
[DEBUG] Prashant Kumar score=0.369
[DEBUG] Prashant Kumar score=0.369
[Entry-4] frame=2320 faces=0
[Entry-1] frame=2190 faces=1
[DEBUG] Rajan score=0.069
[DEBUG] Rajan score=0.069
[Entry-2] frame=2320 faces=0
[Entry-4] frame=2330 faces=0
[Entry-1] frame=2200 faces=0
[Entry-2] frame=2330 faces=0
[Entry-4] frame=2340 faces=0
[Entry-1] frame=2210 faces=0
[Entry-2] frame=2340 faces=0
[Entry-4] frame=2350 faces=0
[Entry-1] frame=2220 faces=0
[Entry-2] frame=2350 faces=0
[Entry-4] frame=2360 faces=0
[Entry-1] frame=2230 faces=0
[Entry-2] frame=2360 faces=0
[Entry-4] frame=2370 faces=0
[Entry-1] frame=2240 faces=0
[Entry-2] frame=2370 faces=0
[Entry-4] frame=2380 faces=0
[Entry-1] frame=2250 faces=0
[Entry-2] frame=2380 faces=0
[Entry-4] frame=2390 faces=0
[Entry-1] frame=2260 faces=0
[Entry-2] frame=2390 faces=0
[Entry-4] frame=2400 faces=0
[Entry-1] frame=2270 faces=1
[DEBUG] Rajan score=0.136
[DEBUG] Rajan score=0.136
[Entry-2] frame=2400 faces=1
[DEBUG] Prashant Kumar score=0.441
[DEBUG] Prashant Kumar score=0.441
[Entry-4] frame=2410 faces=0
[Entry-1] frame=2280 faces=1
[DEBUG] Rajan score=0.084
[DEBUG] Rajan score=0.084
[Entry-4] frame=2420 faces=0
[Entry-2] frame=2410 faces=1
[DEBUG] Aditya score=0.130
[DEBUG] Aditya score=0.130
[Entry-1] frame=2290 faces=1
[DEBUG] Sunny  score=0.070
[DEBUG] Sunny  score=0.070
[Entry-4] frame=2430 faces=0
[Entry-2] frame=2420 faces=1
[DEBUG] Prashant Kumar score=0.386
[DEBUG] Prashant Kumar score=0.386
[Entry-1] frame=2300 faces=1
[DEBUG] Neeraj  score=0.192
[DEBUG] Neeraj  score=0.192
[Entry-4] frame=2440 faces=0
[Entry-2] frame=2430 faces=1
[DEBUG] Prashant Kumar score=0.432
[DEBUG] Prashant Kumar score=0.432
[Entry-1] frame=2310 faces=1
[DEBUG] Neeraj  score=0.084
[DEBUG] Neeraj  score=0.084
[Entry-4] frame=2450 faces=0
[Entry-2] frame=2440 faces=1
[DEBUG] Prashant Kumar score=0.497
[DEBUG] Prashant Kumar score=0.497
[Entry-1] frame=2320 faces=1
[DEBUG] Kuldeep score=0.110
[DEBUG] Kuldeep score=0.110
[Entry-4] frame=2460 faces=0
[Entry-2] frame=2450 faces=1
[DEBUG] Prashant Kumar score=0.457
[DEBUG] Prashant Kumar score=0.457
[Entry-1] frame=2330 faces=1
[DEBUG] Aditya score=0.155
[DEBUG] Aditya score=0.155
[Entry-4] frame=2470 faces=0
[Entry-2] frame=2460 faces=0
[Entry-1] frame=2340 faces=1
[DEBUG] Rajan score=0.130
[DEBUG] Rajan score=0.130
[Entry-4] frame=2480 faces=0
[Entry-2] frame=2470 faces=0
[Entry-1] frame=2350 faces=1
[DEBUG] Prashant Kumar score=0.085
[DEBUG] Prashant Kumar score=0.085
[Entry-4] frame=2490 faces=0
[Entry-2] frame=2480 faces=1
[DEBUG] Prashant Kumar score=0.352
[DEBUG] Prashant Kumar score=0.352
[Entry-1] frame=2360 faces=1
[DEBUG] Prashant Kumar score=0.056
[DEBUG] Prashant Kumar score=0.056
[Entry-4] frame=2500 faces=0
[Entry-2] frame=2490 faces=0
[Entry-1] frame=2370 faces=0
[Entry-4] frame=2510 faces=0
[Entry-2] frame=2500 faces=1
[DEBUG] Prashant Kumar score=0.310
[DEBUG] Prashant Kumar score=0.310
[Entry-1] frame=2380 faces=0
[Entry-4] frame=2520 faces=0
[Entry-2] frame=2510 faces=0
[Entry-4] frame=2530 faces=0
[Entry-1] frame=2390 faces=0
[Entry-2] frame=2520 faces=0
[Entry-1] frame=2400 faces=0
[Entry-4] frame=2540 faces=0
[Entry-2] frame=2530 faces=0
[Entry-1] frame=2410 faces=0
[Entry-4] frame=2550 faces=0
[Entry-2] frame=2540 faces=0
[Entry-4] frame=2560 faces=0
[Entry-1] frame=2420 faces=1
[DEBUG] Rajan score=0.056
[DEBUG] Rajan score=0.056
[Entry-2] frame=2550 faces=0
[Entry-4] frame=2570 faces=0
[Entry-1] frame=2430 faces=1
[DEBUG] Meraj score=0.082
[DEBUG] Meraj score=0.082
[Entry-2] frame=2560 faces=0
[Entry-4] frame=2580 faces=0
[Entry-1] frame=2440 faces=0
[Entry-2] frame=2570 faces=0
[Entry-4] frame=2590 faces=0
[Entry-1] frame=2450 faces=1
[DEBUG] Meraj score=0.056
[DEBUG] Meraj score=0.056
[Entry-2] frame=2580 faces=0
[Entry-4] frame=2600 faces=0
[Entry-1] frame=2460 faces=0
[Entry-2] frame=2590 faces=0
[Entry-4] frame=2610 faces=0
[Entry-1] frame=2470 faces=0
[Entry-2] frame=2600 faces=1
[DEBUG] Prashant Kumar score=0.193
[DEBUG] Prashant Kumar score=0.193
[Entry-4] frame=2620 faces=0
[Entry-1] frame=2480 faces=1
[DEBUG] Prashant Kumar score=0.068
[DEBUG] Prashant Kumar score=0.068
[Entry-2] frame=2610 faces=0
[Entry-4] frame=2630 faces=0
[Entry-1] frame=2490 faces=1
[DEBUG] Prashant Kumar score=0.096
[DEBUG] Prashant Kumar score=0.096
[Entry-2] frame=2620 faces=0
[Entry-4] frame=2640 faces=0
[Entry-1] frame=2500 faces=1
[DEBUG] Meraj score=0.053
[DEBUG] Meraj score=0.053
[Entry-2] frame=2630 faces=0
[Entry-4] frame=2650 faces=0
[Entry-2] frame=2640 faces=0
[Entry-1] frame=2510 faces=1
[DEBUG] Ravi Shankar score=0.047
[DEBUG] Ravi Shankar score=0.047
[Entry-4] frame=2660 faces=0
[Entry-2] frame=2650 faces=0
[Entry-1] frame=2520 faces=1
[DEBUG] Amitabh Prajapati score=0.052
[DEBUG] Amitabh Prajapati score=0.052
[Entry-4] frame=2670 faces=0
[Entry-2] frame=2660 faces=0
[Entry-1] frame=2530 faces=1
[DEBUG] Praveen score=0.071
[DEBUG] Praveen score=0.071
[Entry-4] frame=2680 faces=0
[Entry-2] frame=2670 faces=0
[Entry-1] frame=2540 faces=1
[DEBUG] Rajan score=0.036
[DEBUG] Rajan score=0.036
[Entry-4] frame=2690 faces=0
[Entry-2] frame=2680 faces=0
[Entry-1] frame=2550 faces=1
[DEBUG] Ravi Shankar score=0.057
[DEBUG] Ravi Shankar score=0.057
[Entry-4] frame=2700 faces=0
[Entry-2] frame=2690 faces=0
[Entry-4] frame=2710 faces=0
[Entry-1] frame=2560 faces=1
[DEBUG] Ravi Shankar score=0.101
[DEBUG] Ravi Shankar score=0.101
[Entry-2] frame=2700 faces=0
[Entry-4] frame=2720 faces=0
[Entry-1] frame=2570 faces=1
[DEBUG] Praveen score=0.053
[DEBUG] Praveen score=0.053
[Entry-2] frame=2710 faces=0
[Entry-4] frame=2730 faces=0
[Entry-1] frame=2580 faces=1
[DEBUG] Rajan score=0.079
[DEBUG] Rajan score=0.079
[Entry-2] frame=2720 faces=0
[Entry-4] frame=2740 faces=0
[Entry-1] frame=2590 faces=1
[DEBUG] Meraj score=0.060
[DEBUG] Meraj score=0.060
[Entry-2] frame=2730 faces=0
[Entry-4] frame=2750 faces=0
[Entry-1] frame=2600 faces=0
[Entry-2] frame=2740 faces=0
[Entry-4] frame=2760 faces=0
[Entry-1] frame=2610 faces=0
[Entry-2] frame=2750 faces=0
[Entry-4] frame=2770 faces=0
[Entry-1] frame=2620 faces=0
[Entry-2] frame=2760 faces=1
[DEBUG] Prashant Kumar score=0.153
[DEBUG] Prashant Kumar score=0.153
[Entry-4] frame=2780 faces=0
[Entry-1] frame=2630 faces=0
[Entry-2] frame=2770 faces=0
[Entry-4] frame=2790 faces=0
[Entry-1] frame=2640 faces=0
[Entry-2] frame=2780 faces=0
[Entry-4] frame=2800 faces=0
[Entry-1] frame=2650 faces=0
[Entry-2] frame=2790 faces=0
[Entry-4] frame=2810 faces=0
[Entry-1] frame=2660 faces=0
[Entry-2] frame=2800 faces=0
[Entry-4] frame=2820 faces=0
[Entry-1] frame=2670 faces=0
[Entry-2] frame=2810 faces=0
[Entry-4] frame=2830 faces=0
[Entry-1] frame=2680 faces=0
[Entry-2] frame=2820 faces=0
[Entry-4] frame=2840 faces=0
[Entry-1] frame=2690 faces=0
[Entry-2] frame=2830 faces=0
[Entry-4] frame=2850 faces=0
[Entry-1] frame=2700 faces=0
[Entry-2] frame=2840 faces=0
[Entry-4] frame=2860 faces=0
[Entry-1] frame=2710 faces=0
[Entry-2] frame=2850 faces=0
[Entry-4] frame=2870 faces=0
[Entry-1] frame=2720 faces=0
[Entry-2] frame=2860 faces=1
[DEBUG] Prashant Kumar score=0.251
[DEBUG] Prashant Kumar score=0.251
[Entry-4] frame=2880 faces=0
[Entry-1] frame=2730 faces=0
[Entry-2] frame=2870 faces=1
[DEBUG] Prashant Kumar score=0.193
[DEBUG] Prashant Kumar score=0.193
[Entry-4] frame=2890 faces=0
[Entry-1] frame=2740 faces=0
[Entry-2] frame=2880 faces=1
[DEBUG] Prashant Kumar score=0.330
[DEBUG] Prashant Kumar score=0.330
[Entry-4] frame=2900 faces=0
[Entry-1] frame=2750 faces=0
[Entry-4] frame=2910 faces=0
[Entry-2] frame=2890 faces=1
[DEBUG] Prashant Kumar score=0.263
[DEBUG] Prashant Kumar score=0.263
[Entry-1] frame=2760 faces=1
[DEBUG] Rajan score=0.110
[DEBUG] Rajan score=0.110
[Entry-4] frame=2920 faces=0
[Entry-2] frame=2900 faces=1
[DEBUG] Prashant Kumar score=0.235
[DEBUG] Prashant Kumar score=0.235
[Entry-1] frame=2770 faces=1
[DEBUG] Kuldeep score=0.165
[DEBUG] Kuldeep score=0.165
[Entry-4] frame=2930 faces=0
[Entry-2] frame=2910 faces=1
[DEBUG] Prashant Kumar score=0.319
[DEBUG] Prashant Kumar score=0.319
[Entry-1] frame=2780 faces=1
[DEBUG] Prashant Kumar score=0.072
[DEBUG] Prashant Kumar score=0.072
[Entry-4] frame=2940 faces=0
[Entry-2] frame=2920 faces=1
[DEBUG] Prashant Kumar score=0.366
[DEBUG] Prashant Kumar score=0.366
[Entry-1] frame=2790 faces=0
[Entry-4] frame=2950 faces=0
[Entry-2] frame=2930 faces=1
[DEBUG] Prashant Kumar score=0.324
[DEBUG] Prashant Kumar score=0.324
[Entry-1] frame=2800 faces=1
[DEBUG] Aakash score=0.107
[DEBUG] Aakash score=0.107
[Entry-4] frame=2960 faces=0
[Entry-2] frame=2940 faces=0
[Entry-1] frame=2810 faces=1
[DEBUG] Aakash score=0.096
[DEBUG] Aakash score=0.096
[Entry-4] frame=2970 faces=0
[Entry-2] frame=2950 faces=0
[Entry-1] frame=2820 faces=1
[DEBUG] Ravi Shankar score=0.052
[DEBUG] Ravi Shankar score=0.052
[Entry-4] frame=2980 faces=0
[Entry-2] frame=2960 faces=0
[Entry-1] frame=2830 faces=1
[DEBUG] Ravi Shankar score=0.072
[DEBUG] Ravi Shankar score=0.072
[Entry-4] frame=2990 faces=0
[Entry-2] frame=2970 faces=1
[DEBUG] Prashant Kumar score=0.117
[DEBUG] Prashant Kumar score=0.117
[Entry-1] frame=2840 faces=1
[DEBUG] Ravi Shankar score=0.063
[DEBUG] Ravi Shankar score=0.063
[Entry-4] frame=3000 faces=0
[Entry-2] frame=2980 faces=0
[Entry-1] frame=2850 faces=0
[Entry-4] frame=3010 faces=0
[Entry-2] frame=2990 faces=1
[DEBUG] Prashant Kumar score=0.180
[DEBUG] Prashant Kumar score=0.180
[Entry-1] frame=2860 faces=0
[Entry-4] frame=3020 faces=0
[Entry-2] frame=3000 faces=0
[Entry-4] frame=3030 faces=0
[Entry-1] frame=2870 faces=1
[DEBUG] Rajan score=0.053
[DEBUG] Rajan score=0.053
[Entry-2] frame=3010 faces=0
[Entry-4] frame=3040 faces=0
[Entry-1] frame=2880 faces=1
[DEBUG] Ravi Shankar score=0.085
[DEBUG] Ravi Shankar score=0.085
[Entry-2] frame=3020 faces=0
[Entry-4] frame=3050 faces=0
[Entry-1] frame=2890 faces=1
[DEBUG] Ravi Shankar score=0.062
[DEBUG] Ravi Shankar score=0.062
[Entry-2] frame=3030 faces=0
[Entry-4] frame=3060 faces=0
[Entry-1] frame=2900 faces=1
[DEBUG] Ravi Shankar score=0.043
[DEBUG] Ravi Shankar score=0.043
[Entry-2] frame=3040 faces=0
[Entry-4] frame=3070 faces=0
[Entry-1] frame=2910 faces=1
[DEBUG] Amitabh Prajapati score=0.049
[DEBUG] Amitabh Prajapati score=0.049
[Entry-2] frame=3050 faces=1
[DEBUG] Satya  score=0.072
[DEBUG] Satya  score=0.072
[Entry-4] frame=3080 faces=0
[Entry-1] frame=2920 faces=1
[DEBUG] Rajan score=0.052
[DEBUG] Rajan score=0.052
[Entry-2] frame=3060 faces=0
[Entry-4] frame=3090 faces=0
[Entry-1] frame=2930 faces=1
[DEBUG] Ravi Shankar score=0.051
[DEBUG] Ravi Shankar score=0.051
[Entry-2] frame=3070 faces=0
[Entry-4] frame=3100 faces=0
[Entry-1] frame=2940 faces=0
[Entry-2] frame=3080 faces=1
[DEBUG] Neeraj  score=0.058
[DEBUG] Neeraj  score=0.058
[Entry-4] frame=3110 faces=0
[Entry-1] frame=2950 faces=1
[DEBUG] Aakash score=0.076
[DEBUG] Aakash score=0.076
[Entry-2] frame=3090 faces=1
[DEBUG] Amitabh Prajapati score=0.167
[DEBUG] Amitabh Prajapati score=0.167
[Entry-4] frame=3120 faces=0
[Entry-1] frame=2960 faces=1
[DEBUG] Ravi Shankar score=0.130
[DEBUG] Ravi Shankar score=0.130
[Entry-2] frame=3100 faces=0
[Entry-4] frame=3130 faces=0
[Entry-2] frame=3110 faces=0
[Entry-1] frame=2970 faces=1
[DEBUG] Kuldeep score=0.100
[DEBUG] Kuldeep score=0.100
[Entry-4] frame=3140 faces=0
[Entry-2] frame=3120 faces=0
[Entry-1] frame=2980 faces=1
[DEBUG] Rishu Kumar score=0.108
[DEBUG] Rishu Kumar score=0.108
[Entry-4] frame=3150 faces=0
[Entry-2] frame=3130 faces=0
[Entry-1] frame=2990 faces=0
[Entry-4] frame=3160 faces=0
[Entry-2] frame=3140 faces=0
[Entry-1] frame=3000 faces=0
[Entry-4] frame=3170 faces=0
[Entry-2] frame=3150 faces=0
[Entry-1] frame=3010 faces=0
[Entry-4] frame=3180 faces=0
[Entry-2] frame=3160 faces=0
[Entry-1] frame=3020 faces=0
[Entry-4] frame=3190 faces=0
[Entry-2] frame=3170 faces=0
[Entry-4] frame=3200 faces=0
[Entry-1] frame=3030 faces=1
[DEBUG] Abhishek  score=0.678
[DEBUG] Abhishek  score=0.678
[Entry-2] frame=3180 faces=0
[Entry-4] frame=3210 faces=0
[Entry-1] frame=3040 faces=1
[DEBUG] Abhishek  score=0.683
[DEBUG] Abhishek  score=0.683
[Entry-2] frame=3190 faces=0
[Entry-4] frame=3220 faces=0
[Entry-1] frame=3050 faces=2
[DEBUG] Abhishek  score=0.480
[DEBUG] Abhishek  score=0.480
[DEBUG] Aakash score=0.242
[DEBUG] Aakash score=0.242
[Entry-2] frame=3200 faces=0
[Entry-4] frame=3230 faces=0
[Entry-1] frame=3060 faces=1
[DEBUG] Aakash score=0.217
[DEBUG] Aakash score=0.217
[Entry-2] frame=3210 faces=0
[Entry-4] frame=3240 faces=0
[Entry-1] frame=3070 faces=0
[Entry-2] frame=3220 faces=0
[Entry-4] frame=3250 faces=0
[Entry-1] frame=3080 faces=0
[Entry-2] frame=3230 faces=0
[Entry-4] frame=3260 faces=0
[Entry-1] frame=3090 faces=0
[Entry-2] frame=3240 faces=0
[Entry-4] frame=3270 faces=0
[Entry-1] frame=3100 faces=0
[Entry-2] frame=3250 faces=0
[Entry-4] frame=3280 faces=0
[Entry-1] frame=3110 faces=0
[Entry-2] frame=3260 faces=0
[Entry-4] frame=3290 faces=0
[Entry-1] frame=3120 faces=0
[Entry-2] frame=3270 faces=0
[Entry-4] frame=3300 faces=0
[Entry-1] frame=3130 faces=0
[Entry-2] frame=3280 faces=0
[Entry-4] frame=3310 faces=0
[Entry-1] frame=3140 faces=0
[Entry-2] frame=3290 faces=0
[Entry-4] frame=3320 faces=0
[Entry-1] frame=3150 faces=0
[Entry-2] frame=3300 faces=0
[Entry-4] frame=3330 faces=0
[Entry-1] frame=3160 faces=0
[Entry-2] frame=3310 faces=0
[Entry-4] frame=3340 faces=0
[Entry-1] frame=3170 faces=0
[Entry-2] frame=3320 faces=0
[Entry-4] frame=3350 faces=0
[Entry-1] frame=3180 faces=0
[Entry-2] frame=3330 faces=0
[Entry-4] frame=3360 faces=0
[Entry-1] frame=3190 faces=0
[Entry-2] frame=3340 faces=0
[Entry-4] frame=3370 faces=0
[Entry-1] frame=3200 faces=0
[Entry-2] frame=3350 faces=0
[Entry-4] frame=3380 faces=0
[Entry-1] frame=3210 faces=1
[DEBUG] Abhishek  score=0.049
[DEBUG] Abhishek  score=0.049
[Entry-2] frame=3360 faces=0
[Entry-4] frame=3390 faces=0
[Entry-1] frame=3220 faces=2
[DEBUG] Aakash score=0.156
[DEBUG] Aakash score=0.156
[DEBUG] Meraj score=0.054
[DEBUG] Meraj score=0.054
[Entry-2] frame=3370 faces=0
[Entry-4] frame=3400 faces=0
[Entry-2] frame=3380 faces=0
[Entry-1] frame=3230 faces=2
[DEBUG] Amitabh Prajapati score=0.055
[DEBUG] Amitabh Prajapati score=0.055
[DEBUG] Aakash score=0.164
[DEBUG] Aakash score=0.164
[Entry-4] frame=3410 faces=0
[Entry-2] frame=3390 faces=0
[Entry-1] frame=3240 faces=0
[Entry-4] frame=3420 faces=0
[Entry-2] frame=3400 faces=0
[Entry-1] frame=3250 faces=1
[DEBUG] Meraj score=0.157
[DEBUG] Meraj score=0.157
[Entry-4] frame=3430 faces=0
[Entry-2] frame=3410 faces=0
[Entry-1] frame=3260 faces=1
[DEBUG] Aditya score=0.206
[DEBUG] Aditya score=0.206
[Entry-4] frame=3440 faces=0
[Entry-2] frame=3420 faces=0
[Entry-4] frame=3450 faces=0
[Entry-1] frame=3270 faces=1
[DEBUG] Aditya score=0.213
[DEBUG] Aditya score=0.213
[Entry-2] frame=3430 faces=0
[Entry-4] frame=3460 faces=0
[Entry-1] frame=3280 faces=1
[DEBUG] Aditya score=0.243
[DEBUG] Aditya score=0.243
[Entry-2] frame=3440 faces=0
[Entry-4] frame=3470 faces=0
[Entry-1] frame=3290 faces=1
[DEBUG] Meraj score=0.086
[DEBUG] Meraj score=0.086
[Entry-2] frame=3450 faces=0
[Entry-4] frame=3480 faces=0
[Entry-1] frame=3300 faces=1
[DEBUG] Meraj score=0.099
[DEBUG] Meraj score=0.099
[Entry-2] frame=3460 faces=0
[Entry-4] frame=3490 faces=0
[Entry-1] frame=3310 faces=0
[Entry-2] frame=3470 faces=0
[Entry-4] frame=3500 faces=0
[Entry-1] frame=3320 faces=1
[DEBUG] Kajal score=0.152
[DEBUG] Kajal score=0.152
[Entry-2] frame=3480 faces=0
[Entry-4] frame=3510 faces=0
[Entry-1] frame=3330 faces=0
[Entry-2] frame=3490 faces=0
[Entry-4] frame=3520 faces=0
[Entry-1] frame=3340 faces=1
[DEBUG] Abhishek  score=0.605
[DEBUG] Abhishek  score=0.605
[Entry-2] frame=3500 faces=0
[Entry-4] frame=3530 faces=0
[Entry-1] frame=3350 faces=1
[DEBUG] Abhishek  score=0.670
[DEBUG] Abhishek  score=0.670
[Entry-2] frame=3510 faces=0
[Entry-4] frame=3540 faces=0
[Entry-2] frame=3520 faces=0
[Entry-1] frame=3360 faces=2
[DEBUG] Abhishek  score=0.695
[DEBUG] Abhishek  score=0.695
[DEBUG] Prashant Kumar score=0.079
[DEBUG] Prashant Kumar score=0.079
[Entry-4] frame=3550 faces=0
[Entry-2] frame=3530 faces=0
[Entry-4] frame=3560 faces=0
[Entry-1] frame=3370 faces=2
[DEBUG] Abhishek  score=0.670
[DEBUG] Abhishek  score=0.670
[DEBUG] Praveen score=0.116
[DEBUG] Praveen score=0.116
[Entry-2] frame=3540 faces=0
[Entry-4] frame=3570 faces=0
[Entry-1] frame=3380 faces=2
[DEBUG] Abhishek  score=0.659
[DEBUG] Abhishek  score=0.659
[DEBUG] Aakash score=0.199
[DEBUG] Aakash score=0.199
[Entry-2] frame=3550 faces=0
[Entry-4] frame=3580 faces=0
[Entry-1] frame=3390 faces=0
[Entry-2] frame=3560 faces=0
[Entry-4] frame=3590 faces=0
[Entry-1] frame=3400 faces=1
[DEBUG] Prashant Kumar score=0.056
[DEBUG] Prashant Kumar score=0.056
[Entry-2] frame=3570 faces=0
[Entry-4] frame=3600 faces=0
[Entry-1] frame=3410 faces=1
[DEBUG] Rajan score=0.129
[DEBUG] Rajan score=0.129
[Entry-2] frame=3580 faces=0
[Entry-4] frame=3610 faces=0
[Entry-1] frame=3420 faces=1
[DEBUG] Prashant Kumar score=0.195
[DEBUG] Prashant Kumar score=0.195
[Entry-2] frame=3590 faces=0
[Entry-4] frame=3620 faces=0
[Entry-1] frame=3430 faces=1
[DEBUG] Neeraj  score=0.143
[DEBUG] Neeraj  score=0.143
[Entry-2] frame=3600 faces=0
[Entry-4] frame=3630 faces=0
[Entry-1] frame=3440 faces=0
[Entry-2] frame=3610 faces=0
[Entry-4] frame=3640 faces=0
[Entry-1] frame=3450 faces=0
[Entry-2] frame=3620 faces=0
[Entry-4] frame=3650 faces=0
[Entry-1] frame=3460 faces=0
[Entry-2] frame=3630 faces=0
[Entry-4] frame=3660 faces=0
[Entry-1] frame=3470 faces=1
[DEBUG] Aditya score=0.151
[DEBUG] Aditya score=0.151
[Entry-2] frame=3640 faces=0
[Entry-4] frame=3670 faces=0
[Entry-1] frame=3480 faces=0
[Entry-2] frame=3650 faces=0
[Entry-4] frame=3680 faces=0
[Entry-1] frame=3490 faces=0
[Entry-2] frame=3660 faces=0
[Entry-4] frame=3690 faces=0
[Entry-1] frame=3500 faces=0
[Entry-2] frame=3670 faces=0
[Entry-4] frame=3700 faces=0
[Entry-1] frame=3510 faces=1
[DEBUG] Abhishek  score=0.400
[DEBUG] Abhishek  score=0.400
[Entry-2] frame=3680 faces=0
[Entry-4] frame=3710 faces=0
[Entry-1] frame=3520 faces=0
[Entry-2] frame=3690 faces=0
[Entry-4] frame=3720 faces=0
[Entry-1] frame=3530 faces=0
[Entry-2] frame=3700 faces=0
[Entry-4] frame=3730 faces=0
[Entry-1] frame=3540 faces=0
[Entry-2] frame=3710 faces=0
[Entry-4] frame=3740 faces=0
[Entry-1] frame=3550 faces=0
[Entry-2] frame=3720 faces=0
[Entry-4] frame=3750 faces=0
[Entry-1] frame=3560 faces=0
[Entry-2] frame=3730 faces=0
[Entry-4] frame=3760 faces=0
[Entry-1] frame=3570 faces=1
[DEBUG] Amitabh Prajapati score=0.032
[DEBUG] Amitabh Prajapati score=0.032
[Entry-2] frame=3740 faces=0
[Entry-4] frame=3770 faces=0
[Entry-2] frame=3750 faces=0
[Entry-4] frame=3780 faces=0
[Entry-1] frame=3580 faces=2
[DEBUG] Ravi Shankar score=0.118
[DEBUG] Ravi Shankar score=0.118
[DEBUG] Aditya score=0.134
[DEBUG] Aditya score=0.134
[Entry-2] frame=3760 faces=0
[Entry-4] frame=3790 faces=0
[Entry-1] frame=3590 faces=2
[DEBUG] Abhishek  score=0.353
[DEBUG] Abhishek  score=0.353
[DEBUG] Aditya score=0.140
[DEBUG] Aditya score=0.140
[Entry-2] frame=3770 faces=0
[Entry-4] frame=3800 faces=0
[Entry-1] frame=3600 faces=1
[DEBUG] Abhishek  score=0.425
[DEBUG] Abhishek  score=0.425
[Entry-2] frame=3780 faces=0
[Entry-4] frame=3810 faces=0
[Entry-1] frame=3610 faces=2
[DEBUG] Rishu Kumar score=0.082
[DEBUG] Rishu Kumar score=0.082
[DEBUG] Neeraj  score=0.047
[DEBUG] Neeraj  score=0.047
[Entry-2] frame=3790 faces=0
[Entry-4] frame=3820 faces=0
[Entry-1] frame=3620 faces=1
[DEBUG] Abhishek  score=0.353
[DEBUG] Abhishek  score=0.353
[Entry-2] frame=3800 faces=0
[Entry-4] frame=3830 faces=0
[Entry-1] frame=3630 faces=0
[Entry-2] frame=3810 faces=0
[Entry-4] frame=3840 faces=0
[Entry-1] frame=3640 faces=1
[DEBUG] Abhishek  score=0.571
[DEBUG] Abhishek  score=0.571
[Entry-2] frame=3820 faces=0
[Entry-4] frame=3850 faces=0
[Entry-1] frame=3650 faces=1
[DEBUG] Abhishek  score=0.505
[DEBUG] Abhishek  score=0.505
[Entry-2] frame=3830 faces=0
[Entry-4] frame=3860 faces=0
[Entry-2] frame=3840 faces=0
[Entry-1] frame=3660 faces=1
[DEBUG] Abhishek  score=0.490
[DEBUG] Abhishek  score=0.490
[Entry-4] frame=3870 faces=0
[Entry-2] frame=3850 faces=0
[Entry-1] frame=3670 faces=1
[DEBUG] Abhishek  score=0.486
[DEBUG] Abhishek  score=0.486
[Entry-4] frame=3880 faces=0
[Entry-2] frame=3860 faces=0
[Entry-4] frame=3890 faces=0
[Entry-1] frame=3680 faces=1
[DEBUG] Abhishek  score=0.230
[DEBUG] Abhishek  score=0.230
[Entry-2] frame=3870 faces=0
[Entry-4] frame=3900 faces=0
[Entry-1] frame=3690 faces=0
[Entry-2] frame=3880 faces=0
[Entry-4] frame=3910 faces=0
[Entry-1] frame=3700 faces=0
[Entry-2] frame=3890 faces=0
[Entry-4] frame=3920 faces=0
[Entry-1] frame=3710 faces=0
[Entry-2] frame=3900 faces=0
[Entry-4] frame=3930 faces=0
[Entry-1] frame=3720 faces=0
[Entry-2] frame=3910 faces=0
[Entry-4] frame=3940 faces=0
[Entry-1] frame=3730 faces=0
[Entry-2] frame=3920 faces=0
[Entry-4] frame=3950 faces=0
[Entry-1] frame=3740 faces=1
[DEBUG] Aakash score=0.220
[DEBUG] Aakash score=0.220
[Entry-2] frame=3930 faces=0
[Entry-4] frame=3960 faces=0
[Entry-1] frame=3750 faces=0
[Entry-2] frame=3940 faces=0
[Entry-4] frame=3970 faces=0
[Entry-1] frame=3760 faces=0
[Entry-2] frame=3950 faces=0
[Entry-4] frame=3980 faces=0
[Entry-1] frame=3770 faces=0
[Entry-2] frame=3960 faces=0
[Entry-4] frame=3990 faces=0
[Entry-1] frame=3780 faces=0
[Entry-2] frame=3970 faces=0
[Entry-4] frame=4000 faces=0
[Entry-1] frame=3790 faces=0
[Entry-2] frame=3980 faces=0
[Entry-4] frame=4010 faces=0
[Entry-1] frame=3800 faces=0
[Entry-2] frame=3990 faces=0
[Entry-4] frame=4020 faces=0
[Entry-1] frame=3810 faces=0
[Entry-2] frame=4000 faces=0
[Entry-4] frame=4030 faces=0
[Entry-1] frame=3820 faces=0
[Entry-2] frame=4010 faces=0
[Entry-4] frame=4040 faces=0
[Entry-1] frame=3830 faces=0
[Entry-2] frame=4020 faces=0
[Entry-4] frame=4050 faces=0
[Entry-1] frame=3840 faces=0
[Entry-2] frame=4030 faces=0
[Entry-4] frame=4060 faces=0
[Entry-1] frame=3850 faces=1
[DEBUG] Rajan score=0.058
[DEBUG] Rajan score=0.058
[Entry-2] frame=4040 faces=0
[Entry-4] frame=4070 faces=0
[Entry-1] frame=3860 faces=1
[DEBUG] Ravi Shankar score=0.067
[DEBUG] Ravi Shankar score=0.067
[Entry-2] frame=4050 faces=0
[Entry-4] frame=4080 faces=0
[Entry-1] frame=3870 faces=0
[Entry-2] frame=4060 faces=0
[Entry-4] frame=4090 faces=0
[Entry-1] frame=3880 faces=0
[Entry-2] frame=4070 faces=0
[Entry-4] frame=4100 faces=0
[Entry-1] frame=3890 faces=0
[Entry-2] frame=4080 faces=0
[Entry-4] frame=4110 faces=0
[Entry-1] frame=3900 faces=0
[Entry-2] frame=4090 faces=0
[Entry-4] frame=4120 faces=0
[Entry-1] frame=3910 faces=0
[Entry-2] frame=4100 faces=0
[Entry-4] frame=4130 faces=0
[Entry-1] frame=3920 faces=0
[Entry-2] frame=4110 faces=0
[Entry-4] frame=4140 faces=0
[Entry-1] frame=3930 faces=0
[Entry-2] frame=4120 faces=0
[Entry-4] frame=4150 faces=0
[Entry-1] frame=3940 faces=0
[Entry-2] frame=4130 faces=0
[Entry-4] frame=4160 faces=0
[Entry-1] frame=3950 faces=0
[Entry-2] frame=4140 faces=0
[Entry-4] frame=4170 faces=0
[Entry-1] frame=3960 faces=0
[Entry-2] frame=4150 faces=0
[Entry-4] frame=4180 faces=0
[Entry-1] frame=3970 faces=0
[Entry-2] frame=4160 faces=0
[Entry-4] frame=4190 faces=0
[Entry-1] frame=3980 faces=0
[Entry-2] frame=4170 faces=0
[Entry-4] frame=4200 faces=0
[Entry-1] frame=3990 faces=0
[Entry-2] frame=4180 faces=0
[Entry-4] frame=4210 faces=0
[Entry-1] frame=4000 faces=0
[Entry-2] frame=4190 faces=0
[Entry-4] frame=4220 faces=0
[Entry-1] frame=4010 faces=1
[DEBUG] Meraj score=0.100
[DEBUG] Meraj score=0.100
[Entry-2] frame=4200 faces=0
[Entry-4] frame=4230 faces=0
[Entry-1] frame=4020 faces=0
[Entry-2] frame=4210 faces=0
[Entry-4] frame=4240 faces=0
[Entry-1] frame=4030 faces=1
[DEBUG] Neeraj  score=0.101
[DEBUG] Neeraj  score=0.101
[Entry-2] frame=4220 faces=0
[Entry-4] frame=4250 faces=0
[Entry-1] frame=4040 faces=1
[DEBUG] Rajan score=0.045
[DEBUG] Rajan score=0.045
[Entry-2] frame=4230 faces=0
[Entry-4] frame=4260 faces=0
[Entry-1] frame=4050 faces=0
[Entry-2] frame=4240 faces=0
[Entry-4] frame=4270 faces=0
[Entry-1] frame=4060 faces=0
[Entry-2] frame=4250 faces=0
[Entry-4] frame=4280 faces=0
[Entry-1] frame=4070 faces=0
[Entry-2] frame=4260 faces=0
[Entry-4] frame=4290 faces=0
[Entry-1] frame=4080 faces=0
[Entry-2] frame=4270 faces=0
[Entry-4] frame=4300 faces=0
[Entry-1] frame=4090 faces=0
[Entry-2] frame=4280 faces=0
[Entry-4] frame=4310 faces=0
[Entry-1] frame=4100 faces=0
[Entry-2] frame=4290 faces=0
[Entry-4] frame=4320 faces=0
[Entry-1] frame=4110 faces=1
[DEBUG] Prashant Kumar score=0.102
[DEBUG] Prashant Kumar score=0.102
[Entry-2] frame=4300 faces=0
[Entry-4] frame=4330 faces=0
[Entry-1] frame=4120 faces=0
[Entry-2] frame=4310 faces=0
[Entry-4] frame=4340 faces=0
[Entry-1] frame=4130 faces=0
[Entry-2] frame=4320 faces=0
[Entry-4] frame=4350 faces=0
[Entry-1] frame=4140 faces=1
[DEBUG] Rajan score=0.082
[DEBUG] Rajan score=0.082
[Entry-2] frame=4330 faces=0
[Entry-4] frame=4360 faces=0
[Entry-1] frame=4150 faces=0
[Entry-2] frame=4340 faces=0
[Entry-4] frame=4370 faces=0
[Entry-1] frame=4160 faces=0
[Entry-2] frame=4350 faces=0
[Entry-4] frame=4380 faces=0
[Entry-1] frame=4170 faces=0
[Entry-2] frame=4360 faces=0
[Entry-4] frame=4390 faces=0
[Entry-1] frame=4180 faces=0
[Entry-2] frame=4370 faces=0
[Entry-4] frame=4400 faces=0
[Entry-1] frame=4190 faces=0
[Entry-2] frame=4380 faces=0
[Entry-4] frame=4410 faces=0
[Entry-1] frame=4200 faces=0
[Entry-2] frame=4390 faces=0
[Entry-4] frame=4420 faces=0
[Entry-1] frame=4210 faces=0
[Entry-2] frame=4400 faces=0
[Entry-4] frame=4430 faces=0
[Entry-1] frame=4220 faces=0
[Entry-2] frame=4410 faces=0
[Entry-4] frame=4440 faces=0
[Entry-1] frame=4230 faces=0
[Entry-2] frame=4420 faces=0
[Entry-4] frame=4450 faces=0
[Entry-1] frame=4240 faces=0
[Entry-2] frame=4430 faces=0
[Entry-4] frame=4460 faces=0
[Entry-1] frame=4250 faces=0
[Entry-2] frame=4440 faces=0
[Entry-4] frame=4470 faces=0
[Entry-1] frame=4260 faces=1
[DEBUG] Neeraj  score=0.123
[DEBUG] Neeraj  score=0.123
[Entry-2] frame=4450 faces=0
[Entry-4] frame=4480 faces=0
[Entry-1] frame=4270 faces=0
[Entry-2] frame=4460 faces=0
[Entry-4] frame=4490 faces=0
[Entry-2] frame=4470 faces=0
[Entry-1] frame=4280 faces=1
[DEBUG] Neeraj  score=0.105
[DEBUG] Neeraj  score=0.105
[Entry-4] frame=4500 faces=0
[Entry-2] frame=4480 faces=0
[Entry-1] frame=4290 faces=0
[Entry-4] frame=4510 faces=0
[Entry-2] frame=4490 faces=0
[Entry-4] frame=4520 faces=0
[Entry-1] frame=4300 faces=1
[DEBUG] Neeraj  score=0.183
[DEBUG] Neeraj  score=0.183
[Entry-2] frame=4500 faces=0
[Entry-4] frame=4530 faces=0
[Entry-1] frame=4310 faces=1
[DEBUG] Prashant Kumar score=0.118
[DEBUG] Prashant Kumar score=0.118
[Entry-2] frame=4510 faces=0
[Entry-4] frame=4540 faces=0
[Entry-1] frame=4320 faces=0
[Entry-2] frame=4520 faces=0
[Entry-4] frame=4550 faces=0
[Entry-1] frame=4330 faces=0
[Entry-2] frame=4530 faces=0
[Entry-4] frame=4560 faces=0
[Entry-1] frame=4340 faces=0
[Entry-2] frame=4540 faces=0
[Entry-4] frame=4570 faces=0
[Entry-1] frame=4350 faces=0
[Entry-2] frame=4550 faces=0
[Entry-4] frame=4580 faces=0
[Entry-1] frame=4360 faces=0
[Entry-2] frame=4560 faces=0
[Entry-4] frame=4590 faces=0
[Entry-1] frame=4370 faces=0
[Entry-2] frame=4570 faces=0
[Entry-4] frame=4600 faces=0
[Entry-1] frame=4380 faces=0
[Entry-2] frame=4580 faces=0
[Entry-4] frame=4610 faces=0
[Entry-1] frame=4390 faces=0
[Entry-2] frame=4590 faces=0
[Entry-4] frame=4620 faces=0
[Entry-1] frame=4400 faces=1
[DEBUG] Rajan score=0.040
[DEBUG] Rajan score=0.040
[Entry-2] frame=4600 faces=0
[Entry-4] frame=4630 faces=0
[Entry-1] frame=4410 faces=0
[Entry-2] frame=4610 faces=0
[Entry-4] frame=4640 faces=0
[Entry-1] frame=4420 faces=0
[Entry-2] frame=4620 faces=0
[Entry-4] frame=4650 faces=0
[Entry-1] frame=4430 faces=0
[Entry-2] frame=4630 faces=0
[Entry-4] frame=4660 faces=0
[Entry-1] frame=4440 faces=1
[DEBUG] Meraj score=0.121
[DEBUG] Meraj score=0.121
[Entry-2] frame=4640 faces=0
[Entry-4] frame=4670 faces=0
[Entry-1] frame=4450 faces=1
[DEBUG] Meraj score=0.088
[DEBUG] Meraj score=0.088
[Entry-2] frame=4650 faces=0
[Entry-4] frame=4680 faces=0
[Entry-1] frame=4460 faces=1
[DEBUG] Meraj score=0.084
[DEBUG] Meraj score=0.084
[Entry-2] frame=4660 faces=0
[Entry-4] frame=4690 faces=0
[Entry-1] frame=4470 faces=1
[DEBUG] Prashant Kumar score=0.131
[DEBUG] Prashant Kumar score=0.131
[Entry-2] frame=4670 faces=0
[Entry-4] frame=4700 faces=0
[Entry-1] frame=4480 faces=1
[DEBUG] Prashant Kumar score=0.131
[DEBUG] Prashant Kumar score=0.131
[Entry-2] frame=4680 faces=0
[Entry-4] frame=4710 faces=0
[Entry-2] frame=4690 faces=0
[Entry-1] frame=4490 faces=1
[DEBUG] Meraj score=0.136
[DEBUG] Meraj score=0.136
[Entry-4] frame=4720 faces=0
[Entry-2] frame=4700 faces=0
[Entry-4] frame=4730 faces=0
[Entry-1] frame=4500 faces=1
[DEBUG] Meraj score=0.127
[DEBUG] Meraj score=0.127
[Entry-2] frame=4710 faces=0
[Entry-4] frame=4740 faces=0
[Entry-1] frame=4510 faces=1
[DEBUG] Prashant Kumar score=0.061
[DEBUG] Prashant Kumar score=0.061
[Entry-2] frame=4720 faces=0
[Entry-4] frame=4750 faces=0
[Entry-1] frame=4520 faces=1
[DEBUG] Prashant Kumar score=0.151
[DEBUG] Prashant Kumar score=0.151
[Entry-2] frame=4730 faces=0
[Entry-4] frame=4760 faces=0
[Entry-1] frame=4530 faces=1
[DEBUG] Prashant Kumar score=0.129
[DEBUG] Prashant Kumar score=0.129
[Entry-2] frame=4740 faces=0
[Entry-4] frame=4770 faces=0
[Entry-1] frame=4540 faces=1
[DEBUG] Prashant Kumar score=0.145
[DEBUG] Prashant Kumar score=0.145
[Entry-2] frame=4750 faces=0
[Entry-4] frame=4780 faces=0
[Entry-1] frame=4550 faces=1
[DEBUG] Prashant Kumar score=0.146
[DEBUG] Prashant Kumar score=0.146
[Entry-2] frame=4760 faces=0
[Entry-4] frame=4790 faces=0
[Entry-1] frame=4560 faces=1
[DEBUG] Prashant Kumar score=0.144
[DEBUG] Prashant Kumar score=0.144
[Entry-2] frame=4770 faces=0
[Entry-4] frame=4800 faces=0
[Entry-1] frame=4570 faces=1
[DEBUG] Prashant Kumar score=0.131
[DEBUG] Prashant Kumar score=0.131
[Entry-2] frame=4780 faces=0
[Entry-4] frame=4810 faces=0
[Entry-1] frame=4580 faces=1
[DEBUG] Satya  score=0.139
[DEBUG] Satya  score=0.139
[Entry-2] frame=4790 faces=0
[Entry-4] frame=4820 faces=0
[Entry-2] frame=4800 faces=0
[Entry-1] frame=4590 faces=1
[DEBUG] Prashant Kumar score=0.165
[DEBUG] Prashant Kumar score=0.165
[Entry-4] frame=4830 faces=0
[Entry-2] frame=4810 faces=0
[Entry-1] frame=4600 faces=1
[DEBUG] Prashant Kumar score=0.127
[DEBUG] Prashant Kumar score=0.127
[Entry-4] frame=4840 faces=0
[Entry-2] frame=4820 faces=0
[Entry-4] frame=4850 faces=0
[Entry-1] frame=4610 faces=1
[DEBUG] Prashant Kumar score=0.123
[DEBUG] Prashant Kumar score=0.123
[Entry-2] frame=4830 faces=0
[Entry-4] frame=4860 faces=0
[Entry-1] frame=4620 faces=1
[DEBUG] Prashant Kumar score=0.140
[DEBUG] Prashant Kumar score=0.140
[Entry-2] frame=4840 faces=0
[Entry-4] frame=4870 faces=0
[Entry-1] frame=4630 faces=1
[DEBUG] Satya  score=0.146
[DEBUG] Satya  score=0.146
[Entry-2] frame=4850 faces=0
[Entry-4] frame=4880 faces=0
[Entry-1] frame=4640 faces=1
[DEBUG] Meraj score=0.133
[DEBUG] Meraj score=0.133
[Entry-2] frame=4860 faces=0
[Entry-4] frame=4890 faces=0
[Entry-1] frame=4650 faces=1
[DEBUG] Satya  score=0.131
[DEBUG] Satya  score=0.131
[Entry-2] frame=4870 faces=0
[Entry-4] frame=4900 faces=0
[Entry-1] frame=4660 faces=1
[DEBUG] Satya  score=0.117
[DEBUG] Satya  score=0.117
[Entry-2] frame=4880 faces=0
[Entry-4] frame=4910 faces=0
[Entry-1] frame=4670 faces=1
[DEBUG] Aakash score=0.244
[DEBUG] Aakash score=0.244
[Entry-2] frame=4890 faces=0
[Entry-4] frame=4920 faces=0
[Entry-1] frame=4680 faces=1
[DEBUG] Aakash score=0.219
[DEBUG] Aakash score=0.219
[Entry-2] frame=4900 faces=0
[Entry-4] frame=4930 faces=0
[Entry-2] frame=4910 faces=0
[Entry-1] frame=4690 faces=1
[DEBUG] Meraj score=0.101
[DEBUG] Meraj score=0.101
[Entry-4] frame=4940 faces=0
[Entry-2] frame=4920 faces=0
[Entry-4] frame=4950 faces=0
[Entry-1] frame=4700 faces=1
[DEBUG] Meraj score=0.106
[DEBUG] Meraj score=0.106
[Entry-2] frame=4930 faces=0
[Entry-4] frame=4960 faces=0
[Entry-1] frame=4710 faces=1
[DEBUG] Neeraj  score=0.068
[DEBUG] Neeraj  score=0.068
[Entry-2] frame=4940 faces=0
[Entry-4] frame=4970 faces=0
[Entry-1] frame=4720 faces=2
[DEBUG] Aakash score=0.756
[DEBUG] Aakash score=0.756
[DEBUG] Meraj score=0.061
[DEBUG] Meraj score=0.061
[Entry-2] frame=4950 faces=0
[Entry-4] frame=4980 faces=0
[Entry-1] frame=4730 faces=2
[DEBUG] Aakash score=0.731
[DEBUG] Aakash score=0.731
[DEBUG] Meraj score=0.101
[DEBUG] Meraj score=0.101
[Entry-2] frame=4960 faces=0
[Entry-4] frame=4990 faces=0
[Entry-2] frame=4970 faces=0
[Entry-1] frame=4740 faces=2
[DEBUG] Aakash score=0.653
[DEBUG] Aakash score=0.653
[DEBUG] Prashant Kumar score=0.081
[DEBUG] Prashant Kumar score=0.081
[Entry-4] frame=5000 faces=0
[Entry-2] frame=4980 faces=0
[Entry-4] frame=5010 faces=0
[Entry-1] frame=4750 faces=1
[DEBUG] Meraj score=0.069
[DEBUG] Meraj score=0.069
[Entry-2] frame=4990 faces=0
[Entry-4] frame=5020 faces=0
[Entry-1] frame=4760 faces=1
[DEBUG] Meraj score=0.095
[DEBUG] Meraj score=0.095
[Entry-2] frame=5000 faces=0
[Entry-4] frame=5030 faces=0
[Entry-1] frame=4770 faces=1
[DEBUG] Prashant Kumar score=0.086
[DEBUG] Prashant Kumar score=0.086
[Entry-2] frame=5010 faces=0
[Entry-4] frame=5040 faces=0
[Entry-1] frame=4780 faces=1
[DEBUG] Meraj score=0.057
[DEBUG] Meraj score=0.057
[Entry-2] frame=5020 faces=0
[Entry-4] frame=5050 faces=0
[Entry-1] frame=4790 faces=1
[DEBUG] Rajan score=0.060
[DEBUG] Rajan score=0.060
[Entry-2] frame=5030 faces=0
[Entry-4] frame=5060 faces=0
[Entry-1] frame=4800 faces=1
[DEBUG] Neeraj  score=0.063
[DEBUG] Neeraj  score=0.063
[Entry-2] frame=5040 faces=0
[Entry-4] frame=5070 faces=0
[Entry-1] frame=4810 faces=1
[DEBUG] Meraj score=0.084
[DEBUG] Meraj score=0.084
[Entry-2] frame=5050 faces=0
[Entry-4] frame=5080 faces=0
[Entry-2] frame=5060 faces=0
[Entry-1] frame=4820 faces=1
[DEBUG] Satya  score=0.073
[DEBUG] Satya  score=0.073
[Entry-4] frame=5090 faces=0
[Entry-2] frame=5070 faces=0
[Entry-1] frame=4830 faces=1
[DEBUG] Prashant Kumar score=0.110
[DEBUG] Prashant Kumar score=0.110
[Entry-4] frame=5100 faces=0
[Entry-2] frame=5080 faces=0
[Entry-4] frame=5110 faces=0
[Entry-1] frame=4840 faces=1
[DEBUG] Prashant Kumar score=0.101
[DEBUG] Prashant Kumar score=0.101
[Entry-2] frame=5090 faces=0
[Entry-4] frame=5120 faces=0
[Entry-1] frame=4850 faces=1
[DEBUG] Prashant Kumar score=0.086
[DEBUG] Prashant Kumar score=0.086
[Entry-2] frame=5100 faces=0
[Entry-4] frame=5130 faces=0
[Entry-1] frame=4860 faces=1
[DEBUG] Prashant Kumar score=0.080
[DEBUG] Prashant Kumar score=0.080
[Entry-2] frame=5110 faces=0
[Entry-4] frame=5140 faces=0
[Entry-1] frame=4870 faces=1
[DEBUG] Rajan score=0.128
[DEBUG] Rajan score=0.128
[Entry-2] frame=5120 faces=0
[Entry-4] frame=5150 faces=0
[Entry-1] frame=4880 faces=1
[DEBUG] Rajan score=0.151
[DEBUG] Rajan score=0.151
[Entry-2] frame=5130 faces=0
[Entry-4] frame=5160 faces=0
[Entry-1] frame=4890 faces=1
[DEBUG] Prashant Kumar score=0.104
[DEBUG] Prashant Kumar score=0.104
[Entry-2] frame=5140 faces=0
[Entry-4] frame=5170 faces=0
[Entry-1] frame=4900 faces=1
[DEBUG] Amitabh Prajapati score=0.101
[DEBUG] Amitabh Prajapati score=0.101
[Entry-2] frame=5150 faces=0
[Entry-4] frame=5180 faces=0
[Entry-1] frame=4910 faces=0
[Entry-2] frame=5160 faces=0
[Entry-4] frame=5190 faces=0
[Entry-1] frame=4920 faces=0
[Entry-2] frame=5170 faces=0
[Entry-4] frame=5200 faces=0
[Entry-2] frame=5180 faces=0
[Entry-1] frame=4930 faces=1
[DEBUG] Aakash score=0.205
[DEBUG] Aakash score=0.205
[Entry-4] frame=5210 faces=0
[Entry-2] frame=5190 faces=0
[Entry-1] frame=4940 faces=0
[Entry-4] frame=5220 faces=0
[Entry-2] frame=5200 faces=0
[Entry-1] frame=4950 faces=0
[Entry-4] frame=5230 faces=0
[Entry-2] frame=5210 faces=0
[Entry-1] frame=4960 faces=0
[Entry-4] frame=5240 faces=0
[Entry-2] frame=5220 faces=0
[Entry-1] frame=4970 faces=0
[Entry-4] frame=5250 faces=0
[Entry-2] frame=5230 faces=0
[Entry-1] frame=4980 faces=0
[Entry-4] frame=5260 faces=0
[Entry-2] frame=5240 faces=0
[Entry-1] frame=4990 faces=0
[Entry-4] frame=5270 faces=0
[Entry-2] frame=5250 faces=0
[Entry-1] frame=5000 faces=0
[Entry-4] frame=5280 faces=0
[Entry-2] frame=5260 faces=0
[Entry-1] frame=5010 faces=0
[Entry-4] frame=5290 faces=0
[Entry-2] frame=5270 faces=0
[Entry-1] frame=5020 faces=0
[Entry-4] frame=5300 faces=0
[Entry-2] frame=5280 faces=0
[Entry-1] frame=5030 faces=0
[Entry-4] frame=5310 faces=0
[Entry-2] frame=5290 faces=0
[Entry-1] frame=5040 faces=0
[Entry-4] frame=5320 faces=0
[Entry-2] frame=5300 faces=0
[Entry-1] frame=5050 faces=0
[Entry-4] frame=5330 faces=0
[Entry-2] frame=5310 faces=0
[Entry-1] frame=5060 faces=0
[Entry-4] frame=5340 faces=0
[Entry-2] frame=5320 faces=0
[Entry-1] frame=5070 faces=0
[Entry-4] frame=5350 faces=0
[Entry-2] frame=5330 faces=0
[Entry-1] frame=5080 faces=0
[Entry-4] frame=5360 faces=0
[Entry-2] frame=5340 faces=0
[Entry-1] frame=5090 faces=0
[Entry-4] frame=5370 faces=1
[DEBUG] Kajal score=0.248
[DEBUG] Kajal score=0.248
[Entry-2] frame=5350 faces=0
[Entry-1] frame=5100 faces=0
[Entry-4] frame=5380 faces=0
[Entry-2] frame=5360 faces=0
[Entry-1] frame=5110 faces=0
[Entry-4] frame=5390 faces=0
[Entry-2] frame=5370 faces=0
[Entry-1] frame=5120 faces=0
[Entry-4] frame=5400 faces=0
[Entry-2] frame=5380 faces=0
[Entry-1] frame=5130 faces=0
[Entry-4] frame=5410 faces=0
[Entry-2] frame=5390 faces=0
[Entry-1] frame=5140 faces=0
[Entry-4] frame=5420 faces=0
[Entry-2] frame=5400 faces=0
[Entry-1] frame=5150 faces=0
[Entry-4] frame=5430 faces=0
[Entry-1] frame=5160 faces=0
[Entry-2] frame=5410 faces=1
[DEBUG] Kajal score=0.162
[DEBUG] Kajal score=0.162
[Entry-4] frame=5440 faces=0
[Entry-1] frame=5170 faces=0
[Entry-2] frame=5420 faces=0
[Entry-4] frame=5450 faces=0
[Entry-1] frame=5180 faces=1
[DEBUG] Sunny  score=0.063
[DEBUG] Sunny  score=0.063
[Entry-4] frame=5460 faces=0
[Entry-2] frame=5430 faces=1
[DEBUG] Kajal score=0.374
[DEBUG] Kajal score=0.374
[Entry-1] frame=5190 faces=0
[Entry-4] frame=5470 faces=0
[Entry-2] frame=5440 faces=1
[DEBUG] Kajal score=0.519
[DEBUG] Kajal score=0.519
[Entry-1] frame=5200 faces=0
[Entry-4] frame=5480 faces=0
[Entry-2] frame=5450 faces=0
[Entry-1] frame=5210 faces=0
[Entry-4] frame=5490 faces=0
[Entry-2] frame=5460 faces=0
[Entry-1] frame=5220 faces=0
[Entry-4] frame=5500 faces=0
[Entry-2] frame=5470 faces=0
[Entry-1] frame=5230 faces=0
[Entry-4] frame=5510 faces=0
[Entry-2] frame=5480 faces=0
[Entry-1] frame=5240 faces=0
[Entry-4] frame=5520 faces=0
[Entry-2] frame=5490 faces=1
[DEBUG] Kuldeep score=0.097
[DEBUG] Kuldeep score=0.097
[Entry-1] frame=5250 faces=0
[Entry-4] frame=5530 faces=0
[Entry-2] frame=5500 faces=1
[DEBUG] Kajal score=0.324
[DEBUG] Kajal score=0.324
[Entry-1] frame=5260 faces=0
[Entry-4] frame=5540 faces=0
[Entry-2] frame=5510 faces=0
[Entry-1] frame=5270 faces=0
[Entry-4] frame=5550 faces=0
[Entry-2] frame=5520 faces=0
[Entry-1] frame=5280 faces=0
[Entry-4] frame=5560 faces=0
[Entry-2] frame=5530 faces=0
[Entry-1] frame=5290 faces=0
[Entry-4] frame=5570 faces=0
[Entry-2] frame=5540 faces=1
[DEBUG] Meraj score=0.201
[DEBUG] Meraj score=0.201
[Entry-1] frame=5300 faces=0
[Entry-4] frame=5580 faces=0
[Entry-2] frame=5550 faces=0
[Entry-1] frame=5310 faces=0
[Entry-4] frame=5590 faces=0
[Entry-2] frame=5560 faces=0
[Entry-1] frame=5320 faces=0
[Entry-4] frame=5600 faces=0
[Entry-2] frame=5570 faces=0
[Entry-1] frame=5330 faces=0
[Entry-4] frame=5610 faces=0
[Entry-2] frame=5580 faces=0
[Entry-1] frame=5340 faces=0
[Entry-4] frame=5620 faces=0
[Entry-2] frame=5590 faces=1
[DEBUG] Kajal score=0.567
[DEBUG] Kajal score=0.567
[Entry-1] frame=5350 faces=0
[Entry-4] frame=5630 faces=0
[Entry-2] frame=5600 faces=0
[Entry-1] frame=5360 faces=0
[Entry-4] frame=5640 faces=0
[Entry-2] frame=5610 faces=0
[Entry-1] frame=5370 faces=0
[Entry-4] frame=5650 faces=0
[Entry-2] frame=5620 faces=0
[Entry-1] frame=5380 faces=0
[Entry-4] frame=5660 faces=0
[Entry-2] frame=5630 faces=0
[Entry-1] frame=5390 faces=0
[Entry-4] frame=5670 faces=0
[Entry-2] frame=5640 faces=1
[DEBUG] Meraj score=0.232
[DEBUG] Meraj score=0.232
[Entry-1] frame=5400 faces=0
[Entry-4] frame=5680 faces=0
[Entry-2] frame=5650 faces=1
[DEBUG] Meraj score=0.209
[DEBUG] Meraj score=0.209
[Entry-1] frame=5410 faces=0
[Entry-4] frame=5690 faces=0
[Entry-2] frame=5660 faces=0
[Entry-1] frame=5420 faces=0
[Entry-4] frame=5700 faces=0
[Entry-2] frame=5670 faces=0
[Entry-1] frame=5430 faces=0
[Entry-4] frame=5710 faces=0
[Entry-2] frame=5680 faces=0
[Entry-1] frame=5440 faces=0
[Entry-4] frame=5720 faces=0
[Entry-2] frame=5690 faces=0
[Entry-1] frame=5450 faces=0
[Entry-4] frame=5730 faces=0
[Entry-2] frame=5700 faces=0
[Entry-1] frame=5460 faces=0
[Entry-4] frame=5740 faces=0
[Entry-2] frame=5710 faces=0
[Entry-1] frame=5470 faces=0
[Entry-4] frame=5750 faces=0
[Entry-2] frame=5720 faces=1
[DEBUG] Prashant Kumar score=0.259
[DEBUG] Prashant Kumar score=0.259
[Entry-1] frame=5480 faces=0
[Entry-4] frame=5760 faces=0
[Entry-2] frame=5730 faces=1
[DEBUG] Prashant Kumar score=0.340
[DEBUG] Prashant Kumar score=0.340
[Entry-1] frame=5490 faces=0
[Entry-4] frame=5770 faces=0
[Entry-2] frame=5740 faces=1
[DEBUG] Prashant Kumar score=0.437
[DEBUG] Prashant Kumar score=0.437
[Entry-1] frame=5500 faces=0
[Entry-4] frame=5780 faces=0
[Entry-2] frame=5750 faces=1
[DEBUG] Prashant Kumar score=0.484
[DEBUG] Prashant Kumar score=0.484
[Entry-1] frame=5510 faces=0
[Entry-4] frame=5790 faces=0
[Entry-1] frame=5520 faces=0
[Entry-2] frame=5760 faces=1
[DEBUG] Prashant Kumar score=0.513
[DEBUG] Prashant Kumar score=0.513
[Entry-4] frame=5800 faces=0
[Entry-1] frame=5530 faces=0
[Entry-4] frame=5810 faces=0
[Entry-2] frame=5770 faces=1
[DEBUG] Prashant Kumar score=0.402
[DEBUG] Prashant Kumar score=0.402
[Entry-1] frame=5540 faces=0
[Entry-4] frame=5820 faces=0
[Entry-2] frame=5780 faces=0
[Entry-1] frame=5550 faces=0
[Entry-4] frame=5830 faces=0
[Entry-2] frame=5790 faces=0
[Entry-1] frame=5560 faces=0
[Entry-4] frame=5840 faces=0
[Entry-2] frame=5800 faces=0
[Entry-1] frame=5570 faces=0
[Entry-4] frame=5850 faces=0
[Entry-2] frame=5810 faces=0
[Entry-1] frame=5580 faces=0
[Entry-4] frame=5860 faces=0
[Entry-2] frame=5820 faces=0
[Entry-1] frame=5590 faces=0
[Entry-4] frame=5870 faces=0
[Entry-2] frame=5830 faces=0
[Entry-1] frame=5600 faces=0
[Entry-4] frame=5880 faces=0
[Entry-2] frame=5840 faces=0
[Entry-1] frame=5610 faces=0
[Entry-4] frame=5890 faces=0
[Entry-2] frame=5850 faces=0
[Entry-1] frame=5620 faces=0
[Entry-4] frame=5900 faces=0
[Entry-2] frame=5860 faces=0
[Entry-1] frame=5630 faces=0
[Entry-4] frame=5910 faces=0
[Entry-2] frame=5870 faces=0
[Entry-1] frame=5640 faces=0
[Entry-4] frame=5920 faces=0
[Entry-2] frame=5880 faces=0
[Entry-1] frame=5650 faces=0
[Entry-4] frame=5930 faces=0
[Entry-2] frame=5890 faces=0
[Entry-1] frame=5660 faces=0
[Entry-4] frame=5940 faces=0
[Entry-2] frame=5900 faces=0
[Entry-1] frame=5670 faces=0
[Entry-4] frame=5950 faces=0
[Entry-2] frame=5910 faces=0
[Entry-1] frame=5680 faces=0
[Entry-4] frame=5960 faces=0
[Entry-2] frame=5920 faces=0
[Entry-1] frame=5690 faces=0
[Entry-4] frame=5970 faces=0
[Entry-2] frame=5930 faces=0
[Entry-1] frame=5700 faces=0
[Entry-4] frame=5980 faces=0
[Entry-2] frame=5940 faces=0
[Entry-1] frame=5710 faces=0
[Entry-4] frame=5990 faces=0
[Entry-2] frame=5950 faces=0
[Entry-1] frame=5720 faces=0
[Entry-4] frame=6000 faces=0
[Entry-2] frame=5960 faces=0
[Entry-1] frame=5730 faces=0
[Entry-4] frame=6010 faces=0
[Entry-2] frame=5970 faces=0
[Entry-1] frame=5740 faces=0
[Entry-4] frame=6020 faces=0
[Entry-2] frame=5980 faces=0
[Entry-1] frame=5750 faces=0
[Entry-4] frame=6030 faces=0
[Entry-2] frame=5990 faces=0
[Entry-1] frame=5760 faces=0
[Entry-4] frame=6040 faces=0
[Entry-2] frame=6000 faces=0
[Entry-1] frame=5770 faces=0
[Entry-4] frame=6050 faces=0
[Entry-2] frame=6010 faces=0
[Entry-1] frame=5780 faces=0
[Entry-4] frame=6060 faces=0
[Entry-2] frame=6020 faces=0
[Entry-1] frame=5790 faces=0
[Entry-4] frame=6070 faces=0
[Entry-2] frame=6030 faces=0
[Entry-1] frame=5800 faces=0
[Entry-4] frame=6080 faces=0
[Entry-2] frame=6040 faces=0
[Entry-1] frame=5810 faces=0
[Entry-4] frame=6090 faces=0
[Entry-2] frame=6050 faces=0
[Entry-1] frame=5820 faces=0
[Entry-4] frame=6100 faces=0
[Entry-2] frame=6060 faces=0
[Entry-1] frame=5830 faces=0
[Entry-4] frame=6110 faces=0
[Entry-2] frame=6070 faces=0
[Entry-1] frame=5840 faces=0
[Entry-4] frame=6120 faces=0
[Entry-2] frame=6080 faces=0
[Entry-1] frame=5850 faces=0
[Entry-4] frame=6130 faces=0
[Entry-2] frame=6090 faces=0
[Entry-1] frame=5860 faces=0
[Entry-4] frame=6140 faces=0
[Entry-2] frame=6100 faces=0
[Entry-1] frame=5870 faces=0
[Entry-4] frame=6150 faces=0
[Entry-2] frame=6110 faces=0
[Entry-1] frame=5880 faces=0
[Entry-4] frame=6160 faces=0
[Entry-2] frame=6120 faces=0
[Entry-1] frame=5890 faces=0
[Entry-4] frame=6170 faces=0
[Entry-2] frame=6130 faces=0
[Entry-1] frame=5900 faces=0
[Entry-4] frame=6180 faces=0
[Entry-2] frame=6140 faces=0
[Entry-1] frame=5910 faces=0
[Entry-4] frame=6190 faces=0
[Entry-2] frame=6150 faces=0
[Entry-1] frame=5920 faces=0
[Entry-4] frame=6200 faces=0
[Entry-2] frame=6160 faces=0
[Entry-1] frame=5930 faces=0
[Entry-4] frame=6210 faces=0
[Entry-2] frame=6170 faces=0
[Entry-1] frame=5940 faces=0
[Entry-4] frame=6220 faces=0
[Entry-2] frame=6180 faces=0
[Entry-1] frame=5950 faces=0
[Entry-4] frame=6230 faces=0
[Entry-2] frame=6190 faces=0
[Entry-1] frame=5960 faces=0
[Entry-4] frame=6240 faces=0
[Entry-2] frame=6200 faces=0
[Entry-1] frame=5970 faces=0
[Entry-4] frame=6250 faces=0
[Entry-2] frame=6210 faces=0
[Entry-1] frame=5980 faces=0
[Entry-4] frame=6260 faces=0
[Entry-2] frame=6220 faces=0
[Entry-1] frame=5990 faces=0
[Entry-4] frame=6270 faces=0
[Entry-2] frame=6230 faces=0
[Entry-1] frame=6000 faces=0
[Entry-4] frame=6280 faces=0
[Entry-2] frame=6240 faces=0
[Entry-1] frame=6010 faces=0
[Entry-4] frame=6290 faces=0
[Entry-2] frame=6250 faces=0
[Entry-1] frame=6020 faces=0
[Entry-4] frame=6300 faces=0
[Entry-2] frame=6260 faces=0
[Entry-1] frame=6030 faces=0
[Entry-4] frame=6310 faces=0
[Entry-2] frame=6270 faces=0
[Entry-4] frame=6320 faces=0
[Entry-1] frame=6040 faces=1
[DEBUG] Kajal score=0.350
[DEBUG] Kajal score=0.350
[Entry-2] frame=6280 faces=0
[Entry-4] frame=6330 faces=0
[Entry-2] frame=6290 faces=0
[Entry-1] frame=6050 faces=1
[DEBUG] Kajal score=0.143
[DEBUG] Kajal score=0.143
[Entry-4] frame=6340 faces=0
[Entry-2] frame=6300 faces=0
[Entry-1] frame=6060 faces=1
[DEBUG] Kajal score=0.352
[DEBUG] Kajal score=0.352
[Entry-4] frame=6350 faces=0
[Entry-2] frame=6310 faces=0
[Entry-1] frame=6070 faces=1
[DEBUG] Kajal score=0.320
[DEBUG] Kajal score=0.320
[Entry-4] frame=6360 faces=0
[Entry-2] frame=6320 faces=0
[Entry-1] frame=6080 faces=0
[Entry-4] frame=6370 faces=0
[Entry-2] frame=6330 faces=0
[Entry-1] frame=6090 faces=0
[Entry-4] frame=6380 faces=0
[Entry-2] frame=6340 faces=0
[Entry-1] frame=6100 faces=0
[Entry-4] frame=6390 faces=0
[Entry-2] frame=6350 faces=0
[Entry-1] frame=6110 faces=0
[Entry-4] frame=6400 faces=0
[Entry-2] frame=6360 faces=0
[Entry-1] frame=6120 faces=0
[Entry-4] frame=6410 faces=0
[Entry-2] frame=6370 faces=0
[Entry-1] frame=6130 faces=0
[Entry-4] frame=6420 faces=0
[Entry-2] frame=6380 faces=0
[Entry-1] frame=6140 faces=0
[Entry-4] frame=6430 faces=0
[Entry-2] frame=6390 faces=0
[Entry-1] frame=6150 faces=0
[Entry-4] frame=6440 faces=0
[Entry-2] frame=6400 faces=0
[Entry-1] frame=6160 faces=1
[DEBUG] Kajal score=0.445
[DEBUG] Kajal score=0.445
[Entry-4] frame=6450 faces=0
[Entry-2] frame=6410 faces=0
[Entry-1] frame=6170 faces=1
[DEBUG] Kajal score=0.573
[DEBUG] Kajal score=0.573
[Entry-4] frame=6460 faces=0
[Entry-2] frame=6420 faces=0
[Entry-1] frame=6180 faces=1
[DEBUG] Kajal score=0.612
[DEBUG] Kajal score=0.612
[Entry-4] frame=6470 faces=0
[Entry-2] frame=6430 faces=0
[Entry-1] frame=6190 faces=1
[DEBUG] Kajal score=0.641
[DEBUG] Kajal score=0.641
[Entry-4] frame=6480 faces=0
[Entry-2] frame=6440 faces=0
[Entry-1] frame=6200 faces=1
[DEBUG] Kajal score=0.381
[DEBUG] Kajal score=0.381
[Entry-4] frame=6490 faces=0
[Entry-2] frame=6450 faces=0
[Entry-1] frame=6210 faces=1
[DEBUG] Kajal score=0.407
[DEBUG] Kajal score=0.407
[Entry-4] frame=6500 faces=0
[Entry-2] frame=6460 faces=0
[Entry-1] frame=6220 faces=0
[Entry-4] frame=6510 faces=0
[Entry-2] frame=6470 faces=0
[Entry-1] frame=6230 faces=0
[Entry-4] frame=6520 faces=0
[Entry-2] frame=6480 faces=0
[Entry-1] frame=6240 faces=1
[DEBUG] Rajan score=0.067
[DEBUG] Rajan score=0.067
[Entry-4] frame=6530 faces=0
[Entry-2] frame=6490 faces=0
[Entry-1] frame=6250 faces=0
[Entry-4] frame=6540 faces=0
[Entry-2] frame=6500 faces=0
[Entry-1] frame=6260 faces=0
[Entry-4] frame=6550 faces=0
[Entry-2] frame=6510 faces=0
[Entry-1] frame=6270 faces=0
[Entry-4] frame=6560 faces=0
[Entry-2] frame=6520 faces=0
[Entry-1] frame=6280 faces=1
[DEBUG] Rajan score=0.187
[DEBUG] Rajan score=0.187
[Entry-4] frame=6570 faces=0
[Entry-2] frame=6530 faces=0
[Entry-1] frame=6290 faces=0
[Entry-4] frame=6580 faces=0
[Entry-2] frame=6540 faces=0
[Entry-1] frame=6300 faces=0
[Entry-4] frame=6590 faces=0
[Entry-2] frame=6550 faces=0
[Entry-1] frame=6310 faces=1
[DEBUG] Aditya score=0.117
[DEBUG] Aditya score=0.117
[Entry-4] frame=6600 faces=0
[Entry-2] frame=6560 faces=0
[Entry-1] frame=6320 faces=0
[Entry-4] frame=6610 faces=0
[Entry-2] frame=6570 faces=0
[Entry-1] frame=6330 faces=0
[Entry-4] frame=6620 faces=0
[Entry-2] frame=6580 faces=0
[Entry-1] frame=6340 faces=0
[Entry-4] frame=6630 faces=0
[Entry-2] frame=6590 faces=0
[Entry-1] frame=6350 faces=1
[DEBUG] Ravi Shankar score=0.042
[DEBUG] Ravi Shankar score=0.042
[Entry-4] frame=6640 faces=0
[Entry-2] frame=6600 faces=0
[Entry-4] frame=6650 faces=0
[Entry-1] frame=6360 faces=1
[DEBUG] Meraj score=0.210
[DEBUG] Meraj score=0.210
[Entry-2] frame=6610 faces=0
[Entry-4] frame=6660 faces=0
[Entry-2] frame=6620 faces=0
[Entry-1] frame=6370 faces=1
[DEBUG] Kuldeep score=0.146
[DEBUG] Kuldeep score=0.146
[Entry-4] frame=6670 faces=0
[Entry-2] frame=6630 faces=0
[Entry-1] frame=6380 faces=1
[DEBUG] Kuldeep score=0.125
[DEBUG] Kuldeep score=0.125
[Entry-4] frame=6680 faces=0
[Entry-2] frame=6640 faces=0
[Entry-1] frame=6390 faces=0
[Entry-4] frame=6690 faces=0
[Entry-2] frame=6650 faces=0
[Entry-1] frame=6400 faces=1
[DEBUG] Kuldeep score=0.106
[DEBUG] Kuldeep score=0.106
[Entry-4] frame=6700 faces=0
[Entry-2] frame=6660 faces=0
[Entry-1] frame=6410 faces=1
[DEBUG] Meraj score=0.181
[DEBUG] Meraj score=0.181
[Entry-4] frame=6710 faces=0
[Entry-2] frame=6670 faces=0
[Entry-1] frame=6420 faces=1
[DEBUG] Meraj score=0.234
[DEBUG] Meraj score=0.234
[Entry-4] frame=6720 faces=0
[Entry-2] frame=6680 faces=0
[Entry-1] frame=6430 faces=1
[DEBUG] Aakash score=0.102
[DEBUG] Aakash score=0.102
[Entry-4] frame=6730 faces=0
[Entry-2] frame=6690 faces=0
[Entry-1] frame=6440 faces=1
[DEBUG] Prashant Kumar score=0.096
[DEBUG] Prashant Kumar score=0.096
[Entry-4] frame=6740 faces=0
[Entry-2] frame=6700 faces=0
[Entry-1] frame=6450 faces=0
[Entry-4] frame=6750 faces=0
[Entry-2] frame=6710 faces=0
[Entry-1] frame=6460 faces=0
[Entry-4] frame=6760 faces=0
[Entry-2] frame=6720 faces=0
[Entry-1] frame=6470 faces=2
[DEBUG] Aakash score=0.575
[DEBUG] Aakash score=0.575
[DEBUG] Neeraj  score=0.060
[DEBUG] Neeraj  score=0.060
[Entry-4] frame=6770 faces=0
[Entry-2] frame=6730 faces=0
[Entry-4] frame=6780 faces=0
[Entry-1] frame=6480 faces=2
[DEBUG] Aakash score=0.624
[DEBUG] Aakash score=0.624
[DEBUG] Prashant Kumar score=0.079
[DEBUG] Prashant Kumar score=0.079
[Entry-2] frame=6740 faces=0
[Entry-4] frame=6790 faces=0
[Entry-2] frame=6750 faces=0
[Entry-1] frame=6490 faces=1
[DEBUG] Prashant Kumar score=0.148
[DEBUG] Prashant Kumar score=0.148
[Entry-4] frame=6800 faces=0
[Entry-2] frame=6760 faces=0
[Entry-1] frame=6500 faces=1
[DEBUG] Prashant Kumar score=0.166
[DEBUG] Prashant Kumar score=0.166
[Entry-4] frame=6810 faces=0
[Entry-2] frame=6770 faces=0
[Entry-1] frame=6510 faces=1
[DEBUG] Prashant Kumar score=0.119
[DEBUG] Prashant Kumar score=0.119
[Entry-4] frame=6820 faces=0
[Entry-2] frame=6780 faces=0
[Entry-1] frame=6520 faces=1
[DEBUG] Prashant Kumar score=0.146
[DEBUG] Prashant Kumar score=0.146
[Entry-4] frame=6830 faces=0
[Entry-2] frame=6790 faces=0
[Entry-1] frame=6530 faces=0
[Entry-4] frame=6840 faces=0
[Entry-2] frame=6800 faces=0
[Entry-1] frame=6540 faces=0
[Entry-4] frame=6850 faces=0
[Entry-2] frame=6810 faces=1
[DEBUG] Prashant Kumar score=0.418
[DEBUG] Prashant Kumar score=0.418
[Entry-1] frame=6550 faces=1
[DEBUG] Rajan score=0.106
[DEBUG] Rajan score=0.106
[Entry-4] frame=6860 faces=0
[Entry-2] frame=6820 faces=1
[DEBUG] Neeraj  score=0.153
[DEBUG] Neeraj  score=0.153
[Entry-1] frame=6560 faces=1
[DEBUG] Meraj score=0.097
[DEBUG] Meraj score=0.097
[Entry-4] frame=6870 faces=0
[Entry-2] frame=6830 faces=1
[DEBUG] Prashant Kumar score=0.512
[DEBUG] Prashant Kumar score=0.512
[Entry-1] frame=6570 faces=1
[DEBUG] Rajan score=0.147
[DEBUG] Rajan score=0.147
[Entry-4] frame=6880 faces=0
[Entry-2] frame=6840 faces=1
[DEBUG] Prashant Kumar score=0.576
[DEBUG] Prashant Kumar score=0.576
[Entry-1] frame=6580 faces=1
[DEBUG] Rajan score=0.085
[DEBUG] Rajan score=0.085
[Entry-4] frame=6890 faces=0
[Entry-2] frame=6850 faces=0
[Entry-4] frame=6900 faces=0
[Entry-1] frame=6590 faces=1
[DEBUG] Kuldeep score=0.136
[DEBUG] Kuldeep score=0.136
[Entry-2] frame=6860 faces=0
[Entry-4] frame=6910 faces=0
[Entry-1] frame=6600 faces=2
[DEBUG] Abhishek  score=0.461
[DEBUG] Abhishek  score=0.461
[DEBUG] Aakash score=0.070
[DEBUG] Aakash score=0.070
[Entry-2] frame=6870 faces=0
[Entry-4] frame=6920 faces=0
[Entry-2] frame=6880 faces=0
[Entry-1] frame=6610 faces=2
[DEBUG] Meraj score=0.222
[DEBUG] Meraj score=0.222
[DEBUG] Abhishek  score=0.296
[DEBUG] Abhishek  score=0.296
[Entry-4] frame=6930 faces=0
[Entry-2] frame=6890 faces=0
[Entry-1] frame=6620 faces=1
[DEBUG] Meraj score=0.147
[DEBUG] Meraj score=0.147
[Entry-4] frame=6940 faces=0
[Entry-2] frame=6900 faces=0
[Entry-1] frame=6630 faces=0
[Entry-4] frame=6950 faces=0
[Entry-2] frame=6910 faces=0
[Entry-1] frame=6640 faces=1
[DEBUG] Meraj score=0.143
[DEBUG] Meraj score=0.143
[Entry-4] frame=6960 faces=0
[Entry-2] frame=6920 faces=0
[Entry-1] frame=6650 faces=1
[DEBUG] Prashant Kumar score=0.187
[DEBUG] Prashant Kumar score=0.187
[Entry-4] frame=6970 faces=0
[Entry-2] frame=6930 faces=0
[Entry-1] frame=6660 faces=1
[DEBUG] Rajan score=0.158
[DEBUG] Rajan score=0.158
[Entry-4] frame=6980 faces=0
[Entry-2] frame=6940 faces=0
[Entry-1] frame=6670 faces=1
[DEBUG] Aakash score=0.167
[DEBUG] Aakash score=0.167
[Entry-4] frame=6990 faces=0
[Entry-2] frame=6950 faces=0
[Entry-4] frame=7000 faces=0
[Entry-1] frame=6680 faces=1
[DEBUG] Satya  score=0.185
[DEBUG] Satya  score=0.185
[Entry-2] frame=6960 faces=0
[Entry-4] frame=7010 faces=0
[Entry-1] frame=6690 faces=1
[DEBUG] Aditya score=0.113
[DEBUG] Aditya score=0.113
[Entry-2] frame=6970 faces=0
[Entry-4] frame=7020 faces=0
[Entry-1] frame=6700 faces=1
[DEBUG] Prashant Kumar score=0.151
[DEBUG] Prashant Kumar score=0.151
[Entry-2] frame=6980 faces=0
[Entry-4] frame=7030 faces=0
[Entry-1] frame=6710 faces=1
[DEBUG] Prashant Kumar score=0.114
[DEBUG] Prashant Kumar score=0.114
[Entry-2] frame=6990 faces=0
[Entry-4] frame=7040 faces=0
[Entry-1] frame=6720 faces=0
[Entry-2] frame=7000 faces=0
[Entry-4] frame=7050 faces=0
[Entry-1] frame=6730 faces=0
[Entry-2] frame=7010 faces=0
[Entry-4] frame=7060 faces=0
[Entry-1] frame=6740 faces=0
[Entry-2] frame=7020 faces=0
[Entry-4] frame=7070 faces=0
[Entry-1] frame=6750 faces=0
[Entry-2] frame=7030 faces=0
[Entry-4] frame=7080 faces=0
[Entry-1] frame=6760 faces=1
[DEBUG] Kuldeep score=0.072
[DEBUG] Kuldeep score=0.072
[Entry-2] frame=7040 faces=0
[Entry-4] frame=7090 faces=0
[Entry-2] frame=7050 faces=0
[Entry-1] frame=6770 faces=1
[DEBUG] Meraj score=0.098
[DEBUG] Meraj score=0.098
[Entry-4] frame=7100 faces=0
[Entry-2] frame=7060 faces=0
[Entry-1] frame=6780 faces=1
[DEBUG] Meraj score=0.120
[DEBUG] Meraj score=0.120
[Entry-4] frame=7110 faces=0
[Entry-2] frame=7070 faces=0
[Entry-1] frame=6790 faces=1
[DEBUG] Meraj score=0.119
[DEBUG] Meraj score=0.119
[Entry-4] frame=7120 faces=0
[Entry-2] frame=7080 faces=0
[Entry-1] frame=6800 faces=1
[DEBUG] Prashant Kumar score=0.182
[DEBUG] Prashant Kumar score=0.182
[Entry-4] frame=7130 faces=0
[Entry-2] frame=7090 faces=0
[Entry-1] frame=6810 faces=1
[DEBUG] Aakash score=0.156
[DEBUG] Aakash score=0.156
[Entry-4] frame=7140 faces=0
[Entry-2] frame=7100 faces=0
[Entry-1] frame=6820 faces=1
[DEBUG] Aakash score=0.216
[DEBUG] Aakash score=0.216
[Entry-4] frame=7150 faces=0
[Entry-2] frame=7110 faces=0
[Entry-4] frame=7160 faces=0
[Entry-1] frame=6830 faces=1
[DEBUG] Prashant Kumar score=0.180
[DEBUG] Prashant Kumar score=0.180
[Entry-2] frame=7120 faces=0
[Entry-4] frame=7170 faces=0
[Entry-1] frame=6840 faces=0
[Entry-2] frame=7130 faces=0
[Entry-4] frame=7180 faces=0
[Entry-1] frame=6850 faces=0
[Entry-2] frame=7140 faces=0
[Entry-4] frame=7190 faces=0
[Entry-1] frame=6860 faces=1
[DEBUG] Aditya score=0.123
[DEBUG] Aditya score=0.123
[Entry-2] frame=7150 faces=0
[Entry-4] frame=7200 faces=0
[Entry-1] frame=6870 faces=1
[DEBUG] Prashant Kumar score=0.220
[DEBUG] Prashant Kumar score=0.220
[Entry-2] frame=7160 faces=0
[Entry-4] frame=7210 faces=0
[Entry-1] frame=6880 faces=1
[DEBUG] Aakash score=0.174
[DEBUG] Aakash score=0.174
[Entry-2] frame=7170 faces=0
[Entry-4] frame=7220 faces=0
[Entry-1] frame=6890 faces=1
[DEBUG] Rajan score=0.210
[DEBUG] Rajan score=0.210
[Entry-2] frame=7180 faces=0
[Entry-4] frame=7230 faces=0
[Entry-2] frame=7190 faces=0
[Entry-1] frame=6900 faces=1
[DEBUG] Rajan score=0.169
[DEBUG] Rajan score=0.169
[Entry-4] frame=7240 faces=0
[Entry-2] frame=7200 faces=0
[Entry-1] frame=6910 faces=1
[DEBUG] Prashant Kumar score=0.159
[DEBUG] Prashant Kumar score=0.159
[Entry-4] frame=7250 faces=0
[Entry-2] frame=7210 faces=0
[Entry-1] frame=6920 faces=1
[DEBUG] Prashant Kumar score=0.207
[DEBUG] Prashant Kumar score=0.207
[Entry-4] frame=7260 faces=1
[DEBUG] Kajal score=0.171
[DEBUG] Kajal score=0.171
[Entry-2] frame=7220 faces=0
[Entry-1] frame=6930 faces=1
[DEBUG] Prashant Kumar score=0.204
[DEBUG] Prashant Kumar score=0.204
[Entry-4] frame=7270 faces=0
[Entry-2] frame=7230 faces=0
[Entry-1] frame=6940 faces=1
[DEBUG] Rajan score=0.201
[DEBUG] Rajan score=0.201
[Entry-4] frame=7280 faces=0
[Entry-2] frame=7240 faces=0
[Entry-4] frame=7290 faces=0
[Entry-1] frame=6950 faces=1
[DEBUG] Prashant Kumar score=0.160
[DEBUG] Prashant Kumar score=0.160
[Entry-2] frame=7250 faces=1
[DEBUG] Aditya score=0.265
[DEBUG] Aditya score=0.265
[Entry-4] frame=7300 faces=0
[Entry-1] frame=6960 faces=2
[DEBUG] Aakash score=0.060
[DEBUG] Aakash score=0.060
[DEBUG] Aakash score=0.412
[DEBUG] Aakash score=0.412
[Entry-2] frame=7260 faces=1
[DEBUG] Prashant Kumar score=0.404
[DEBUG] Prashant Kumar score=0.404
[Entry-4] frame=7310 faces=0
[Entry-1] frame=6970 faces=1
[DEBUG] Prashant Kumar score=0.222
[DEBUG] Prashant Kumar score=0.222
[Entry-2] frame=7270 faces=1
[DEBUG] Prashant Kumar score=0.174
[DEBUG] Prashant Kumar score=0.174
[Entry-4] frame=7320 faces=0
[Entry-1] frame=6980 faces=1
[DEBUG] Prashant Kumar score=0.190
[DEBUG] Prashant Kumar score=0.190
[Entry-2] frame=7280 faces=1
[DEBUG] Prashant Kumar score=0.267
[DEBUG] Prashant Kumar score=0.267
[Entry-4] frame=7330 faces=0
[Entry-1] frame=6990 faces=1
[DEBUG] Satya  score=0.181
[DEBUG] Satya  score=0.181
[Entry-2] frame=7290 faces=0
[Entry-4] frame=7340 faces=0
[Entry-1] frame=7000 faces=1
[DEBUG] Prashant Kumar score=0.193
[DEBUG] Prashant Kumar score=0.193
[Entry-2] frame=7300 faces=0
[Entry-4] frame=7350 faces=0
[Entry-1] frame=7010 faces=1
[DEBUG] Prashant Kumar score=0.198
[DEBUG] Prashant Kumar score=0.198
[Entry-2] frame=7310 faces=0
[Entry-4] frame=7360 faces=0
[Entry-2] frame=7320 faces=0
[Entry-1] frame=7020 faces=2
[DEBUG] Aditya score=0.106
[DEBUG] Aditya score=0.106
[DEBUG] Aakash score=0.277
[DEBUG] Aakash score=0.277
[Entry-4] frame=7370 faces=0
[Entry-2] frame=7330 faces=0
[Entry-4] frame=7380 faces=0
[Entry-1] frame=7030 faces=2
[DEBUG] Aakash score=0.106
[DEBUG] Aakash score=0.106
[DEBUG] Aditya score=0.056
[DEBUG] Aditya score=0.056
[Entry-2] frame=7340 faces=0
[Entry-4] frame=7390 faces=1
[DEBUG] Kajal score=0.217
[DEBUG] Kajal score=0.217
[Entry-1] frame=7040 faces=1
[DEBUG] Prashant Kumar score=0.161
[DEBUG] Prashant Kumar score=0.161
[Entry-2] frame=7350 faces=0
[Entry-4] frame=7400 faces=0
[Entry-1] frame=7050 faces=2
[DEBUG] Aakash score=0.143
[DEBUG] Aakash score=0.143
[DEBUG] Rajan score=0.223
[DEBUG] Rajan score=0.223
[Entry-2] frame=7360 faces=0
[Entry-4] frame=7410 faces=1
[DEBUG] Meraj score=0.189
[DEBUG] Meraj score=0.189
[Entry-2] frame=7370 faces=0
[Entry-1] frame=7060 faces=1
[DEBUG] Prashant Kumar score=0.170
[DEBUG] Prashant Kumar score=0.170
[Entry-4] frame=7420 faces=0
[Entry-2] frame=7380 faces=0
[Entry-1] frame=7070 faces=1
[DEBUG] Satya  score=0.176
[DEBUG] Satya  score=0.176
[Entry-4] frame=7430 faces=0
[Entry-2] frame=7390 faces=0
[Entry-1] frame=7080 faces=1
[DEBUG] Aakash score=0.145
[DEBUG] Aakash score=0.145
[Entry-4] frame=7440 faces=0
[Entry-2] frame=7400 faces=0
[Entry-1] frame=7090 faces=0
[Entry-4] frame=7450 faces=0
[Entry-2] frame=7410 faces=1
[DEBUG] Kajal score=0.355
[DEBUG] Kajal score=0.355
[Entry-1] frame=7100 faces=0
[Entry-4] frame=7460 faces=0
[Entry-2] frame=7420 faces=0
[Entry-1] frame=7110 faces=0
[Entry-4] frame=7470 faces=0
[Entry-2] frame=7430 faces=0
[Entry-1] frame=7120 faces=1
[DEBUG] Aakash score=0.192
[DEBUG] Aakash score=0.192
[Entry-4] frame=7480 faces=0
[Entry-2] frame=7440 faces=0
[Entry-1] frame=7130 faces=1
[DEBUG] Prashant Kumar score=0.184
[DEBUG] Prashant Kumar score=0.184
[Entry-4] frame=7490 faces=0
[Entry-2] frame=7450 faces=0
[Entry-4] frame=7500 faces=0
[Entry-1] frame=7140 faces=1
[DEBUG] Prashant Kumar score=0.199
[DEBUG] Prashant Kumar score=0.199
[Entry-2] frame=7460 faces=0
[Entry-4] frame=7510 faces=0
[Entry-1] frame=7150 faces=1
[DEBUG] Prashant Kumar score=0.145
[DEBUG] Prashant Kumar score=0.145
[Entry-2] frame=7470 faces=1
[DEBUG] Kajal score=0.475
[DEBUG] Kajal score=0.475
[Entry-4] frame=7520 faces=0
[Entry-1] frame=7160 faces=1
[DEBUG] Aditya score=0.145
[DEBUG] Aditya score=0.145
[Entry-2] frame=7480 faces=1
[DEBUG] Kajal score=0.571
[DEBUG] Kajal score=0.571
[Entry-4] frame=7530 faces=0
[Entry-1] frame=7170 faces=1
[DEBUG] Satya  score=0.176
[DEBUG] Satya  score=0.176
[Entry-2] frame=7490 faces=1
[DEBUG] Kajal score=0.421
[DEBUG] Kajal score=0.421
[Entry-4] frame=7540 faces=0
[Entry-1] frame=7180 faces=1
[DEBUG] Prashant Kumar score=0.153
[DEBUG] Prashant Kumar score=0.153
[Entry-4] frame=7550 faces=0
[Entry-2] frame=7500 faces=1
[DEBUG] Kajal score=0.344
[DEBUG] Kajal score=0.344
[Entry-1] frame=7190 faces=1
[DEBUG] Satya  score=0.204
[DEBUG] Satya  score=0.204
[Entry-4] frame=7560 faces=0
[Entry-2] frame=7510 faces=2
[DEBUG] Kajal score=0.308
[DEBUG] Kajal score=0.308
[DEBUG] Kajal score=0.061
[DEBUG] Kajal score=0.061
[Entry-1] frame=7200 faces=1
[DEBUG] Rajan score=0.152
[DEBUG] Rajan score=0.152
[Entry-4] frame=7570 faces=0
[Entry-2] frame=7520 faces=0
[Entry-1] frame=7210 faces=1
[DEBUG] Satya  score=0.122
[DEBUG] Satya  score=0.122
[Entry-4] frame=7580 faces=0
[Entry-2] frame=7530 faces=1
[DEBUG] Prashant Kumar score=0.123
[DEBUG] Prashant Kumar score=0.123
[Entry-1] frame=7220 faces=1
[DEBUG] Neeraj  score=0.193
[DEBUG] Neeraj  score=0.193
[Entry-4] frame=7590 faces=0
[Entry-2] frame=7540 faces=0
[Entry-1] frame=7230 faces=1
[DEBUG] Aditya score=0.223
[DEBUG] Aditya score=0.223
[Entry-4] frame=7600 faces=0
[Entry-2] frame=7550 faces=0
[Entry-1] frame=7240 faces=1
[DEBUG] Aditya score=0.219
[DEBUG] Aditya score=0.219
[Entry-4] frame=7610 faces=0
[Entry-2] frame=7560 faces=0
[Entry-1] frame=7250 faces=1
[DEBUG] Satya  score=0.180
[DEBUG] Satya  score=0.180
[Entry-4] frame=7620 faces=0
[Entry-2] frame=7570 faces=0
[Entry-4] frame=7630 faces=0
[Entry-1] frame=7260 faces=1
[DEBUG] Aditya score=0.232
[DEBUG] Aditya score=0.232
[Entry-2] frame=7580 faces=1
[DEBUG] Meraj score=0.146
[DEBUG] Meraj score=0.146
[Entry-4] frame=7640 faces=0
[Entry-1] frame=7270 faces=1
[DEBUG] Neeraj  score=0.240
[DEBUG] Neeraj  score=0.240
[Entry-2] frame=7590 faces=1
[DEBUG] Prashant Kumar score=0.413
[DEBUG] Prashant Kumar score=0.413
[Entry-4] frame=7650 faces=0
[Entry-1] frame=7280 faces=1
[DEBUG] Satya  score=0.202
[DEBUG] Satya  score=0.202
[Entry-2] frame=7600 faces=1
[DEBUG] Prashant Kumar score=0.550
[DEBUG] Prashant Kumar score=0.550
[Entry-4] frame=7660 faces=0
[Entry-1] frame=7290 faces=1
[DEBUG] Rajan score=0.190
[DEBUG] Rajan score=0.190
[Entry-2] frame=7610 faces=0
[Entry-4] frame=7670 faces=0
[Entry-1] frame=7300 faces=1
[DEBUG] Neeraj  score=0.282
[DEBUG] Neeraj  score=0.282
[Entry-2] frame=7620 faces=0
[Entry-4] frame=7680 faces=0
[Entry-1] frame=7310 faces=1
[DEBUG] Neeraj  score=0.201
[DEBUG] Neeraj  score=0.201
[Entry-2] frame=7630 faces=0
[Entry-4] frame=7690 faces=0
[Entry-2] frame=7640 faces=0
[Entry-1] frame=7320 faces=1
[DEBUG] Neeraj  score=0.215
[DEBUG] Neeraj  score=0.215
[Entry-4] frame=7700 faces=0
[Entry-2] frame=7650 faces=0
[Entry-1] frame=7330 faces=1
[DEBUG] Neeraj  score=0.275
[DEBUG] Neeraj  score=0.275
[Entry-4] frame=7710 faces=0
[Entry-2] frame=7660 faces=0
[Entry-1] frame=7340 faces=1
[DEBUG] Neeraj  score=0.218
[DEBUG] Neeraj  score=0.218
[Entry-4] frame=7720 faces=0
[Entry-2] frame=7670 faces=0
[Entry-1] frame=7350 faces=1
[DEBUG] Aakash score=0.171
[DEBUG] Aakash score=0.171
[Entry-4] frame=7730 faces=1
[DEBUG] Meraj score=0.190
[DEBUG] Meraj score=0.190
[Entry-2] frame=7680 faces=0
[Entry-4] frame=7740 faces=1
[DEBUG] Amitabh Prajapati score=0.263
[DEBUG] Amitabh Prajapati score=0.263
[Entry-2] frame=7690 faces=0
[Entry-1] frame=7360 faces=2
[DEBUG] Meraj score=0.093
[DEBUG] Meraj score=0.093
[DEBUG] Aakash score=0.554
[DEBUG] Aakash score=0.554
[Entry-4] frame=7750 faces=0
[Entry-2] frame=7700 faces=0
[Entry-1] frame=7370 faces=0
[Entry-2] frame=7710 faces=0
[Entry-4] frame=7760 faces=1
[DEBUG] Amitabh Prajapati score=0.204
[DEBUG] Amitabh Prajapati score=0.204
[Entry-1] frame=7380 faces=0
[Entry-2] frame=7720 faces=0
[Entry-4] frame=7770 faces=1
[DEBUG] Amitabh Prajapati score=0.233
[DEBUG] Amitabh Prajapati score=0.233
[Entry-1] frame=7390 faces=0
[Entry-2] frame=7730 faces=0
[Entry-4] frame=7780 faces=0
[Entry-1] frame=7400 faces=2
[DEBUG] Aakash score=0.158
[DEBUG] Aakash score=0.158
[DEBUG] Rajan score=0.185
[DEBUG] Rajan score=0.185
[Entry-2] frame=7740 faces=0
[Entry-4] frame=7790 faces=0
[Entry-1] frame=7410 faces=1
[DEBUG] Meraj score=0.205
[DEBUG] Meraj score=0.205
[Entry-4] frame=7800 faces=0
[Entry-2] frame=7750 faces=1
[DEBUG] Aakash score=0.171
[DEBUG] Aakash score=0.171
[Entry-1] frame=7420 faces=0
[Entry-4] frame=7810 faces=0
[Entry-2] frame=7760 faces=1
[DEBUG] Amitabh Prajapati score=0.467
[DEBUG] Amitabh Prajapati score=0.467
[Entry-1] frame=7430 faces=1
[DEBUG] Aditya score=0.141
[DEBUG] Aditya score=0.141
[Entry-4] frame=7820 faces=0
[Entry-2] frame=7770 faces=2
[DEBUG] Amitabh Prajapati score=0.530
[DEBUG] Amitabh Prajapati score=0.530
[DEBUG] Kajal score=0.207
[DEBUG] Kajal score=0.207
[Entry-1] frame=7440 faces=0
[Entry-4] frame=7830 faces=0
[Entry-2] frame=7780 faces=0
[Entry-1] frame=7450 faces=0
[Entry-4] frame=7840 faces=0
[Entry-2] frame=7790 faces=0
[Entry-1] frame=7460 faces=0
[Entry-4] frame=7850 faces=0
[Entry-1] frame=7470 faces=0
[Entry-2] frame=7800 faces=1
[DEBUG] Amitabh Prajapati score=0.139
[DEBUG] Amitabh Prajapati score=0.139
[Entry-4] frame=7860 faces=0
[Entry-1] frame=7480 faces=2
[DEBUG] Prashant Kumar score=0.171
[DEBUG] Prashant Kumar score=0.171
[DEBUG] Aakash score=0.572
[DEBUG] Aakash score=0.572
[Entry-4] frame=7870 faces=0
[Entry-2] frame=7810 faces=2
[DEBUG] Kajal score=0.364
[DEBUG] Kajal score=0.364
[DEBUG] Amitabh Prajapati score=0.143
[DEBUG] Amitabh Prajapati score=0.143
[Entry-1] frame=7490 faces=0
[Entry-4] frame=7880 faces=0
[Entry-2] frame=7820 faces=1
[DEBUG] Amitabh Prajapati score=0.147
[DEBUG] Amitabh Prajapati score=0.147
[Entry-4] frame=7890 faces=0
[Entry-1] frame=7500 faces=1
[DEBUG] Meraj score=0.092
[DEBUG] Meraj score=0.092
[Entry-2] frame=7830 faces=2
[DEBUG] Amitabh Prajapati score=0.280
[DEBUG] Amitabh Prajapati score=0.280
[DEBUG] Kajal score=0.282
[DEBUG] Kajal score=0.282
[Entry-4] frame=7900 faces=0
[Entry-1] frame=7510 faces=0
[Entry-2] frame=7840 faces=1
[DEBUG] Amitabh Prajapati score=0.263
[DEBUG] Amitabh Prajapati score=0.263
[Entry-4] frame=7910 faces=0
[Entry-1] frame=7520 faces=2
[DEBUG] Aakash score=0.570
[DEBUG] Aakash score=0.570
[DEBUG] Prashant Kumar score=0.166
[DEBUG] Prashant Kumar score=0.166
[Entry-2] frame=7850 faces=1
[DEBUG] Ravi Shankar score=0.043
[DEBUG] Ravi Shankar score=0.043
[Entry-4] frame=7920 faces=0
[Entry-1] frame=7530 faces=2
[DEBUG] Aakash score=0.498
[DEBUG] Aakash score=0.498
[DEBUG] Prashant Kumar score=0.226
[DEBUG] Prashant Kumar score=0.226
[Entry-2] frame=7860 faces=0
[Entry-4] frame=7930 faces=0
[Entry-1] frame=7540 faces=0
[Entry-2] frame=7870 faces=1
[DEBUG] Amitabh Prajapati score=0.065
[DEBUG] Amitabh Prajapati score=0.065
[Entry-4] frame=7940 faces=0
[Entry-1] frame=7550 faces=0
[Entry-2] frame=7880 faces=1
[DEBUG] Amitabh Prajapati score=0.430
[DEBUG] Amitabh Prajapati score=0.430
[Entry-4] frame=7950 faces=0
[Entry-1] frame=7560 faces=1
[DEBUG] Prashant Kumar score=0.199
[DEBUG] Prashant Kumar score=0.199
[Entry-2] frame=7890 faces=1
[DEBUG] Prashant Kumar score=0.014
[DEBUG] Prashant Kumar score=0.014
[Entry-4] frame=7960 faces=0
[Entry-1] frame=7570 faces=1
[DEBUG] Meraj score=0.179
[DEBUG] Meraj score=0.179
[Entry-2] frame=7900 faces=0
[Entry-4] frame=7970 faces=0
[Entry-1] frame=7580 faces=1
[DEBUG] Neeraj  score=0.183
[DEBUG] Neeraj  score=0.183
[Entry-2] frame=7910 faces=1
[DEBUG] Meraj score=0.068
[DEBUG] Meraj score=0.068
[Entry-4] frame=7980 faces=0
[Entry-1] frame=7590 faces=1
[DEBUG] Neeraj  score=0.155
[DEBUG] Neeraj  score=0.155
[Entry-4] frame=7990 faces=0
[Entry-2] frame=7920 faces=2
[DEBUG] Amitabh Prajapati score=0.481
[DEBUG] Amitabh Prajapati score=0.481
[DEBUG] Kajal score=0.209
[DEBUG] Kajal score=0.209
[Entry-1] frame=7600 faces=0
[Entry-4] frame=8000 faces=0
[Entry-2] frame=7930 faces=1
[DEBUG] Amitabh Prajapati score=0.347
[DEBUG] Amitabh Prajapati score=0.347
[Entry-1] frame=7610 faces=0
[Entry-4] frame=8010 faces=0
[Entry-2] frame=7940 faces=2
[DEBUG] Amitabh Prajapati score=0.498
[DEBUG] Amitabh Prajapati score=0.498
[DEBUG] Kajal score=0.421
[DEBUG] Kajal score=0.421
[Entry-1] frame=7620 faces=0
[Entry-4] frame=8020 faces=0
[Entry-2] frame=7950 faces=2
[DEBUG] Amitabh Prajapati score=0.539
[DEBUG] Amitabh Prajapati score=0.539
[DEBUG] Kajal score=0.313
[DEBUG] Kajal score=0.313
[Entry-1] frame=7630 faces=0
[Entry-4] frame=8030 faces=0
[Entry-2] frame=7960 faces=1
[DEBUG] Amitabh Prajapati score=0.419
[DEBUG] Amitabh Prajapati score=0.419
[Entry-1] frame=7640 faces=0
[Entry-4] frame=8040 faces=0
[Entry-1] frame=7650 faces=0
[Entry-2] frame=7970 faces=1
[DEBUG] Amitabh Prajapati score=0.382
[DEBUG] Amitabh Prajapati score=0.382
[Entry-4] frame=8050 faces=0
[Entry-4] frame=8060 faces=0
[Entry-2] frame=7980 faces=1
[DEBUG] Amitabh Prajapati score=0.708
[DEBUG] Amitabh Prajapati score=0.708
[Entry-1] frame=7660 faces=1
[DEBUG] Prashant Kumar score=0.171
[DEBUG] Prashant Kumar score=0.171
[Entry-4] frame=8070 faces=0
[Entry-1] frame=7670 faces=0
[Entry-2] frame=7990 faces=1
[DEBUG] Amitabh Prajapati score=0.736
[DEBUG] Amitabh Prajapati score=0.736
[Entry-4] frame=8080 faces=0
[Entry-1] frame=7680 faces=1
[DEBUG] Prashant Kumar score=0.176
[DEBUG] Prashant Kumar score=0.176
[Entry-2] frame=8000 faces=1
[DEBUG] Amitabh Prajapati score=0.728
[DEBUG] Amitabh Prajapati score=0.728
[Entry-4] frame=8090 faces=0
[Entry-1] frame=7690 faces=1
[DEBUG] Prashant Kumar score=0.129
[DEBUG] Prashant Kumar score=0.129
[Entry-2] frame=8010 faces=1
[DEBUG] Amitabh Prajapati score=0.590
[DEBUG] Amitabh Prajapati score=0.590
[Entry-4] frame=8100 faces=0
[Entry-1] frame=7700 faces=1
[DEBUG] Prashant Kumar score=0.169
[DEBUG] Prashant Kumar score=0.169
[Entry-2] frame=8020 faces=0
[Entry-4] frame=8110 faces=0
[Entry-1] frame=7710 faces=0
[Entry-2] frame=8030 faces=1
[DEBUG] Ravi Shankar score=0.067
[DEBUG] Ravi Shankar score=0.067
[Entry-4] frame=8120 faces=0
[Entry-1] frame=7720 faces=0
[Entry-2] frame=8040 faces=0
[Entry-4] frame=8130 faces=0
[Entry-1] frame=7730 faces=0
[Entry-2] frame=8050 faces=1
[DEBUG] Ravi Shankar score=0.149
[DEBUG] Ravi Shankar score=0.149
[Entry-4] frame=8140 faces=0
[Entry-1] frame=7740 faces=1
[DEBUG] Aditya score=0.164
[DEBUG] Aditya score=0.164
[Entry-2] frame=8060 faces=1
[DEBUG] Amitabh Prajapati score=0.404
[DEBUG] Amitabh Prajapati score=0.404
[Entry-4] frame=8150 faces=0
[Entry-1] frame=7750 faces=1
[DEBUG] Prashant Kumar score=0.153
[DEBUG] Prashant Kumar score=0.153
[Entry-2] frame=8070 faces=1
[DEBUG] Amitabh Prajapati score=0.548
[DEBUG] Amitabh Prajapati score=0.548
[Entry-4] frame=8160 faces=0
[Entry-1] frame=7760 faces=0
[Entry-2] frame=8080 faces=1
[DEBUG] Amitabh Prajapati score=0.440
[DEBUG] Amitabh Prajapati score=0.440
[Entry-4] frame=8170 faces=0
[Entry-1] frame=7770 faces=0
[Entry-4] frame=8180 faces=0
[Entry-2] frame=8090 faces=1
[DEBUG] Amitabh Prajapati score=0.369
[DEBUG] Amitabh Prajapati score=0.369
[Entry-1] frame=7780 faces=0
[Entry-4] frame=8190 faces=0
[Entry-2] frame=8100 faces=0
[Entry-1] frame=7790 faces=0
[Entry-4] frame=8200 faces=0
[Entry-2] frame=8110 faces=1
[DEBUG] Prashant Kumar score=0.217
[DEBUG] Prashant Kumar score=0.217
[Entry-1] frame=7800 faces=0
[Entry-4] frame=8210 faces=0
[Entry-1] frame=7810 faces=0
[Entry-2] frame=8120 faces=2
[DEBUG] Rishu Kumar score=0.187
[DEBUG] Rishu Kumar score=0.187
[DEBUG] Ravi Shankar score=0.073
[DEBUG] Ravi Shankar score=0.073
[Entry-4] frame=8220 faces=0
[Entry-1] frame=7820 faces=0
[Entry-2] frame=8130 faces=0
[Entry-4] frame=8230 faces=0
[Entry-1] frame=7830 faces=0
[Entry-2] frame=8140 faces=0
[Entry-4] frame=8240 faces=0
[Entry-1] frame=7840 faces=0
[Entry-2] frame=8150 faces=2
[DEBUG] Prashant Kumar score=0.555
[DEBUG] Prashant Kumar score=0.555
[DEBUG] Ravi Shankar score=0.139
[DEBUG] Ravi Shankar score=0.139
[Entry-4] frame=8250 faces=0
[Entry-1] frame=7850 faces=0
[Entry-2] frame=8160 faces=1
[DEBUG] Prashant Kumar score=0.491
[DEBUG] Prashant Kumar score=0.491
[Entry-4] frame=8260 faces=0
[Entry-1] frame=7860 faces=0
[Entry-4] frame=8270 faces=0
[Entry-2] frame=8170 faces=2
[DEBUG] Prashant Kumar score=0.450
[DEBUG] Prashant Kumar score=0.450
[DEBUG] Aditya score=0.125
[DEBUG] Aditya score=0.125
[Entry-1] frame=7870 faces=1
[DEBUG] Meraj score=0.079
[DEBUG] Meraj score=0.079
[Entry-4] frame=8280 faces=0
[Entry-2] frame=8180 faces=2
[DEBUG] Prashant Kumar score=0.316
[DEBUG] Prashant Kumar score=0.316
[DEBUG] Ravi Shankar score=0.072
[DEBUG] Ravi Shankar score=0.072
[Entry-1] frame=7880 faces=0
[Entry-4] frame=8290 faces=0
[Entry-2] frame=8190 faces=2
[DEBUG] Meraj score=0.050
[DEBUG] Meraj score=0.050
[DEBUG] Prashant Kumar score=0.273
[DEBUG] Prashant Kumar score=0.273
[Entry-1] frame=7890 faces=1
[DEBUG] Prashant Kumar score=0.155
[DEBUG] Prashant Kumar score=0.155
[Entry-4] frame=8300 faces=0
[Entry-2] frame=8200 faces=0
[Entry-1] frame=7900 faces=0
[Entry-4] frame=8310 faces=0
[Entry-2] frame=8210 faces=0
[Entry-1] frame=7910 faces=0
[Entry-4] frame=8320 faces=0
[Entry-2] frame=8220 faces=0
[Entry-1] frame=7920 faces=0
[Entry-4] frame=8330 faces=0
[Entry-2] frame=8230 faces=0
[Entry-1] frame=7930 faces=0
[Entry-4] frame=8340 faces=0
[Entry-2] frame=8240 faces=2
[DEBUG] Prashant Kumar score=0.218
[DEBUG] Prashant Kumar score=0.218
[DEBUG] Aditya score=0.083
[DEBUG] Aditya score=0.083
[Entry-1] frame=7940 faces=1
[DEBUG] Prashant Kumar score=0.170
[DEBUG] Prashant Kumar score=0.170
[Entry-4] frame=8350 faces=0
[Entry-1] frame=7950 faces=0
[Entry-2] frame=8250 faces=2
[DEBUG] Ravi Shankar score=0.073
[DEBUG] Ravi Shankar score=0.073
[DEBUG] Prashant Kumar score=0.188
[DEBUG] Prashant Kumar score=0.188
[Entry-4] frame=8360 faces=0
[Entry-1] frame=7960 faces=0
[Entry-4] frame=8370 faces=0
[Entry-2] frame=8260 faces=2
[DEBUG] Praveen score=0.095
[DEBUG] Praveen score=0.095
[DEBUG] Prashant Kumar score=0.137
[DEBUG] Prashant Kumar score=0.137
[Entry-1] frame=7970 faces=0
[Entry-4] frame=8380 faces=0
[Entry-2] frame=8270 faces=1
[DEBUG] Ravi Shankar score=0.084
[DEBUG] Ravi Shankar score=0.084
[Entry-1] frame=7980 faces=0
[Entry-4] frame=8390 faces=0
[Entry-2] frame=8280 faces=2
[DEBUG] Prashant Kumar score=0.320
[DEBUG] Prashant Kumar score=0.320
[DEBUG] Ravi Shankar score=0.070
[DEBUG] Ravi Shankar score=0.070
[Entry-1] frame=7990 faces=0
[Entry-4] frame=8400 faces=0
[Entry-2] frame=8290 faces=2
[DEBUG] Prashant Kumar score=0.229
[DEBUG] Prashant Kumar score=0.229
[DEBUG] Ravi Shankar score=0.099
[DEBUG] Ravi Shankar score=0.099
[Entry-1] frame=8000 faces=0
[Entry-4] frame=8410 faces=0
[Entry-1] frame=8010 faces=0
[Entry-2] frame=8300 faces=2
[DEBUG] Prashant Kumar score=0.482
[DEBUG] Prashant Kumar score=0.482
[DEBUG] Amitabh Prajapati score=0.488
[DEBUG] Amitabh Prajapati score=0.488
[Entry-4] frame=8420 faces=0
[Entry-1] frame=8020 faces=0
[Entry-4] frame=8430 faces=0
[Entry-2] frame=8310 faces=2
[DEBUG] Amitabh Prajapati score=0.207
[DEBUG] Amitabh Prajapati score=0.207
[DEBUG] Prashant Kumar score=0.159
[DEBUG] Prashant Kumar score=0.159
[Entry-1] frame=8030 faces=0
[Entry-4] frame=8440 faces=0
[Entry-2] frame=8320 faces=1
[DEBUG] Amitabh Prajapati score=0.347
[DEBUG] Amitabh Prajapati score=0.347
[Entry-1] frame=8040 faces=1
[DEBUG] Rishu Kumar score=0.116
[DEBUG] Rishu Kumar score=0.116
[Entry-4] frame=8450 faces=0
[Entry-2] frame=8330 faces=1
[DEBUG] Amitabh Prajapati score=0.264
[DEBUG] Amitabh Prajapati score=0.264
[Entry-1] frame=8050 faces=0
[Entry-4] frame=8460 faces=0
[Entry-2] frame=8340 faces=1
[DEBUG] Amitabh Prajapati score=0.175
[DEBUG] Amitabh Prajapati score=0.175
[Entry-1] frame=8060 faces=0
[Entry-4] frame=8470 faces=0
[Entry-2] frame=8350 faces=1
[DEBUG] Abhishek  score=0.111
[DEBUG] Abhishek  score=0.111
[Entry-1] frame=8070 faces=0
[Entry-4] frame=8480 faces=0
[Entry-2] frame=8360 faces=1
[DEBUG] Neeraj  score=0.098
[DEBUG] Neeraj  score=0.098
[Entry-1] frame=8080 faces=0
[Entry-4] frame=8490 faces=0
[Entry-2] frame=8370 faces=1
[DEBUG] Neeraj  score=0.047
[DEBUG] Neeraj  score=0.047
[Entry-1] frame=8090 faces=0
[Entry-4] frame=8500 faces=0
[Entry-2] frame=8380 faces=1
[DEBUG] Neeraj  score=0.063
[DEBUG] Neeraj  score=0.063
[Entry-1] frame=8100 faces=0
[Entry-4] frame=8510 faces=0
[Entry-2] frame=8390 faces=1
[DEBUG] Neeraj  score=0.073
[DEBUG] Neeraj  score=0.073
[Entry-1] frame=8110 faces=0
[Entry-4] frame=8520 faces=0
[Entry-2] frame=8400 faces=1
[DEBUG] Ravi Shankar score=0.049
[DEBUG] Ravi Shankar score=0.049
[Entry-1] frame=8120 faces=0
[Entry-4] frame=8530 faces=0
[Entry-2] frame=8410 faces=1
[DEBUG] Neeraj  score=0.047
[DEBUG] Neeraj  score=0.047
[Entry-1] frame=8130 faces=0
[Entry-4] frame=8540 faces=0
[Entry-2] frame=8420 faces=0
[Entry-1] frame=8140 faces=0
[Entry-4] frame=8550 faces=0
[Entry-2] frame=8430 faces=0
[Entry-1] frame=8150 faces=1
[DEBUG] Neeraj  score=0.207
[DEBUG] Neeraj  score=0.207
[Entry-4] frame=8560 faces=0
[Entry-2] frame=8440 faces=1
[DEBUG] Prashant Kumar score=0.047
[DEBUG] Prashant Kumar score=0.047
[Entry-1] frame=8160 faces=1
[DEBUG] Neeraj  score=0.148
[DEBUG] Neeraj  score=0.148
[Entry-4] frame=8570 faces=0
[Entry-2] frame=8450 faces=1
[DEBUG] Ravi Shankar score=0.192
[DEBUG] Ravi Shankar score=0.192
[Entry-1] frame=8170 faces=0
[Entry-4] frame=8580 faces=0
[Entry-2] frame=8460 faces=1
[DEBUG] Amitabh Prajapati score=0.187
[DEBUG] Amitabh Prajapati score=0.187
[Entry-1] frame=8180 faces=0
[Entry-4] frame=8590 faces=0
[Entry-1] frame=8190 faces=0
[Entry-2] frame=8470 faces=1
[DEBUG] Meraj score=0.092
[DEBUG] Meraj score=0.092
[Entry-4] frame=8600 faces=0
[Entry-1] frame=8200 faces=0
[Entry-4] frame=8610 faces=0
[Entry-2] frame=8480 faces=1
[DEBUG] Ravi Shankar score=0.087
[DEBUG] Ravi Shankar score=0.087
[Entry-1] frame=8210 faces=0
[Entry-4] frame=8620 faces=0
[Entry-2] frame=8490 faces=1
[DEBUG] Amitabh Prajapati score=0.093
[DEBUG] Amitabh Prajapati score=0.093
[Entry-1] frame=8220 faces=0
[Entry-4] frame=8630 faces=0
[Entry-2] frame=8500 faces=1
[DEBUG] Praveen score=0.115
[DEBUG] Praveen score=0.115
[Entry-1] frame=8230 faces=0
[Entry-4] frame=8640 faces=0
[Entry-2] frame=8510 faces=1
[DEBUG] Ravi Shankar score=0.077
[DEBUG] Ravi Shankar score=0.077
[Entry-1] frame=8240 faces=0
[Entry-4] frame=8650 faces=0
[Entry-2] frame=8520 faces=1
[DEBUG] Ravi Shankar score=0.071
[DEBUG] Ravi Shankar score=0.071
[Entry-1] frame=8250 faces=0
[Entry-4] frame=8660 faces=0
[Entry-2] frame=8530 faces=0
[Entry-1] frame=8260 faces=0
[Entry-4] frame=8670 faces=0
[Entry-2] frame=8540 faces=0
[Entry-1] frame=8270 faces=0
[Entry-4] frame=8680 faces=0
[Entry-2] frame=8550 faces=0
[Entry-1] frame=8280 faces=0
[Entry-4] frame=8690 faces=0
[Entry-2] frame=8560 faces=0
[Entry-1] frame=8290 faces=0
[Entry-4] frame=8700 faces=0
[Entry-2] frame=8570 faces=1
[DEBUG] Praveen score=0.128
[DEBUG] Praveen score=0.128
[Entry-4] frame=8710 faces=0
[Entry-1] frame=8300 faces=1
[DEBUG] Prashant Kumar score=0.148
[DEBUG] Prashant Kumar score=0.148
[Entry-2] frame=8580 faces=0
[Entry-4] frame=8720 faces=0
[Entry-1] frame=8310 faces=0
[Entry-2] frame=8590 faces=0
[Entry-4] frame=8730 faces=0
[Entry-1] frame=8320 faces=0
[Entry-2] frame=8600 faces=0
[Entry-4] frame=8740 faces=0
[Entry-1] frame=8330 faces=0
[Entry-2] frame=8610 faces=1
[DEBUG] Ravi Shankar score=0.069
[DEBUG] Ravi Shankar score=0.069
[Entry-4] frame=8750 faces=0
[Entry-1] frame=8340 faces=0
[Entry-2] frame=8620 faces=1
[DEBUG] Ravi Shankar score=0.110
[DEBUG] Ravi Shankar score=0.110
[Entry-4] frame=8760 faces=0
[Entry-1] frame=8350 faces=0
[Entry-2] frame=8630 faces=0
[Entry-4] frame=8770 faces=0
[Entry-1] frame=8360 faces=0
[Entry-2] frame=8640 faces=0
[Entry-4] frame=8780 faces=0
[Entry-1] frame=8370 faces=1
[DEBUG] Neeraj  score=0.162
[DEBUG] Neeraj  score=0.162
[Entry-2] frame=8650 faces=0
[Entry-4] frame=8790 faces=0
[Entry-1] frame=8380 faces=0
[Entry-2] frame=8660 faces=1
[DEBUG] Prashant Kumar score=0.095
[DEBUG] Prashant Kumar score=0.095
[Entry-4] frame=8800 faces=0
[Entry-1] frame=8390 faces=1
[DEBUG] Prashant Kumar score=0.126
[DEBUG] Prashant Kumar score=0.126
[Entry-2] frame=8670 faces=0
[Entry-4] frame=8810 faces=0
[Entry-1] frame=8400 faces=0
[Entry-2] frame=8680 faces=1
[DEBUG] Ravi Shankar score=0.104
[DEBUG] Ravi Shankar score=0.104
[Entry-4] frame=8820 faces=0
[Entry-1] frame=8410 faces=0
[Entry-2] frame=8690 faces=0
[Entry-4] frame=8830 faces=0
[Entry-1] frame=8420 faces=0
[Entry-2] frame=8700 faces=0
[Entry-4] frame=8840 faces=0
[Entry-1] frame=8430 faces=1
[DEBUG] Prashant Kumar score=0.148
[DEBUG] Prashant Kumar score=0.148
[Entry-2] frame=8710 faces=0
[Entry-4] frame=8850 faces=0
[Entry-1] frame=8440 faces=0
[Entry-2] frame=8720 faces=0
[Entry-4] frame=8860 faces=0
[Entry-1] frame=8450 faces=0
[Entry-2] frame=8730 faces=0
[Entry-4] frame=8870 faces=0
[Entry-1] frame=8460 faces=0
[Entry-2] frame=8740 faces=1
[DEBUG] Ravi Shankar score=0.116
[DEBUG] Ravi Shankar score=0.116
[Entry-4] frame=8880 faces=0
[Entry-1] frame=8470 faces=0
[sync] 1 pending row(s) — Supabase push shuru ...
[Entry-2] frame=8750 faces=1
[DEBUG] Sunny  score=0.039
[DEBUG] Sunny  score=0.039
[Entry-4] frame=8890 faces=0
[Entry-1] frame=8480 faces=0
[Entry-2] frame=8760 faces=1
[DEBUG] Aditya score=0.048
[DEBUG] Aditya score=0.048
[Entry-4] frame=8900 faces=0
[Entry-1] frame=8490 faces=0
[sync] PUSHED → Abhishek  | Exit | 2026-08-06 16:50:17
[sync] COMPLETE — pushed:1 | skipped:0 | failed:0 | still pending:0
[Entry-4] frame=8910 faces=0
[Entry-2] frame=8770 faces=1
[DEBUG] Amitabh Prajapati score=0.337
[DEBUG] Amitabh Prajapati score=0.337
[Entry-1] frame=8500 faces=0
[Entry-4] frame=8920 faces=0
[Entry-2] frame=8780 faces=1
[DEBUG] Amitabh Prajapati score=0.472
[DEBUG] Amitabh Prajapati score=0.472
[Entry-1] frame=8510 faces=0
[Entry-4] frame=8930 faces=0
[Entry-2] frame=8790 faces=1
[DEBUG] Amitabh Prajapati score=0.312
[DEBUG] Amitabh Prajapati score=0.312
[Entry-1] frame=8520 faces=0
[Entry-4] frame=8940 faces=0
[Entry-2] frame=8800 faces=1
[DEBUG] Amitabh Prajapati score=0.169
[DEBUG] Amitabh Prajapati score=0.169
[Entry-1] frame=8530 faces=1
[DEBUG] Meraj score=0.091
[DEBUG] Meraj score=0.091
[Entry-4] frame=8950 faces=0
[Entry-2] frame=8810 faces=0
[Entry-1] frame=8540 faces=0
[Entry-4] frame=8960 faces=0
[Entry-1] frame=8550 faces=0
[Entry-2] frame=8820 faces=1
[DEBUG] Ravi Shankar score=0.124
[DEBUG] Ravi Shankar score=0.124
[Entry-4] frame=8970 faces=0
[Entry-1] frame=8560 faces=0
[Entry-2] frame=8830 faces=1
[DEBUG] Amitabh Prajapati score=0.409
[DEBUG] Amitabh Prajapati score=0.409
[Entry-4] frame=8980 faces=0
[Entry-1] frame=8570 faces=0
[Entry-2] frame=8840 faces=1
[DEBUG] Amitabh Prajapati score=0.412
[DEBUG] Amitabh Prajapati score=0.412
[Entry-4] frame=8990 faces=0
[Entry-1] frame=8580 faces=2
[DEBUG] Aakash score=0.539
[DEBUG] Aakash score=0.539
[DEBUG] Meraj score=0.116
[DEBUG] Meraj score=0.116
[Entry-2] frame=8850 faces=1
[DEBUG] Amitabh Prajapati score=0.258
[DEBUG] Amitabh Prajapati score=0.258
[Entry-4] frame=9000 faces=0
[Entry-1] frame=8590 faces=1
[DEBUG] Neeraj  score=0.127
[DEBUG] Neeraj  score=0.127
[Entry-2] frame=8860 faces=1
[DEBUG] Amitabh Prajapati score=0.152
[DEBUG] Amitabh Prajapati score=0.152
[Entry-4] frame=9010 faces=0
[Entry-1] frame=8600 faces=0
[Entry-2] frame=8870 faces=1
[DEBUG] Amitabh Prajapati score=0.356
[DEBUG] Amitabh Prajapati score=0.356
[Entry-4] frame=9020 faces=1
[DEBUG] Kajal score=0.300
[DEBUG] Kajal score=0.300
[Entry-1] frame=8610 faces=0
[Entry-2] frame=8880 faces=1
[DEBUG] Amitabh Prajapati score=0.299
[DEBUG] Amitabh Prajapati score=0.299
[Entry-4] frame=9030 faces=1
[DEBUG] Meraj score=0.173
[DEBUG] Meraj score=0.173
[Entry-1] frame=8620 faces=0
[Entry-2] frame=8890 faces=1
[DEBUG] Amitabh Prajapati score=0.114
[DEBUG] Amitabh Prajapati score=0.114
[Entry-4] frame=9040 faces=1
[DEBUG] Meraj score=0.090
[DEBUG] Meraj score=0.090
[Entry-1] frame=8630 faces=0
[Entry-2] frame=8900 faces=1
[DEBUG] Ravi Shankar score=0.084
[DEBUG] Ravi Shankar score=0.084
[Entry-4] frame=9050 faces=0
[Entry-1] frame=8640 faces=0
[Entry-2] frame=8910 faces=0
[Entry-4] frame=9060 faces=0
[Entry-1] frame=8650 faces=0
[Entry-4] frame=9070 faces=0
[Entry-2] frame=8920 faces=1
[DEBUG] Amitabh Prajapati score=0.233
[DEBUG] Amitabh Prajapati score=0.233
[Entry-1] frame=8660 faces=0
[Entry-4] frame=9080 faces=0
[Entry-2] frame=8930 faces=1
[DEBUG] Kajal score=0.289
[DEBUG] Kajal score=0.289
[Entry-1] frame=8670 faces=0
[Entry-4] frame=9090 faces=0
[Entry-2] frame=8940 faces=1
[DEBUG] Kajal score=0.535
[DEBUG] Kajal score=0.535
[Entry-1] frame=8680 faces=0
[Entry-4] frame=9100 faces=0
[Entry-1] frame=8690 faces=0
[Entry-2] frame=8950 faces=1
[DEBUG] Kajal score=0.514
[DEBUG] Kajal score=0.514
[Entry-4] frame=9110 faces=0
[Entry-1] frame=8700 faces=0
[Entry-2] frame=8960 faces=0
[Entry-4] frame=9120 faces=0
[Entry-1] frame=8710 faces=0
[Entry-2] frame=8970 faces=2
[DEBUG] Kajal score=0.448
[DEBUG] Kajal score=0.448
[DEBUG] Amitabh Prajapati score=0.379
[DEBUG] Amitabh Prajapati score=0.379
[Entry-4] frame=9130 faces=0
[Entry-1] frame=8720 faces=0
[Entry-2] frame=8980 faces=1
[DEBUG] Kajal score=0.478
[DEBUG] Kajal score=0.478
[Entry-4] frame=9140 faces=0
[Entry-1] frame=8730 faces=0
[Entry-2] frame=8990 faces=1
[DEBUG] Kajal score=0.604
[DEBUG] Kajal score=0.604
[Entry-4] frame=9150 faces=0
[Entry-1] frame=8740 faces=0
[Entry-4] frame=9160 faces=0
[Entry-2] frame=9000 faces=1
[DEBUG] Kajal score=0.548
[DEBUG] Kajal score=0.548
[Entry-1] frame=8750 faces=0
[Entry-2] frame=9010 faces=0
[Entry-4] frame=9170 faces=0
[Entry-1] frame=8760 faces=0
[Entry-4] frame=9180 faces=0
[Entry-2] frame=9020 faces=1
[DEBUG] Kajal score=0.578
[DEBUG] Kajal score=0.578
[Entry-1] frame=8770 faces=0
[Entry-4] frame=9190 faces=0
[Entry-2] frame=9030 faces=1
[DEBUG] Kajal score=0.432
[DEBUG] Kajal score=0.432
[Entry-1] frame=8780 faces=0
[Entry-4] frame=9200 faces=0
[Entry-2] frame=9040 faces=0
[Entry-1] frame=8790 faces=0
[Entry-4] frame=9210 faces=0
[Entry-2] frame=9050 faces=1
[DEBUG] Kajal score=0.457
[DEBUG] Kajal score=0.457
[Entry-1] frame=8800 faces=0
[Entry-4] frame=9220 faces=0
[Entry-2] frame=9060 faces=1
[DEBUG] Kajal score=0.499
[DEBUG] Kajal score=0.499
[Entry-1] frame=8810 faces=0
[Entry-4] frame=9230 faces=0
[Entry-1] frame=8820 faces=0
[Entry-2] frame=9070 faces=1
[DEBUG] Kajal score=0.471
[DEBUG] Kajal score=0.471
[Entry-4] frame=9240 faces=0
[Entry-1] frame=8830 faces=0
[Entry-2] frame=9080 faces=2
[DEBUG] Prashant Kumar score=0.492
[DEBUG] Prashant Kumar score=0.492
[DEBUG] Kajal score=0.464
[DEBUG] Kajal score=0.464
[Entry-4] frame=9250 faces=0
[Entry-1] frame=8840 faces=0
[Entry-2] frame=9090 faces=3
[DEBUG] Prashant Kumar score=0.301
[DEBUG] Prashant Kumar score=0.301
[DEBUG] Kajal score=0.410
[DEBUG] Kajal score=0.410
[DEBUG] Amitabh Prajapati score=0.174
[DEBUG] Amitabh Prajapati score=0.174
[Entry-4] frame=9260 faces=0
[Entry-1] frame=8850 faces=0
[Entry-4] frame=9270 faces=0
[Entry-2] frame=9100 faces=2
[DEBUG] Kajal score=0.391
[DEBUG] Kajal score=0.391
[DEBUG] Aditya score=0.100
[DEBUG] Aditya score=0.100
[Entry-1] frame=8860 faces=1
[DEBUG] Rajan score=0.182
[DEBUG] Rajan score=0.182
[Entry-4] frame=9280 faces=0
[Entry-2] frame=9110 faces=1
[DEBUG] Kajal score=0.502
[DEBUG] Kajal score=0.502
[Entry-1] frame=8870 faces=1
[DEBUG] Aakash score=0.186
[DEBUG] Aakash score=0.186
[Entry-4] frame=9290 faces=0
[Entry-2] frame=9120 faces=2
[DEBUG] Kajal score=0.208
[DEBUG] Kajal score=0.208
[DEBUG] Rajan score=0.090
[DEBUG] Rajan score=0.090
[Entry-1] frame=8880 faces=1
[DEBUG] Praveen score=0.075
[DEBUG] Praveen score=0.075
[Entry-4] frame=9300 faces=0
[Entry-1] frame=8890 faces=0
[Entry-2] frame=9130 faces=2
[DEBUG] Kajal score=0.474
[DEBUG] Kajal score=0.474
[DEBUG] Rajan score=0.047
[DEBUG] Rajan score=0.047
[Entry-4] frame=9310 faces=0
[Entry-1] frame=8900 faces=2
[DEBUG] Aakash score=0.469
[DEBUG] Aakash score=0.469
[DEBUG] Praveen score=0.096
[DEBUG] Praveen score=0.096
[Entry-4] frame=9320 faces=0
[Entry-2] frame=9140 faces=2
[DEBUG] Kajal score=0.558
[DEBUG] Kajal score=0.558
[DEBUG] Prashant Kumar score=0.080
[DEBUG] Prashant Kumar score=0.080
[Entry-1] frame=8910 faces=0
[Entry-4] frame=9330 faces=0
[Entry-2] frame=9150 faces=2
[DEBUG] Kajal score=0.394
[DEBUG] Kajal score=0.394
[DEBUG] Meraj score=0.058
[DEBUG] Meraj score=0.058
[Entry-4] frame=9340 faces=0
[Entry-1] frame=8920 faces=2
[DEBUG] Kuldeep score=0.075
[DEBUG] Kuldeep score=0.075
[DEBUG] Aakash score=0.628
[DEBUG] Aakash score=0.628
[Entry-2] frame=9160 faces=2
[DEBUG] Kajal score=0.522
[DEBUG] Kajal score=0.522
[DEBUG] Amitabh Prajapati score=0.118
[DEBUG] Amitabh Prajapati score=0.118
[Entry-4] frame=9350 faces=0
[Entry-1] frame=8930 faces=1
[DEBUG] Kuldeep score=0.079
[DEBUG] Kuldeep score=0.079
[Entry-2] frame=9170 faces=1
[DEBUG] Kajal score=0.296
[DEBUG] Kajal score=0.296
[Entry-4] frame=9360 faces=0
[Entry-1] frame=8940 faces=0
[Entry-2] frame=9180 faces=2
[DEBUG] Kajal score=0.275
[DEBUG] Kajal score=0.275
[DEBUG] Amitabh Prajapati score=0.195
[DEBUG] Amitabh Prajapati score=0.195
[Entry-4] frame=9370 faces=0
[Entry-1] frame=8950 faces=1
[DEBUG] Aakash score=0.472
[DEBUG] Aakash score=0.472
[Entry-2] frame=9190 faces=0
[Entry-4] frame=9380 faces=0
[Entry-1] frame=8960 faces=1
[DEBUG] Aakash score=0.506
[DEBUG] Aakash score=0.506
[Entry-2] frame=9200 faces=0
[Entry-4] frame=9390 faces=0
[Entry-1] frame=8970 faces=0
[Entry-2] frame=9210 faces=2
[DEBUG] Kajal score=0.475
[DEBUG] Kajal score=0.475
[DEBUG] Amitabh Prajapati score=0.064
[DEBUG] Amitabh Prajapati score=0.064
[Entry-4] frame=9400 faces=0
[Entry-1] frame=8980 faces=2
[DEBUG] Aakash score=0.574
[DEBUG] Aakash score=0.574
[DEBUG] Aditya score=0.170
[DEBUG] Aditya score=0.170
[Entry-2] frame=9220 faces=1
[DEBUG] Kajal score=0.205
[DEBUG] Kajal score=0.205
[Entry-4] frame=9410 faces=0
[Entry-1] frame=8990 faces=1
[DEBUG] Prashant Kumar score=0.120
[DEBUG] Prashant Kumar score=0.120
[Entry-4] frame=9420 faces=0
[Entry-2] frame=9230 faces=1
[DEBUG] Prashant Kumar score=0.073
[DEBUG] Prashant Kumar score=0.073
[Entry-1] frame=9000 faces=1
[DEBUG] Neeraj  score=0.138
[DEBUG] Neeraj  score=0.138
[Entry-4] frame=9430 faces=0
[Entry-2] frame=9240 faces=1
[DEBUG] Rajan score=0.065
[DEBUG] Rajan score=0.065
[Entry-4] frame=9440 faces=0
[Entry-1] frame=9010 faces=2
[DEBUG] Aakash score=0.547
[DEBUG] Aakash score=0.547
[DEBUG] Neeraj  score=0.150
[DEBUG] Neeraj  score=0.150
[Entry-2] frame=9250 faces=2
[DEBUG] Kajal score=0.433
[DEBUG] Kajal score=0.433
[DEBUG] Amitabh Prajapati score=0.224
[DEBUG] Amitabh Prajapati score=0.224
[Entry-4] frame=9450 faces=0
[Entry-1] frame=9020 faces=1
[DEBUG] Neeraj  score=0.166
[DEBUG] Neeraj  score=0.166
[Entry-2] frame=9260 faces=2
[DEBUG] Kajal score=0.466
[DEBUG] Kajal score=0.466
[DEBUG] Amitabh Prajapati score=0.190
[DEBUG] Amitabh Prajapati score=0.190
[Entry-4] frame=9460 faces=0
[Entry-1] frame=9030 faces=1
[DEBUG] Prashant Kumar score=0.125
[DEBUG] Prashant Kumar score=0.125
[Entry-2] frame=9270 faces=2
[DEBUG] Kajal score=0.518
[DEBUG] Kajal score=0.518
[DEBUG] Amitabh Prajapati score=0.361
[DEBUG] Amitabh Prajapati score=0.361
[Entry-4] frame=9470 faces=0
[Entry-1] frame=9040 faces=1
[DEBUG] Neeraj  score=0.140
[DEBUG] Neeraj  score=0.140
[Entry-2] frame=9280 faces=1
[DEBUG] Prashant Kumar score=0.226
[DEBUG] Prashant Kumar score=0.226
[Entry-4] frame=9480 faces=0
[Entry-1] frame=9050 faces=2
[DEBUG] Neeraj  score=0.157
[DEBUG] Neeraj  score=0.157
[DEBUG] Aakash score=0.529
[DEBUG] Aakash score=0.529
[Entry-4] frame=9490 faces=0
[Entry-2] frame=9290 faces=1
[DEBUG] Prashant Kumar score=0.641
[DEBUG] Prashant Kumar score=0.641
[Entry-1] frame=9060 faces=2
[DEBUG] Aakash score=0.605
[DEBUG] Aakash score=0.605
[DEBUG] Prashant Kumar score=0.152
[DEBUG] Prashant Kumar score=0.152
[Entry-4] frame=9500 faces=0
[Entry-2] frame=9300 faces=1
[DEBUG] Prashant Kumar score=0.505
[DEBUG] Prashant Kumar score=0.505
[Entry-1] frame=9070 faces=2
[DEBUG] Neeraj  score=0.118
[DEBUG] Neeraj  score=0.118
[DEBUG] Aakash score=0.595
[DEBUG] Aakash score=0.595
[Entry-4] frame=9510 faces=0
[Entry-2] frame=9310 faces=0
[Entry-4] frame=9520 faces=0
[Entry-1] frame=9080 faces=2
[DEBUG] Aakash score=0.269
[DEBUG] Aakash score=0.269
[DEBUG] Rajan score=0.139
[DEBUG] Rajan score=0.139
[Entry-2] frame=9320 faces=1
[DEBUG] Kajal score=0.471
[DEBUG] Kajal score=0.471
[Entry-4] frame=9530 faces=0
[Entry-2] frame=9330 faces=0
[Entry-1] frame=9090 faces=1
[DEBUG] Neeraj  score=0.150
[DEBUG] Neeraj  score=0.150
[Entry-4] frame=9540 faces=0
[Entry-1] frame=9100 faces=0
[Entry-2] frame=9340 faces=1
[DEBUG] Meraj score=0.148
[DEBUG] Meraj score=0.148
[Entry-4] frame=9550 faces=0
[Entry-1] frame=9110 faces=0
[Entry-2] frame=9350 faces=1
[DEBUG] Amitabh Prajapati score=0.469
[DEBUG] Amitabh Prajapati score=0.469
[Entry-4] frame=9560 faces=0
[Entry-2] frame=9360 faces=0
[Entry-1] frame=9120 faces=1
[DEBUG] Aakash score=0.036
[DEBUG] Aakash score=0.036
[Entry-4] frame=9570 faces=0
[Entry-2] frame=9370 faces=0
[Entry-1] frame=9130 faces=0
[Entry-4] frame=9580 faces=0
[Entry-2] frame=9380 faces=1
[DEBUG] Prashant Kumar score=0.323
[DEBUG] Prashant Kumar score=0.323
[Entry-1] frame=9140 faces=1
[DEBUG] Neeraj  score=0.101
[DEBUG] Neeraj  score=0.101
[Entry-4] frame=9590 faces=0
[Entry-2] frame=9390 faces=0
[Entry-1] frame=9150 faces=1
[DEBUG] Ravi Shankar score=0.046
[DEBUG] Ravi Shankar score=0.046
[Entry-4] frame=9600 faces=0
[Entry-2] frame=9400 faces=1
[DEBUG] Aakash score=0.079
[DEBUG] Aakash score=0.079
[Entry-1] frame=9160 faces=1
[DEBUG] Meraj score=0.115
[DEBUG] Meraj score=0.115
[Entry-4] frame=9610 faces=0
[Entry-1] frame=9170 faces=1
[DEBUG] Prashant Kumar score=0.088
[DEBUG] Prashant Kumar score=0.088
[Entry-4] frame=9620 faces=0
[Entry-2] frame=9410 faces=2
[DEBUG] Kuldeep score=0.140
[DEBUG] Kuldeep score=0.140
[DEBUG] Prashant Kumar score=0.075
[DEBUG] Prashant Kumar score=0.075
[Entry-4] frame=9630 faces=0
[Entry-1] frame=9180 faces=1
[DEBUG] Neeraj  score=0.140
[DEBUG] Neeraj  score=0.140
[Entry-2] frame=9420 faces=1
[DEBUG] Kajal score=0.191
[DEBUG] Kajal score=0.191
[Entry-4] frame=9640 faces=0
[Entry-1] frame=9190 faces=1
[DEBUG] Neeraj  score=0.141
[DEBUG] Neeraj  score=0.141
[Entry-2] frame=9430 faces=1
[DEBUG] Kajal score=0.449
[DEBUG] Kajal score=0.449
[Entry-4] frame=9650 faces=0
[Entry-1] frame=9200 faces=1
[DEBUG] Meraj score=0.081
[DEBUG] Meraj score=0.081
[Entry-2] frame=9440 faces=1
[DEBUG] Kajal score=0.365
[DEBUG] Kajal score=0.365
[Entry-4] frame=9660 faces=0
[Entry-1] frame=9210 faces=1
[DEBUG] Aakash score=0.087
[DEBUG] Aakash score=0.087
[Entry-2] frame=9450 faces=2
[DEBUG] Kajal score=0.381
[DEBUG] Kajal score=0.381
[DEBUG] Amitabh Prajapati score=0.107
[DEBUG] Amitabh Prajapati score=0.107
[Entry-4] frame=9670 faces=0
[Entry-1] frame=9220 faces=1
[DEBUG] Aakash score=0.052
[DEBUG] Aakash score=0.052
[Entry-2] frame=9460 faces=2
[DEBUG] Kajal score=0.330
[DEBUG] Kajal score=0.330
[DEBUG] Prashant Kumar score=0.361
[DEBUG] Prashant Kumar score=0.361
[Entry-4] frame=9680 faces=0
[Entry-1] frame=9230 faces=1
[DEBUG] Neeraj  score=0.081
[DEBUG] Neeraj  score=0.081
[Entry-2] frame=9470 faces=0
[Entry-4] frame=9690 faces=0
[Entry-1] frame=9240 faces=1
[DEBUG] Rajan score=0.102
[DEBUG] Rajan score=0.102
[Entry-2] frame=9480 faces=1
[DEBUG] Prashant Kumar score=0.356
[DEBUG] Prashant Kumar score=0.356
[Entry-4] frame=9700 faces=0
[Entry-1] frame=9250 faces=1
[DEBUG] Neeraj  score=0.078
[DEBUG] Neeraj  score=0.078
[Entry-2] frame=9490 faces=0
[Entry-4] frame=9710 faces=0
[Entry-1] frame=9260 faces=1
[DEBUG] Neeraj  score=0.106
[DEBUG] Neeraj  score=0.106
[Entry-2] frame=9500 faces=0
[Entry-4] frame=9720 faces=0
[Entry-1] frame=9270 faces=0
[Entry-2] frame=9510 faces=0
[Entry-4] frame=9730 faces=0
[Entry-1] frame=9280 faces=0
[Entry-2] frame=9520 faces=0
[Entry-4] frame=9740 faces=0
[Entry-1] frame=9290 faces=0
[Entry-4] frame=9750 faces=0
[Entry-2] frame=9530 faces=1
[DEBUG] Prashant Kumar score=0.181
[DEBUG] Prashant Kumar score=0.181
[Entry-1] frame=9300 faces=0
[Entry-4] frame=9760 faces=0
[Entry-2] frame=9540 faces=1
[DEBUG] Prashant Kumar score=0.269
[DEBUG] Prashant Kumar score=0.269
[Entry-1] frame=9310 faces=1
[DEBUG] Meraj score=0.086
[DEBUG] Meraj score=0.086
[Entry-4] frame=9770 faces=0
[Entry-2] frame=9550 faces=1
[DEBUG] Amitabh Prajapati score=0.230
[DEBUG] Amitabh Prajapati score=0.230
[Entry-4] frame=9780 faces=0
[Entry-1] frame=9320 faces=1
[DEBUG] Rajan score=0.068
[DEBUG] Rajan score=0.068
[Entry-2] frame=9560 faces=1
[DEBUG] Kajal score=0.251
[DEBUG] Kajal score=0.251
[Entry-4] frame=9790 faces=0
[Entry-1] frame=9330 faces=1
[DEBUG] Aakash score=0.074
[DEBUG] Aakash score=0.074
[Entry-2] frame=9570 faces=0
[Entry-4] frame=9800 faces=0
[Entry-1] frame=9340 faces=1
[DEBUG] Aakash score=0.083
[DEBUG] Aakash score=0.083
[Entry-2] frame=9580 faces=1
[DEBUG] Kajal score=0.464
[DEBUG] Kajal score=0.464
[Entry-4] frame=9810 faces=0
[Entry-1] frame=9350 faces=1
[DEBUG] Aakash score=0.087
[DEBUG] Aakash score=0.087
[Entry-2] frame=9590 faces=0
[Entry-4] frame=9820 faces=0
[Entry-1] frame=9360 faces=0
[Entry-2] frame=9600 faces=1
[DEBUG] Amitabh Prajapati score=0.091
[DEBUG] Amitabh Prajapati score=0.091
[Entry-4] frame=9830 faces=0
[Entry-1] frame=9370 faces=0
[Entry-2] frame=9610 faces=1
[DEBUG] Prashant Kumar score=0.362
[DEBUG] Prashant Kumar score=0.362
[Entry-4] frame=9840 faces=0
[Entry-1] frame=9380 faces=0
[Entry-2] frame=9620 faces=1
[DEBUG] Prashant Kumar score=0.311
[DEBUG] Prashant Kumar score=0.311
[Entry-4] frame=9850 faces=0
[Entry-1] frame=9390 faces=0
[Entry-2] frame=9630 faces=1
[DEBUG] Prashant Kumar score=0.284
[DEBUG] Prashant Kumar score=0.284
[Entry-4] frame=9860 faces=0
[Entry-1] frame=9400 faces=0
[Entry-2] frame=9640 faces=0
[Entry-4] frame=9870 faces=0
[Entry-1] frame=9410 faces=0
[Entry-2] frame=9650 faces=1
[DEBUG] Amitabh Prajapati score=0.213
[DEBUG] Amitabh Prajapati score=0.213
[Entry-4] frame=9880 faces=0
[Entry-1] frame=9420 faces=1
[DEBUG] Neeraj  score=0.112
[DEBUG] Neeraj  score=0.112
[Entry-2] frame=9660 faces=1
[DEBUG] Prashant Kumar score=0.095
[DEBUG] Prashant Kumar score=0.095
[Entry-4] frame=9890 faces=0
[Entry-1] frame=9430 faces=0
[Entry-2] frame=9670 faces=0
[Entry-4] frame=9900 faces=0
[Entry-1] frame=9440 faces=0
[Entry-2] frame=9680 faces=0
[Entry-4] frame=9910 faces=0
[Entry-1] frame=9450 faces=1
[DEBUG] Praveen score=0.110
[DEBUG] Praveen score=0.110
[Entry-2] frame=9690 faces=0
[Entry-4] frame=9920 faces=0
[Entry-1] frame=9460 faces=1
[DEBUG] Neeraj  score=0.123
[DEBUG] Neeraj  score=0.123
[Entry-2] frame=9700 faces=0
[Entry-4] frame=9930 faces=0
[Entry-1] frame=9470 faces=1
[DEBUG] Meraj score=0.208
[DEBUG] Meraj score=0.208
[Entry-2] frame=9710 faces=0
[Entry-4] frame=9940 faces=0
[Entry-1] frame=9480 faces=0
[Entry-2] frame=9720 faces=0
[Entry-4] frame=9950 faces=0
[Entry-1] frame=9490 faces=1
[DEBUG] Meraj score=0.099
[DEBUG] Meraj score=0.099
[Entry-2] frame=9730 faces=0
[Entry-4] frame=9960 faces=0
[Entry-1] frame=9500 faces=1
[DEBUG] Neeraj  score=0.226
[DEBUG] Neeraj  score=0.226
[Entry-2] frame=9740 faces=0
[Entry-4] frame=9970 faces=0
[Entry-1] frame=9510 faces=1
[DEBUG] Neeraj  score=0.265
[DEBUG] Neeraj  score=0.265
[Entry-4] frame=9980 faces=0
[Entry-2] frame=9750 faces=1
[DEBUG] Prashant Kumar score=0.410
[DEBUG] Prashant Kumar score=0.410
[Entry-1] frame=9520 faces=1
[DEBUG] Rajan score=0.213
[DEBUG] Rajan score=0.213
[Entry-4] frame=9990 faces=0
[Entry-2] frame=9760 faces=1
[DEBUG] Prashant Kumar score=0.618
[DEBUG] Prashant Kumar score=0.618
[Entry-4] frame=10000 faces=0
[Entry-1] frame=9530 faces=1
[DEBUG] Rajan score=0.223
[DEBUG] Rajan score=0.223
[Entry-2] frame=9770 faces=1
[DEBUG] Prashant Kumar score=0.181
[DEBUG] Prashant Kumar score=0.181
[Entry-4] frame=10010 faces=0
[Entry-1] frame=9540 faces=1
[DEBUG] Aditya score=0.179
[DEBUG] Aditya score=0.179
[Entry-2] frame=9780 faces=1
[DEBUG] Amitabh Prajapati score=0.462
[DEBUG] Amitabh Prajapati score=0.462
[Entry-4] frame=10020 faces=0
[Entry-1] frame=9550 faces=1
[DEBUG] Neeraj  score=0.127
[DEBUG] Neeraj  score=0.127
[Entry-2] frame=9790 faces=1
[DEBUG] Prashant Kumar score=0.321
[DEBUG] Prashant Kumar score=0.321
[Entry-4] frame=10030 faces=0
[Entry-1] frame=9560 faces=1
[DEBUG] Meraj score=0.130
[DEBUG] Meraj score=0.130
[Entry-2] frame=9800 faces=0
[Entry-4] frame=10040 faces=0
[Entry-2] frame=9810 faces=0
[Entry-1] frame=9570 faces=1
[DEBUG] Neeraj  score=0.076
[DEBUG] Neeraj  score=0.076
[Entry-4] frame=10050 faces=0
[Entry-2] frame=9820 faces=0
[Entry-1] frame=9580 faces=1
[DEBUG] Aakash score=0.165
[DEBUG] Aakash score=0.165
[Entry-4] frame=10060 faces=0
[Entry-2] frame=9830 faces=0
[Entry-1] frame=9590 faces=1
[DEBUG] Meraj score=0.142
[DEBUG] Meraj score=0.142
[Entry-4] frame=10070 faces=0
[Entry-2] frame=9840 faces=0
[Entry-1] frame=9600 faces=1
[DEBUG] Aditya score=0.168
[DEBUG] Aditya score=0.168
[Entry-4] frame=10080 faces=0
[Entry-2] frame=9850 faces=0
[Entry-1] frame=9610 faces=1
[DEBUG] Neeraj  score=0.123
[DEBUG] Neeraj  score=0.123
[Entry-4] frame=10090 faces=0
[Entry-2] frame=9860 faces=0
[Entry-1] frame=9620 faces=1
[DEBUG] Meraj score=0.137
[DEBUG] Meraj score=0.137
[Entry-4] frame=10100 faces=0
[Entry-2] frame=9870 faces=0
[Entry-4] frame=10110 faces=0
[Entry-1] frame=9630 faces=1
[DEBUG] Prashant Kumar score=0.167
[DEBUG] Prashant Kumar score=0.167
[Entry-2] frame=9880 faces=0
[Entry-4] frame=10120 faces=0
[Entry-1] frame=9640 faces=1
[DEBUG] Prashant Kumar score=0.132
[DEBUG] Prashant Kumar score=0.132
[Entry-2] frame=9890 faces=1
[DEBUG] Prashant Kumar score=0.269
[DEBUG] Prashant Kumar score=0.269
[Entry-4] frame=10130 faces=0
[Entry-1] frame=9650 faces=1
[DEBUG] Aditya score=0.189
[DEBUG] Aditya score=0.189
[Entry-2] frame=9900 faces=0
[Entry-4] frame=10140 faces=0
[Entry-1] frame=9660 faces=1
[DEBUG] Neeraj  score=0.091
[DEBUG] Neeraj  score=0.091
[Entry-2] frame=9910 faces=0
[Entry-4] frame=10150 faces=0
[Entry-1] frame=9670 faces=1
[DEBUG] Rajan score=0.041
[DEBUG] Rajan score=0.041
[Entry-2] frame=9920 faces=0
[Entry-4] frame=10160 faces=0
[Entry-1] frame=9680 faces=1
[DEBUG] Meraj score=0.083
[DEBUG] Meraj score=0.083
[Entry-2] frame=9930 faces=0
[Entry-4] frame=10170 faces=0
[Entry-2] frame=9940 faces=0
[Entry-1] frame=9690 faces=1
[DEBUG] Kuldeep score=0.105
[DEBUG] Kuldeep score=0.105
[Entry-4] frame=10180 faces=0
[Entry-2] frame=9950 faces=0
[Entry-1] frame=9700 faces=1
[DEBUG] Meraj score=0.107
[DEBUG] Meraj score=0.107
[Entry-4] frame=10190 faces=0
[Entry-2] frame=9960 faces=0
[Entry-1] frame=9710 faces=1
[DEBUG] Sunny  score=0.067
[DEBUG] Sunny  score=0.067
[Entry-4] frame=10200 faces=0
[Entry-2] frame=9970 faces=0
[Entry-1] frame=9720 faces=0
[Entry-4] frame=10210 faces=0
[Entry-2] frame=9980 faces=0
[Entry-1] frame=9730 faces=1
[DEBUG] Aakash score=0.197
[DEBUG] Aakash score=0.197
[Entry-4] frame=10220 faces=0
[Entry-2] frame=9990 faces=0
[Entry-1] frame=9740 faces=0
[Entry-4] frame=10230 faces=0
[Entry-2] frame=10000 faces=0
[Entry-1] frame=9750 faces=0
[Entry-4] frame=10240 faces=0
[Entry-2] frame=10010 faces=0
[Entry-1] frame=9760 faces=0
[Entry-4] frame=10250 faces=0
[Entry-2] frame=10020 faces=0
[Entry-1] frame=9770 faces=0
[Entry-4] frame=10260 faces=0
[Entry-2] frame=10030 faces=0
[Entry-1] frame=9780 faces=0
[Entry-4] frame=10270 faces=0
[Entry-2] frame=10040 faces=0
[Entry-1] frame=9790 faces=0
[Entry-4] frame=10280 faces=0
[Entry-2] frame=10050 faces=1
[DEBUG] Amitabh Prajapati score=0.129
[DEBUG] Amitabh Prajapati score=0.129
[Entry-1] frame=9800 faces=0
[Entry-4] frame=10290 faces=0
[Entry-2] frame=10060 faces=0
[Entry-1] frame=9810 faces=0
[Entry-4] frame=10300 faces=0
[Entry-2] frame=10070 faces=0
[Entry-1] frame=9820 faces=0
[Entry-4] frame=10310 faces=0
[Entry-2] frame=10080 faces=1
[DEBUG] Kajal score=0.036
[DEBUG] Kajal score=0.036
[Entry-1] frame=9830 faces=0
[Entry-4] frame=10320 faces=0
[Entry-2] frame=10090 faces=0
[Entry-1] frame=9840 faces=0
[Entry-4] frame=10330 faces=0
[Entry-2] frame=10100 faces=0
[Entry-1] frame=9850 faces=0
[Entry-4] frame=10340 faces=0
[Entry-2] frame=10110 faces=0
[Entry-1] frame=9860 faces=0
[Entry-4] frame=10350 faces=0
[Entry-2] frame=10120 faces=0
[Entry-1] frame=9870 faces=0
[Entry-4] frame=10360 faces=0
[Entry-2] frame=10130 faces=0
[Entry-1] frame=9880 faces=0
[Entry-4] frame=10370 faces=0
[Entry-2] frame=10140 faces=0
[Entry-1] frame=9890 faces=0
[Entry-4] frame=10380 faces=0
[Entry-2] frame=10150 faces=0
[Entry-1] frame=9900 faces=0
[Entry-4] frame=10390 faces=0
[Entry-2] frame=10160 faces=0
[Entry-1] frame=9910 faces=0
[Entry-4] frame=10400 faces=0
[Entry-2] frame=10170 faces=0
[Entry-1] frame=9920 faces=0
[Entry-4] frame=10410 faces=0
[Entry-2] frame=10180 faces=1
[DEBUG] Aditya score=0.048
[DEBUG] Aditya score=0.048
[Entry-1] frame=9930 faces=0
[Entry-4] frame=10420 faces=0
[Entry-1] frame=9940 faces=0
[Entry-2] frame=10190 faces=1
[DEBUG] Prashant Kumar score=0.071
[DEBUG] Prashant Kumar score=0.071
[Entry-4] frame=10430 faces=0
[Entry-1] frame=9950 faces=0
[Entry-2] frame=10200 faces=0
[Entry-4] frame=10440 faces=0
[Entry-1] frame=9960 faces=0
[Entry-2] frame=10210 faces=0
[Entry-4] frame=10450 faces=0
[Entry-1] frame=9970 faces=0
[Entry-2] frame=10220 faces=0
[Entry-4] frame=10460 faces=0
[Entry-1] frame=9980 faces=0
[Entry-4] frame=10470 faces=0
[Entry-2] frame=10230 faces=1
[DEBUG] Amitabh Prajapati score=0.189
[DEBUG] Amitabh Prajapati score=0.189
[Entry-1] frame=9990 faces=0
[Entry-4] frame=10480 faces=0
[Entry-2] frame=10240 faces=0
[Entry-1] frame=10000 faces=0
[Entry-4] frame=10490 faces=0
[Entry-2] frame=10250 faces=0
[Entry-1] frame=10010 faces=0
[Entry-4] frame=10500 faces=0
[Entry-2] frame=10260 faces=0
[Entry-1] frame=10020 faces=0
[Entry-4] frame=10510 faces=0
[Entry-2] frame=10270 faces=0
[Entry-1] frame=10030 faces=0
[Entry-4] frame=10520 faces=0
[Entry-2] frame=10280 faces=0
[Entry-1] frame=10040 faces=0
[Entry-4] frame=10530 faces=0
[Entry-2] frame=10290 faces=0
[Entry-1] frame=10050 faces=0
[Entry-4] frame=10540 faces=0
[Entry-2] frame=10300 faces=0
[Entry-1] frame=10060 faces=0
[Entry-4] frame=10550 faces=0
[Entry-2] frame=10310 faces=0
[Entry-1] frame=10070 faces=0
[Entry-4] frame=10560 faces=0
[Entry-2] frame=10320 faces=0
[Entry-1] frame=10080 faces=0
[Entry-4] frame=10570 faces=0
[Entry-2] frame=10330 faces=0
[Entry-1] frame=10090 faces=0
[Entry-4] frame=10580 faces=0
[Entry-2] frame=10340 faces=0
[Entry-1] frame=10100 faces=0
[Entry-4] frame=10590 faces=0
[Entry-2] frame=10350 faces=0
[Entry-1] frame=10110 faces=0
[Entry-4] frame=10600 faces=0
[Entry-2] frame=10360 faces=0
[Entry-1] frame=10120 faces=0
[Entry-4] frame=10610 faces=0
[Entry-2] frame=10370 faces=0
[Entry-1] frame=10130 faces=0
[Entry-4] frame=10620 faces=0
[Entry-2] frame=10380 faces=0
[Entry-1] frame=10140 faces=1
[DEBUG] Kuldeep score=0.180
[DEBUG] Kuldeep score=0.180
[Entry-2] frame=10390 faces=0
[Entry-4] frame=10630 faces=0
[Entry-4] frame=10640 faces=0
[Entry-2] frame=10400 faces=0
[Entry-1] frame=10150 faces=1
[DEBUG] Meraj score=0.217
[DEBUG] Meraj score=0.217
[Entry-4] frame=10650 faces=0
[Entry-2] frame=10410 faces=0
[Entry-1] frame=10160 faces=1
[DEBUG] Prashant Kumar score=0.186
[DEBUG] Prashant Kumar score=0.186
[Entry-4] frame=10660 faces=0
[Entry-2] frame=10420 faces=0
[Entry-1] frame=10170 faces=1
[DEBUG] Neeraj  score=0.144
[DEBUG] Neeraj  score=0.144
[Entry-4] frame=10670 faces=0
[Entry-2] frame=10430 faces=0
[Entry-1] frame=10180 faces=2
[DEBUG] Prashant Kumar score=0.226
[DEBUG] Prashant Kumar score=0.226
[DEBUG] Aakash score=0.536
[DEBUG] Aakash score=0.536
[Entry-4] frame=10680 faces=0
[Entry-2] frame=10440 faces=0
[Entry-1] frame=10190 faces=1
[DEBUG] Prashant Kumar score=0.230
[DEBUG] Prashant Kumar score=0.230
[Entry-4] frame=10690 faces=0
[Entry-2] frame=10450 faces=0
[Entry-1] frame=10200 faces=1
[DEBUG] Prashant Kumar score=0.210
[DEBUG] Prashant Kumar score=0.210
[Entry-4] frame=10700 faces=0
[Entry-2] frame=10460 faces=0
[Entry-1] frame=10210 faces=1
[DEBUG] Prashant Kumar score=0.154
[DEBUG] Prashant Kumar score=0.154
[Entry-4] frame=10710 faces=0
[Entry-2] frame=10470 faces=0
[Entry-4] frame=10720 faces=0
[Entry-2] frame=10480 faces=0
[Entry-1] frame=10220 faces=1
[DEBUG] Prashant Kumar score=0.170
[DEBUG] Prashant Kumar score=0.170
[Entry-4] frame=10730 faces=0
[Entry-2] frame=10490 faces=0
[Entry-1] frame=10230 faces=1
[DEBUG] Neeraj  score=0.221
[DEBUG] Neeraj  score=0.221
[Entry-4] frame=10740 faces=0
[Entry-2] frame=10500 faces=0
[Entry-1] frame=10240 faces=1
[DEBUG] Neeraj  score=0.212
[DEBUG] Neeraj  score=0.212
[Entry-4] frame=10750 faces=0
[Entry-2] frame=10510 faces=0
[Entry-1] frame=10250 faces=1
[DEBUG] Meraj score=0.250
[DEBUG] Meraj score=0.250
[Entry-4] frame=10760 faces=0
[Entry-2] frame=10520 faces=0
[Entry-1] frame=10260 faces=2
[DEBUG] Neeraj  score=0.152
[DEBUG] Neeraj  score=0.152
[DEBUG] Aakash score=0.414
[DEBUG] Aakash score=0.414
[Entry-4] frame=10770 faces=0
[Entry-2] frame=10530 faces=0
[Entry-4] frame=10780 faces=0
[Entry-2] frame=10540 faces=0
[Entry-1] frame=10270 faces=2
[DEBUG] Prashant Kumar score=0.172
[DEBUG] Prashant Kumar score=0.172
[DEBUG] Aakash score=0.590
[DEBUG] Aakash score=0.590
[Entry-4] frame=10790 faces=0
[Entry-2] frame=10550 faces=0
[Entry-1] frame=10280 faces=2
[DEBUG] Aakash score=0.267
[DEBUG] Aakash score=0.267
[DEBUG] Aakash score=0.081
[DEBUG] Aakash score=0.081
[Entry-4] frame=10800 faces=0
[Entry-2] frame=10560 faces=0
[Entry-1] frame=10290 faces=1
[DEBUG] Prashant Kumar score=0.193
[DEBUG] Prashant Kumar score=0.193
[Entry-4] frame=10810 faces=0
[Entry-2] frame=10570 faces=0
[Entry-1] frame=10300 faces=0
[Entry-4] frame=10820 faces=0
[Entry-2] frame=10580 faces=0
[Entry-1] frame=10310 faces=1
[DEBUG] Meraj score=0.076
[DEBUG] Meraj score=0.076
[Entry-4] frame=10830 faces=0
[Entry-2] frame=10590 faces=0
[Entry-1] frame=10320 faces=0
[Entry-4] frame=10840 faces=0
[Entry-2] frame=10600 faces=0
[Entry-1] frame=10330 faces=1
[DEBUG] Prashant Kumar score=0.103
[DEBUG] Prashant Kumar score=0.103
[Entry-4] frame=10850 faces=0
[Entry-2] frame=10610 faces=0
[Entry-1] frame=10340 faces=1
[DEBUG] Rajan score=0.067
[DEBUG] Rajan score=0.067
[Entry-4] frame=10860 faces=0
[Entry-2] frame=10620 faces=0
[Entry-1] frame=10350 faces=1
[DEBUG] Rajan score=0.082
[DEBUG] Rajan score=0.082
[Entry-4] frame=10870 faces=0[Entry-2] frame=10630 faces=0

[Entry-4] frame=10880 faces=0
[Entry-2] frame=10640 faces=0
[Entry-1] frame=10360 faces=1
[DEBUG] Rajan score=0.070
[DEBUG] Rajan score=0.070
[Entry-4] frame=10890 faces=0
[Entry-2] frame=10650 faces=0
[Entry-1] frame=10370 faces=1
[DEBUG] Meraj score=0.060
[DEBUG] Meraj score=0.060
[Entry-4] frame=10900 faces=0
[Entry-2] frame=10660 faces=0
[Entry-1] frame=10380 faces=1
[DEBUG] Aakash score=0.067
[DEBUG] Aakash score=0.067
[Entry-4] frame=10910 faces=0
[Entry-2] frame=10670 faces=0
[Entry-1] frame=10390 faces=0
[Entry-4] frame=10920 faces=0
[Entry-2] frame=10680 faces=1
[DEBUG] Praveen score=0.096
[DEBUG] Praveen score=0.096
[Entry-1] frame=10400 faces=0
[Entry-4] frame=10930 faces=0
[Entry-2] frame=10690 faces=0
[Entry-1] frame=10410 faces=1
[DEBUG] Prashant Kumar score=0.101
[DEBUG] Prashant Kumar score=0.101
[Entry-4] frame=10940 faces=0
[Entry-2] frame=10700 faces=0
[Entry-1] frame=10420 faces=1
[DEBUG] Prashant Kumar score=0.143
[DEBUG] Prashant Kumar score=0.143
[Entry-4] frame=10950 faces=0
[Entry-2] frame=10710 faces=0
[Entry-1] frame=10430 faces=1
[DEBUG] Prashant Kumar score=0.148
[DEBUG] Prashant Kumar score=0.148
[Entry-4] frame=10960 faces=0
[Entry-2] frame=10720 faces=0
[Entry-1] frame=10440 faces=1
[DEBUG] Meraj score=0.164
[DEBUG] Meraj score=0.164
[Entry-4] frame=10970 faces=0
[Entry-2] frame=10730 faces=0
[Entry-1] frame=10450 faces=0
[Entry-4] frame=10980 faces=0
[Entry-2] frame=10740 faces=0
[Entry-1] frame=10460 faces=0
[Entry-4] frame=10990 faces=0
[Entry-2] frame=10750 faces=0
[Entry-1] frame=10470 faces=1
[DEBUG] Rajan score=0.096
[DEBUG] Rajan score=0.096
[Entry-4] frame=11000 faces=0
[Entry-2] frame=10760 faces=0
[Entry-1] frame=10480 faces=0
[Entry-4] frame=11010 faces=0
[Entry-2] frame=10770 faces=0
[Entry-1] frame=10490 faces=0
[Entry-4] frame=11020 faces=0
[Entry-2] frame=10780 faces=0
[Entry-1] frame=10500 faces=0
[Entry-4] frame=11030 faces=0
[Entry-2] frame=10790 faces=0
[Entry-1] frame=10510 faces=0
[Entry-4] frame=11040 faces=0
[Entry-2] frame=10800 faces=0
[Entry-1] frame=10520 faces=0
[Entry-4] frame=11050 faces=0
[Entry-2] frame=10810 faces=0
[Entry-1] frame=10530 faces=1
[DEBUG] Prashant Kumar score=0.140
[DEBUG] Prashant Kumar score=0.140
[Entry-4] frame=11060 faces=0
[Entry-2] frame=10820 faces=0
[Entry-1] frame=10540 faces=0
[Entry-4] frame=11070 faces=0
[Entry-2] frame=10830 faces=0
[Entry-1] frame=10550 faces=0
[Entry-4] frame=11080 faces=0
[Entry-2] frame=10840 faces=0
[Entry-1] frame=10560 faces=0
[Entry-4] frame=11090 faces=0
[Entry-2] frame=10850 faces=0
[Entry-4] frame=11100 faces=0
[Entry-1] frame=10570 faces=1
[DEBUG] Prashant Kumar score=0.055
[DEBUG] Prashant Kumar score=0.055
[Entry-2] frame=10860 faces=0
[Entry-4] frame=11110 faces=0
[Entry-2] frame=10870 faces=0
[Entry-1] frame=10580 faces=1
[DEBUG] Meraj score=0.182
[DEBUG] Meraj score=0.182
[Entry-4] frame=11120 faces=0
[Entry-2] frame=10880 faces=0
[Entry-1] frame=10590 faces=1
[DEBUG] Meraj score=0.169
[DEBUG] Meraj score=0.169
[Entry-4] frame=11130 faces=0
[Entry-2] frame=10890 faces=0
[Entry-1] frame=10600 faces=1
[DEBUG] Meraj score=0.123
[DEBUG] Meraj score=0.123
[Entry-4] frame=11140 faces=0
[Entry-2] frame=10900 faces=0
[Entry-1] frame=10610 faces=1
[DEBUG] Neeraj  score=0.209
[DEBUG] Neeraj  score=0.209
[Entry-4] frame=11150 faces=0
[Entry-2] frame=10910 faces=0
[Entry-1] frame=10620 faces=1
[DEBUG] Prashant Kumar score=0.120
[DEBUG] Prashant Kumar score=0.120
[Entry-4] frame=11160 faces=0
[Entry-2] frame=10920 faces=0
[Entry-1] frame=10630 faces=1
[DEBUG] Neeraj  score=0.209
[DEBUG] Neeraj  score=0.209
[Entry-4] frame=11170 faces=0
[Entry-2] frame=10930 faces=0
[Entry-1] frame=10640 faces=1
[DEBUG] Neeraj  score=0.189
[DEBUG] Neeraj  score=0.189
[Entry-4] frame=11180 faces=0
[Entry-2] frame=10940 faces=0
[Entry-1] frame=10650 faces=1
[DEBUG] Neeraj  score=0.191
[DEBUG] Neeraj  score=0.191
[Entry-4] frame=11190 faces=0
[Entry-2] frame=10950 faces=0
[Entry-1] frame=10660 faces=0
[Entry-4] frame=11200 faces=0
[Entry-2] frame=10960 faces=0
[Entry-1] frame=10670 faces=0
[Entry-4] frame=11210 faces=0
[Entry-2] frame=10970 faces=0
[Entry-1] frame=10680 faces=0
[Entry-4] frame=11220 faces=0
[Entry-2] frame=10980 faces=0
[Entry-1] frame=10690 faces=0
[Entry-4] frame=11230 faces=0
[Entry-2] frame=10990 faces=0
[Entry-1] frame=10700 faces=0
[Entry-4] frame=11240 faces=0
[Entry-2] frame=11000 faces=0
[Entry-1] frame=10710 faces=0
[Entry-4] frame=11250 faces=0
[Entry-2] frame=11010 faces=0
[Entry-1] frame=10720 faces=0
[Entry-4] frame=11260 faces=0
[Entry-2] frame=11020 faces=0
[Entry-1] frame=10730 faces=0
[Entry-4] frame=11270 faces=0
[Entry-2] frame=11030 faces=0
[Entry-1] frame=10740 faces=0
[Entry-4] frame=11280 faces=0
[Entry-2] frame=11040 faces=0
[Entry-1] frame=10750 faces=0
[Entry-4] frame=11290 faces=0
[Entry-2] frame=11050 faces=0
[Entry-1] frame=10760 faces=0
[Entry-4] frame=11300 faces=0
[Entry-2] frame=11060 faces=0
[reload] embeddings.pkl changed — reloading ...
[reload] ✅ embeddings.pkl reloaded — 16 employee(s) active.
[Entry-4] frame=11310 faces=0
[Entry-1] frame=10770 faces=1
[DEBUG] Meraj score=0.205
[DEBUG] Meraj score=0.205
[Entry-2] frame=11070 faces=0
[Entry-4] frame=11320 faces=0
[Entry-2] frame=11080 faces=0
[Entry-1] frame=10780 faces=1
[DEBUG] Meraj score=0.182
[DEBUG] Meraj score=0.182
[Entry-4] frame=11330 faces=0
[Entry-2] frame=11090 faces=0
[Entry-1] frame=10790 faces=1
[DEBUG] Meraj score=0.251
[DEBUG] Meraj score=0.251
[Entry-4] frame=11340 faces=0
[Entry-2] frame=11100 faces=0
[Entry-1] frame=10800 faces=0
[Entry-4] frame=11350 faces=0
[Entry-2] frame=11110 faces=0
[Entry-1] frame=10810 faces=0
[Entry-4] frame=11360 faces=0
[Entry-2] frame=11120 faces=0
[Entry-1] frame=10820 faces=1
[DEBUG] Prashant Kumar score=0.166
[DEBUG] Prashant Kumar score=0.166
[Entry-4] frame=11370 faces=0
[Entry-2] frame=11130 faces=0
[Entry-1] frame=10830 faces=0
[Entry-4] frame=11380 faces=0
[Entry-2] frame=11140 faces=0
[Entry-1] frame=10840 faces=1
[DEBUG] Kuldeep score=0.160
[DEBUG] Kuldeep score=0.160
[Entry-4] frame=11390 faces=0
[Entry-2] frame=11150 faces=0
[Entry-1] frame=10850 faces=1
[DEBUG] Aditya score=0.158
[DEBUG] Aditya score=0.158
[Entry-4] frame=11400 faces=0
[Entry-2] frame=11160 faces=0
[Entry-1] frame=10860 faces=1
[DEBUG] Prashant Kumar score=0.109
[DEBUG] Prashant Kumar score=0.109
[Entry-4] frame=11410 faces=0
[Entry-2] frame=11170 faces=0
[Entry-1] frame=10870 faces=2
[DEBUG] Kajal score=0.222
[DEBUG] Kajal score=0.222
[DEBUG] Meraj score=0.130
[DEBUG] Meraj score=0.130
[Entry-4] frame=11420 faces=0
[Entry-2] frame=11180 faces=0
[Entry-1] frame=10880 faces=1
[DEBUG] Meraj score=0.183
[DEBUG] Meraj score=0.183
[Entry-4] frame=11430 faces=0
[Entry-2] frame=11190 faces=0
[Entry-1] frame=10890 faces=1
[DEBUG] Aditya score=0.101
[DEBUG] Aditya score=0.101
[Entry-4] frame=11440 faces=0
[Entry-2] frame=11200 faces=0
[Entry-4] frame=11450 faces=0
[Entry-1] frame=10900 faces=1
[DEBUG] Prashant Kumar score=0.122
[DEBUG] Prashant Kumar score=0.122
[Entry-2] frame=11210 faces=0
[Entry-4] frame=11460 faces=0
[Entry-2] frame=11220 faces=0
[Entry-1] frame=10910 faces=1
[DEBUG] Aditya score=0.137
[DEBUG] Aditya score=0.137
[Entry-4] frame=11470 faces=0
[Entry-2] frame=11230 faces=0
[Entry-1] frame=10920 faces=1
[DEBUG] Kuldeep score=0.135
[DEBUG] Kuldeep score=0.135
[Entry-4] frame=11480 faces=0
[Entry-2] frame=11240 faces=0
[Entry-1] frame=10930 faces=1
[DEBUG] Meraj score=0.099
[DEBUG] Meraj score=0.099
[Entry-4] frame=11490 faces=0
[Entry-2] frame=11250 faces=0
[Entry-1] frame=10940 faces=1
[DEBUG] Neeraj  score=0.125
[DEBUG] Neeraj  score=0.125
[Entry-4] frame=11500 faces=0
[Entry-2] frame=11260 faces=0
[Entry-1] frame=10950 faces=1
[DEBUG] Meraj score=0.144
[DEBUG] Meraj score=0.144
[Entry-4] frame=11510 faces=0
[Entry-2] frame=11270 faces=0
[Entry-1] frame=10960 faces=1
[DEBUG] Meraj score=0.114
[DEBUG] Meraj score=0.114
[Entry-4] frame=11520 faces=0
[Entry-2] frame=11280 faces=0
[Entry-1] frame=10970 faces=1
[DEBUG] Neeraj  score=0.152
[DEBUG] Neeraj  score=0.152
[Entry-4] frame=11530 faces=0
[Entry-2] frame=11290 faces=0
[Entry-1] frame=10980 faces=1
[DEBUG] Aditya score=0.148
[DEBUG] Aditya score=0.148
[Entry-4] frame=11540 faces=0
[Entry-2] frame=11300 faces=0
[Entry-1] frame=10990 faces=1
[DEBUG] Rajan score=0.087
[DEBUG] Rajan score=0.087
[Entry-4] frame=11550 faces=0
[Entry-2] frame=11310 faces=0
[Entry-1] frame=11000 faces=1
[DEBUG] Meraj score=0.123
[DEBUG] Meraj score=0.123
[Entry-4] frame=11560 faces=0
[Entry-2] frame=11320 faces=0
[Entry-1] frame=11010 faces=1
[DEBUG] Aditya score=0.094
[DEBUG] Aditya score=0.094
[Entry-4] frame=11570 faces=0
[Entry-2] frame=11330 faces=0
[Entry-4] frame=11580 faces=0
[Entry-1] frame=11020 faces=1
[DEBUG] Aditya score=0.133
[DEBUG] Aditya score=0.133
[Entry-2] frame=11340 faces=0
[Entry-4] frame=11590 faces=0
[Entry-1] frame=11030 faces=0
[Entry-2] frame=11350 faces=0
[Entry-4] frame=11600 faces=0
[Entry-1] frame=11040 faces=1
[DEBUG] Prashant Kumar score=0.255
[DEBUG] Prashant Kumar score=0.255
[Entry-2] frame=11360 faces=0
[Entry-4] frame=11610 faces=0
[Entry-2] frame=11370 faces=0
[Entry-1] frame=11050 faces=2
[DEBUG] Aakash score=0.242
[DEBUG] Aakash score=0.242
[DEBUG] Kajal score=0.448
[DEBUG] Kajal score=0.448
[Entry-4] frame=11620 faces=0
[Entry-2] frame=11380 faces=0
[Entry-1] frame=11060 faces=2
[DEBUG] Kajal score=0.475
[DEBUG] Kajal score=0.475
[DEBUG] Amitabh Prajapati score=0.058
[DEBUG] Amitabh Prajapati score=0.058
[Entry-4] frame=11630 faces=0
[Entry-2] frame=11390 faces=0
[Entry-1] frame=11070 faces=1
[DEBUG] Kajal score=0.442
[DEBUG] Kajal score=0.442
[Entry-4] frame=11640 faces=0
[Entry-2] frame=11400 faces=0
[Entry-1] frame=11080 faces=1
[DEBUG] Kajal score=0.448
[DEBUG] Kajal score=0.448
[Entry-4] frame=11650 faces=0
[Entry-2] frame=11410 faces=0
[Entry-1] frame=11090 faces=1
[DEBUG] Kajal score=0.366
[DEBUG] Kajal score=0.366
[Entry-4] frame=11660 faces=0
[Entry-2] frame=11420 faces=0
[Entry-4] frame=11670 faces=0
[Entry-1] frame=11100 faces=1
[DEBUG] Kajal score=0.466
[DEBUG] Kajal score=0.466
[Entry-2] frame=11430 faces=0
[Entry-4] frame=11680 faces=0
[Entry-1] frame=11110 faces=1
[DEBUG] Kajal score=0.503
[DEBUG] Kajal score=0.503
[Entry-2] frame=11440 faces=0
[Entry-4] frame=11690 faces=0
[Entry-1] frame=11120 faces=0
[Entry-2] frame=11450 faces=0
[Entry-4] frame=11700 faces=0
[Entry-1] frame=11130 faces=0
[Entry-2] frame=11460 faces=0
[Entry-4] frame=11710 faces=0
[Entry-1] frame=11140 faces=0
[Entry-2] frame=11470 faces=0
[Entry-4] frame=11720 faces=0
[Entry-2] frame=11480 faces=0
[Entry-1] frame=11150 faces=1
[DEBUG] Amitabh Prajapati score=0.067
[DEBUG] Amitabh Prajapati score=0.067
[Entry-4] frame=11730 faces=0
[Entry-2] frame=11490 faces=0
[Entry-1] frame=11160 faces=0
[Entry-4] frame=11740 faces=0
[Entry-2] frame=11500 faces=0
[Entry-1] frame=11170 faces=0
[Entry-4] frame=11750 faces=0
[Entry-2] frame=11510 faces=0
[Entry-1] frame=11180 faces=0
[Entry-4] frame=11760 faces=0
[Entry-2] frame=11520 faces=0
[Entry-1] frame=11190 faces=2
[DEBUG] Kajal score=0.373
[DEBUG] Kajal score=0.373
[DEBUG] Rajan score=0.060
[DEBUG] Rajan score=0.060
[Entry-4] frame=11770 faces=0
[Entry-2] frame=11530 faces=0
[Entry-1] frame=11200 faces=1
[DEBUG] Kajal score=0.361
[DEBUG] Kajal score=0.361
[Entry-4] frame=11780 faces=0
[Entry-2] frame=11540 faces=0
[Entry-1] frame=11210 faces=1
[DEBUG] Kajal score=0.355
[DEBUG] Kajal score=0.355
[Entry-4] frame=11790 faces=0
[Entry-2] frame=11550 faces=0
[Entry-1] frame=11220 faces=0
[Entry-4] frame=11800 faces=0
[Entry-2] frame=11560 faces=0
[Entry-1] frame=11230 faces=1
[DEBUG] Aditya score=0.159
[DEBUG] Aditya score=0.159
[Entry-4] frame=11810 faces=0
[Entry-2] frame=11570 faces=0
[Entry-1] frame=11240 faces=1
[DEBUG] Aditya score=0.112
[DEBUG] Aditya score=0.112
[Entry-4] frame=11820 faces=0
[Entry-2] frame=11580 faces=0
[Entry-4] frame=11830 faces=0
[Entry-2] frame=11590 faces=0
[Entry-1] frame=11250 faces=1
[DEBUG] Aakash score=0.172
[DEBUG] Aakash score=0.172
[Entry-4] frame=11840 faces=0
[Entry-1] frame=11260 faces=0
[Entry-2] frame=11600 faces=0
[Entry-4] frame=11850 faces=0
[Entry-2] frame=11610 faces=0
[Entry-1] frame=11270 faces=1
[DEBUG] Rajan score=0.075
[DEBUG] Rajan score=0.075
[Entry-4] frame=11860 faces=0
[Entry-2] frame=11620 faces=0
[Entry-1] frame=11280 faces=1
[DEBUG] Rajan score=0.094
[DEBUG] Rajan score=0.094
[Entry-4] frame=11870 faces=0
[Entry-2] frame=11630 faces=0
[Entry-1] frame=11290 faces=1
[DEBUG] Aakash score=0.112
[DEBUG] Aakash score=0.112
[Entry-4] frame=11880 faces=0
[Entry-2] frame=11640 faces=0
[Entry-1] frame=11300 faces=1
[DEBUG] Ravi Shankar score=0.068
[DEBUG] Ravi Shankar score=0.068
[Entry-4] frame=11890 faces=0
[Entry-2] frame=11650 faces=1
[DEBUG] Prashant Kumar score=0.423
[DEBUG] Prashant Kumar score=0.423
[Entry-1] frame=11310 faces=1
[DEBUG] Ravi Shankar score=0.074
[DEBUG] Ravi Shankar score=0.074
[Entry-4] frame=11900 faces=0
[Entry-2] frame=11660 faces=1
[DEBUG] Prashant Kumar score=0.588
[DEBUG] Prashant Kumar score=0.588
[Entry-1] frame=11320 faces=1
[DEBUG] Rajan score=0.071
[DEBUG] Rajan score=0.071
[Entry-4] frame=11910 faces=0
[Entry-2] frame=11670 faces=1
[DEBUG] Prashant Kumar score=0.482
[DEBUG] Prashant Kumar score=0.482
[Entry-1] frame=11330 faces=1
[DEBUG] Amitabh Prajapati score=0.050
[DEBUG] Amitabh Prajapati score=0.050
[Entry-4] frame=11920 faces=0
[Entry-2] frame=11680 faces=0
[Entry-1] frame=11340 faces=1
[DEBUG] Praveen score=0.054
[DEBUG] Praveen score=0.054
[Entry-4] frame=11930 faces=0
[Entry-2] frame=11690 faces=0
[Entry-1] frame=11350 faces=1
[DEBUG] Aakash score=0.067
[DEBUG] Aakash score=0.067
[Entry-4] frame=11940 faces=0
[Entry-2] frame=11700 faces=1
[DEBUG] Prashant Kumar score=0.603
[DEBUG] Prashant Kumar score=0.603
[Entry-4] frame=11950 faces=0
[Entry-1] frame=11360 faces=1
[DEBUG] Aditya score=0.163
[DEBUG] Aditya score=0.163
[Entry-2] frame=11710 faces=0
[Entry-4] frame=11960 faces=0
[Entry-1] frame=11370 faces=2
[DEBUG] Kajal score=0.421
[DEBUG] Kajal score=0.421
[DEBUG] Aditya score=0.106
[DEBUG] Aditya score=0.106
[Entry-2] frame=11720 faces=0
[Entry-4] frame=11970 faces=0
[Entry-2] frame=11730 faces=0
[Entry-1] frame=11380 faces=2
[DEBUG] Kajal score=0.427
[DEBUG] Kajal score=0.427
[DEBUG] Aakash score=0.110
[DEBUG] Aakash score=0.110
[Entry-4] frame=11980 faces=0
[Entry-2] frame=11740 faces=0
[Entry-1] frame=11390 faces=2
[DEBUG] Kajal score=0.533
[DEBUG] Kajal score=0.533
[DEBUG] Aditya score=0.156
[DEBUG] Aditya score=0.156
[Entry-4] frame=11990 faces=0
[Entry-2] frame=11750 faces=0
[Entry-4] frame=12000 faces=0
[Entry-1] frame=11400 faces=3
[DEBUG] Kajal score=0.563
[DEBUG] Kajal score=0.563
[DEBUG] Aditya score=0.158
[DEBUG] Aditya score=0.158
[DEBUG] Aakash score=0.475
[DEBUG] Aakash score=0.475
[Entry-2] frame=11760 faces=0
[Entry-4] frame=12010 faces=0
[Entry-1] frame=11410 faces=2
[DEBUG] Kajal score=0.679
[DEBUG] Kajal score=0.679
[DEBUG] Aditya score=0.195
[DEBUG] Aditya score=0.195
[Entry-2] frame=11770 faces=0
[Entry-4] frame=12020 faces=0
[Entry-2] frame=11780 faces=0
[Entry-1] frame=11420 faces=2
[DEBUG] Kajal score=0.492
[DEBUG] Kajal score=0.492
[DEBUG] Meraj score=0.087
[DEBUG] Meraj score=0.087
[Entry-4] frame=12030 faces=0
[Entry-2] frame=11790 faces=0
[Entry-1] frame=11430 faces=2
[DEBUG] Kajal score=0.601
[DEBUG] Kajal score=0.601
[DEBUG] Aditya score=0.127
[DEBUG] Aditya score=0.127
[Entry-4] frame=12040 faces=0
[Entry-2] frame=11800 faces=0
[Entry-4] frame=12050 faces=0
[Entry-1] frame=11440 faces=2
[DEBUG] Kajal score=0.671
[DEBUG] Kajal score=0.671
[DEBUG] Neeraj  score=0.069
[DEBUG] Neeraj  score=0.069
[Entry-2] frame=11810 faces=0
[Entry-4] frame=12060 faces=0
[Entry-1] frame=11450 faces=2
[DEBUG] Kajal score=0.655
[DEBUG] Kajal score=0.655
[DEBUG] Meraj score=0.134
[DEBUG] Meraj score=0.134
[Entry-2] frame=11820 faces=0
[Entry-4] frame=12070 faces=0
[Entry-2] frame=11830 faces=0
[Entry-1] frame=11460 faces=2
[DEBUG] Kajal score=0.606
[DEBUG] Kajal score=0.606
[DEBUG] Prashant Kumar score=0.110
[DEBUG] Prashant Kumar score=0.110
[Entry-4] frame=12080 faces=0
[Entry-2] frame=11840 faces=0
[Entry-4] frame=12090 faces=0
[Entry-1] frame=11470 faces=3
[DEBUG] Kajal score=0.666
[DEBUG] Kajal score=0.666
[DEBUG] Neeraj  score=0.177
[DEBUG] Neeraj  score=0.177
[DEBUG] Aakash score=0.621
[DEBUG] Aakash score=0.621
[Entry-2] frame=11850 faces=0
[Entry-4] frame=12100 faces=0
[Entry-2] frame=11860 faces=0
[Entry-1] frame=11480 faces=3
[DEBUG] Kajal score=0.712
[DEBUG] Kajal score=0.712
[DEBUG] Aditya score=0.138
[DEBUG] Aditya score=0.138
[DEBUG] Aakash score=0.593
[DEBUG] Aakash score=0.593
[Entry-4] frame=12110 faces=0
[Entry-2] frame=11870 faces=0
[Entry-4] frame=12120 faces=0
[Entry-1] frame=11490 faces=3
[DEBUG] Kajal score=0.573
[DEBUG] Kajal score=0.573
[DEBUG] Neeraj  score=0.110
[DEBUG] Neeraj  score=0.110
[DEBUG] Aakash score=0.588
[DEBUG] Aakash score=0.588
[Entry-2] frame=11880 faces=0
[Entry-4] frame=12130 faces=0
[Entry-1] frame=11500 faces=2
[DEBUG] Kajal score=0.678
[DEBUG] Kajal score=0.678
[DEBUG] Aditya score=0.161
[DEBUG] Aditya score=0.161
[Entry-2] frame=11890 faces=0
[Entry-4] frame=12140 faces=0
[Entry-1] frame=11510 faces=2
[DEBUG] Kajal score=0.628
[DEBUG] Kajal score=0.628
[DEBUG] Neeraj  score=0.201
[DEBUG] Neeraj  score=0.201
[Entry-2] frame=11900 faces=0
[Entry-4] frame=12150 faces=0
[Entry-1] frame=11520 faces=2
[DEBUG] Kajal score=0.665
[DEBUG] Kajal score=0.665
[DEBUG] Prashant Kumar score=0.182
[DEBUG] Prashant Kumar score=0.182
[Entry-2] frame=11910 faces=0
[Entry-4] frame=12160 faces=0
[Entry-2] frame=11920 faces=0
[Entry-1] frame=11530 faces=1
[DEBUG] Prashant Kumar score=0.144
[DEBUG] Prashant Kumar score=0.144
[Entry-4] frame=12170 faces=0
[Entry-2] frame=11930 faces=0
[Entry-4] frame=12180 faces=0
[Entry-1] frame=11540 faces=3
[DEBUG] Kajal score=0.468
[DEBUG] Kajal score=0.468
[DEBUG] Aditya score=0.135
[DEBUG] Aditya score=0.135
[DEBUG] Aakash score=0.526
[DEBUG] Aakash score=0.526
[Entry-2] frame=11940 faces=0
[Entry-4] frame=12190 faces=0
[Entry-1] frame=11550 faces=2
[DEBUG] Kajal score=0.690
[DEBUG] Kajal score=0.690
[DEBUG] Meraj score=0.146
[DEBUG] Meraj score=0.146
[Entry-2] frame=11950 faces=0
[Entry-4] frame=12200 faces=0
[Entry-1] frame=11560 faces=3
[DEBUG] Kajal score=0.611
[DEBUG] Kajal score=0.611
[DEBUG] Meraj score=0.251
[DEBUG] Meraj score=0.251
[DEBUG] Aakash score=0.639
[DEBUG] Aakash score=0.639
[Entry-2] frame=11960 faces=1
[DEBUG] Amitabh Prajapati score=0.465
[DEBUG] Amitabh Prajapati score=0.465
[Entry-4] frame=12210 faces=0
[Entry-2] frame=11970 faces=0
[Entry-4] frame=12220 faces=0
[Entry-1] frame=11570 faces=2
[DEBUG] Kajal score=0.614
[DEBUG] Kajal score=0.614
[DEBUG] Meraj score=0.137
[DEBUG] Meraj score=0.137
[Entry-2] frame=11980 faces=0
[Entry-4] frame=12230 faces=0
[Entry-1] frame=11580 faces=2
[DEBUG] Kajal score=0.480
[DEBUG] Kajal score=0.480
[DEBUG] Meraj score=0.153
[DEBUG] Meraj score=0.153
[Entry-2] frame=11990 faces=0
[Entry-4] frame=12240 faces=0
[Entry-1] frame=11590 faces=2
[DEBUG] Kajal score=0.666
[DEBUG] Kajal score=0.666
[DEBUG] Rishu Kumar score=0.151
[DEBUG] Rishu Kumar score=0.151
[Entry-2] frame=12000 faces=1
[DEBUG] Amitabh Prajapati score=0.293
[DEBUG] Amitabh Prajapati score=0.293
[Entry-4] frame=12250 faces=0
[Entry-2] frame=12010 faces=0
[Entry-1] frame=11600 faces=2
[DEBUG] Kajal score=0.629
[DEBUG] Kajal score=0.629
[DEBUG] Kuldeep score=0.125
[DEBUG] Kuldeep score=0.125
[Entry-4] frame=12260 faces=0
[Entry-2] frame=12020 faces=0
[Entry-4] frame=12270 faces=0
[Entry-1] frame=11610 faces=2
[DEBUG] Kajal score=0.623
[DEBUG] Kajal score=0.623
[DEBUG] Meraj score=0.180
[DEBUG] Meraj score=0.180
[Entry-2] frame=12030 faces=0
[Entry-4] frame=12280 faces=0
[Entry-1] frame=11620 faces=2
[DEBUG] Neeraj  score=0.103
[DEBUG] Neeraj  score=0.103
[DEBUG] Kajal score=0.443
[DEBUG] Kajal score=0.443
[Entry-2] frame=12040 faces=0
[Entry-4] frame=12290 faces=0
[Entry-1] frame=11630 faces=2
[DEBUG] Kajal score=0.573
[DEBUG] Kajal score=0.573
[DEBUG] Meraj score=0.170
[DEBUG] Meraj score=0.170
[Entry-2] frame=12050 faces=0
[Entry-4] frame=12300 faces=0
[Entry-1] frame=11640 faces=2
[DEBUG] Kajal score=0.584
[DEBUG] Kajal score=0.584
[DEBUG] Prashant Kumar score=0.061
[DEBUG] Prashant Kumar score=0.061
[Entry-2] frame=12060 faces=0
[Entry-4] frame=12310 faces=0
[Entry-2] frame=12070 faces=0
[Entry-4] frame=12320 faces=0
[Entry-1] frame=11650 faces=2
[DEBUG] Kajal score=0.413
[DEBUG] Kajal score=0.413
[DEBUG] Ravi Shankar score=0.048
[DEBUG] Ravi Shankar score=0.048
[Entry-2] frame=12080 faces=0
[Entry-4] frame=12330 faces=0
[Entry-1] frame=11660 faces=2
[DEBUG] Kajal score=0.628
[DEBUG] Kajal score=0.628
[DEBUG] Aakash score=0.066
[DEBUG] Aakash score=0.066
[Entry-2] frame=12090 faces=0
[Entry-4] frame=12340 faces=0
[Entry-1] frame=11670 faces=2
[DEBUG] Kajal score=0.652
[DEBUG] Kajal score=0.652
[DEBUG] Meraj score=0.068
[DEBUG] Meraj score=0.068
[Entry-2] frame=12100 faces=0
[Entry-4] frame=12350 faces=0
[Entry-1] frame=11680 faces=2
[DEBUG] Kajal score=0.660
[DEBUG] Kajal score=0.660
[DEBUG] Ravi Shankar score=0.077
[DEBUG] Ravi Shankar score=0.077
[Entry-2] frame=12110 faces=0
[Entry-4] frame=12360 faces=0
[Entry-2] frame=12120 faces=0
[Entry-4] frame=12370 faces=0
[Entry-1] frame=11690 faces=2
[DEBUG] Kajal score=0.686
[DEBUG] Kajal score=0.686
[DEBUG] Meraj score=0.088
[DEBUG] Meraj score=0.088
[Entry-2] frame=12130 faces=0
[Entry-4] frame=12380 faces=0
[Entry-1] frame=11700 faces=2
[DEBUG] Meraj score=0.138
[DEBUG] Meraj score=0.138
[DEBUG] Kajal score=0.479
[DEBUG] Kajal score=0.479
[Entry-2] frame=12140 faces=0
[Entry-4] frame=12390 faces=0
[Entry-1] frame=11710 faces=1
[DEBUG] Kuldeep score=0.174
[DEBUG] Kuldeep score=0.174
[Entry-2] frame=12150 faces=0
[Entry-4] frame=12400 faces=0
[Entry-1] frame=11720 faces=2
[DEBUG] Kajal score=0.537
[DEBUG] Kajal score=0.537
[DEBUG] Kuldeep score=0.119
[DEBUG] Kuldeep score=0.119
[Entry-2] frame=12160 faces=0
[Entry-4] frame=12410 faces=0
[Entry-1] frame=11730 faces=2
[DEBUG] Kajal score=0.516
[DEBUG] Kajal score=0.516
[DEBUG] Neeraj  score=0.111
[DEBUG] Neeraj  score=0.111
[Entry-2] frame=12170 faces=0
[Entry-4] frame=12420 faces=0
[Entry-2] frame=12180 faces=0
[Entry-1] frame=11740 faces=1
[DEBUG] Aakash score=0.110
[DEBUG] Aakash score=0.110
[Entry-4] frame=12430 faces=0
[Entry-2] frame=12190 faces=0
[Entry-4] frame=12440 faces=0
[Entry-1] frame=11750 faces=2
[DEBUG] Aditya score=0.140
[DEBUG] Aditya score=0.140
[DEBUG] Aakash score=0.114
[DEBUG] Aakash score=0.114
[Entry-2] frame=12200 faces=0
[Entry-4] frame=12450 faces=0
[Entry-1] frame=11760 faces=1
[DEBUG] Aditya score=0.117
[DEBUG] Aditya score=0.117
[Entry-2] frame=12210 faces=0
[Entry-4] frame=12460 faces=0
[Entry-1] frame=11770 faces=2
[DEBUG] Meraj score=0.138
[DEBUG] Meraj score=0.138
[DEBUG] Aditya score=0.158
[DEBUG] Aditya score=0.158
[Entry-2] frame=12220 faces=0
[Entry-4] frame=12470 faces=0
[Entry-1] frame=11780 faces=0
[Entry-2] frame=12230 faces=0
[Entry-4] frame=12480 faces=0
[Entry-1] frame=11790 faces=1
[DEBUG] Kajal score=0.311
[DEBUG] Kajal score=0.311
[Entry-2] frame=12240 faces=0
[Entry-4] frame=12490 faces=0
[Entry-1] frame=11800 faces=1
[DEBUG] Kajal score=0.480
[DEBUG] Kajal score=0.480
[Entry-2] frame=12250 faces=0
[Entry-4] frame=12500 faces=0
[Entry-1] frame=11810 faces=2
[DEBUG] Kajal score=0.475
[DEBUG] Kajal score=0.475
[DEBUG] Rajan score=0.055
[DEBUG] Rajan score=0.055
[Entry-2] frame=12260 faces=0
[Entry-4] frame=12510 faces=0
[Entry-1] frame=11820 faces=1
[DEBUG] Kajal score=0.468
[DEBUG] Kajal score=0.468
[Entry-2] frame=12270 faces=0
[Entry-4] frame=12520 faces=0
[Entry-2] frame=12280 faces=0
[Entry-4] frame=12530 faces=0
[Entry-1] frame=11830 faces=2
[DEBUG] Kajal score=0.491
[DEBUG] Kajal score=0.491
[DEBUG] Prashant Kumar score=0.101
[DEBUG] Prashant Kumar score=0.101
[Entry-2] frame=12290 faces=0
[Entry-4] frame=12540 faces=0
[Entry-1] frame=11840 faces=2
[DEBUG] Kajal score=0.459
[DEBUG] Kajal score=0.459
[DEBUG] Neeraj  score=0.067
[DEBUG] Neeraj  score=0.067
[Entry-2] frame=12300 faces=0
[Entry-4] frame=12550 faces=0
[Entry-1] frame=11850 faces=2
[DEBUG] Kajal score=0.374
[DEBUG] Kajal score=0.374
[DEBUG] Praveen score=0.096
[DEBUG] Praveen score=0.096
[Entry-2] frame=12310 faces=0
[Entry-4] frame=12560 faces=0
[Entry-1] frame=11860 faces=2
[DEBUG] Kajal score=0.483
[DEBUG] Kajal score=0.483
[DEBUG] Aakash score=0.197
[DEBUG] Aakash score=0.197
[Entry-2] frame=12320 faces=0
[Entry-4] frame=12570 faces=0
[Entry-2] frame=12330 faces=0
[Entry-4] frame=12580 faces=0
[Entry-1] frame=11870 faces=2
[DEBUG] Kajal score=0.622
[DEBUG] Kajal score=0.622
[DEBUG] Satya  score=0.224
[DEBUG] Satya  score=0.224
[Entry-2] frame=12340 faces=0
[Entry-4] frame=12590 faces=0
[Entry-1] frame=11880 faces=1
[DEBUG] Kajal score=0.682
[DEBUG] Kajal score=0.682
[Entry-2] frame=12350 faces=0
[Entry-4] frame=12600 faces=0
[Entry-1] frame=11890 faces=1
[DEBUG] Kajal score=0.771
[DEBUG] Kajal score=0.771
[Entry-2] frame=12360 faces=0
[Entry-4] frame=12610 faces=0
[Entry-1] frame=11900 faces=1
[DEBUG] Kajal score=0.771
[DEBUG] Kajal score=0.771
[Entry-2] frame=12370 faces=0
[Entry-4] frame=12620 faces=0
[Entry-1] frame=11910 faces=1
[DEBUG] Kajal score=0.764
[DEBUG] Kajal score=0.764
[Entry-2] frame=12380 faces=0
[Entry-4] frame=12630 faces=0
[Entry-1] frame=11920 faces=1
[DEBUG] Kajal score=0.722
[DEBUG] Kajal score=0.722
[Entry-2] frame=12390 faces=0
[Entry-4] frame=12640 faces=0
[Entry-1] frame=11930 faces=1
[DEBUG] Kajal score=0.400
[DEBUG] Kajal score=0.400
[Entry-2] frame=12400 faces=0
[Entry-4] frame=12650 faces=0
[Entry-1] frame=11940 faces=0
[Entry-2] frame=12410 faces=0
[Entry-4] frame=12660 faces=0
[Entry-1] frame=11950 faces=1
[DEBUG] Meraj score=0.133
[DEBUG] Meraj score=0.133
[Entry-2] frame=12420 faces=0
[Entry-4] frame=12670 faces=0
[Entry-2] frame=12430 faces=0
[Entry-1] frame=11960 faces=1
[DEBUG] Kajal score=0.697
[DEBUG] Kajal score=0.697
[Entry-4] frame=12680 faces=0
[Entry-2] frame=12440 faces=0
[Entry-4] frame=12690 faces=0
[Entry-1] frame=11970 faces=1
[DEBUG] Kajal score=0.651
[DEBUG] Kajal score=0.651
[Entry-2] frame=12450 faces=0
[Entry-4] frame=12700 faces=0
[Entry-1] frame=11980 faces=2
[DEBUG] Kajal score=0.701
[DEBUG] Kajal score=0.701
[DEBUG] Aakash score=0.544
[DEBUG] Aakash score=0.544
[Entry-2] frame=12460 faces=0
[Entry-4] frame=12710 faces=0
[Entry-1] frame=11990 faces=2
[DEBUG] Kajal score=0.694
[DEBUG] Kajal score=0.694
[DEBUG] Aakash score=0.515
[DEBUG] Aakash score=0.515
[Entry-2] frame=12470 faces=0
[Entry-4] frame=12720 faces=0
[Entry-1] frame=12000 faces=1
[DEBUG] Kajal score=0.677
[DEBUG] Kajal score=0.677
[Entry-2] frame=12480 faces=0
[Entry-4] frame=12730 faces=0
[Entry-1] frame=12010 faces=2
[DEBUG] Kajal score=0.667
[DEBUG] Kajal score=0.667
[DEBUG] Aakash score=0.114
[DEBUG] Aakash score=0.114
[Entry-2] frame=12490 faces=0
[Entry-4] frame=12740 faces=0
[Entry-2] frame=12500 faces=0
[Entry-4] frame=12750 faces=0
[Entry-1] frame=12020 faces=3
[DEBUG] Kajal score=0.672
[DEBUG] Kajal score=0.672
[DEBUG] Aakash score=0.605
[DEBUG] Aakash score=0.605
[DEBUG] Meraj score=0.171
[DEBUG] Meraj score=0.171
[Entry-2] frame=12510 faces=0
[Entry-4] frame=12760 faces=0
[Entry-1] frame=12030 faces=2
[DEBUG] Kajal score=0.673
[DEBUG] Kajal score=0.673
[DEBUG] Meraj score=0.184
[DEBUG] Meraj score=0.184
[Entry-2] frame=12520 faces=0
[Entry-4] frame=12770 faces=0
[Entry-1] frame=12040 faces=2
[DEBUG] Kajal score=0.631
[DEBUG] Kajal score=0.631
[DEBUG] Prashant Kumar score=0.201
[DEBUG] Prashant Kumar score=0.201
[Entry-2] frame=12530 faces=0
[Entry-4] frame=12780 faces=0
[Entry-1] frame=12050 faces=2
[DEBUG] Kajal score=0.606
[DEBUG] Kajal score=0.606
[DEBUG] Meraj score=0.154
[DEBUG] Meraj score=0.154
[Entry-2] frame=12540 faces=0
[Entry-4] frame=12790 faces=0
[Entry-2] frame=12550 faces=0
[Entry-4] frame=12800 faces=0
[Entry-1] frame=12060 faces=2
[DEBUG] Kajal score=0.614
[DEBUG] Kajal score=0.614
[DEBUG] Aditya score=0.125
[DEBUG] Aditya score=0.125
[Entry-2] frame=12560 faces=0
[Entry-4] frame=12810 faces=0
[Entry-1] frame=12070 faces=2
[DEBUG] Kajal score=0.709
[DEBUG] Kajal score=0.709
[DEBUG] Aditya score=0.129
[DEBUG] Aditya score=0.129
[Entry-2] frame=12570 faces=0
[Entry-4] frame=12820 faces=0
[Entry-1] frame=12080 faces=2
[DEBUG] Kajal score=0.704
[DEBUG] Kajal score=0.704
[DEBUG] Prashant Kumar score=0.143
[DEBUG] Prashant Kumar score=0.143
[Entry-2] frame=12580 faces=0
[Entry-4] frame=12830 faces=0
[Entry-1] frame=12090 faces=1
[DEBUG] Meraj score=0.127
[DEBUG] Meraj score=0.127
[Entry-2] frame=12590 faces=0
[Entry-4] frame=12840 faces=0
[Entry-1] frame=12100 faces=1
[DEBUG] Meraj score=0.175
[DEBUG] Meraj score=0.175
[Entry-2] frame=12600 faces=0
[Entry-4] frame=12850 faces=0
[Entry-1] frame=12110 faces=2
[DEBUG] Kajal score=0.431
[DEBUG] Kajal score=0.431
[DEBUG] Neeraj  score=0.091
[DEBUG] Neeraj  score=0.091
[Entry-2] frame=12610 faces=0
[Entry-4] frame=12860 faces=0
[Entry-2] frame=12620 faces=0
[Entry-4] frame=12870 faces=0
[Entry-1] frame=12120 faces=2
[DEBUG] Kajal score=0.550
[DEBUG] Kajal score=0.550
[DEBUG] Rajan score=0.084
[DEBUG] Rajan score=0.084
[Entry-2] frame=12630 faces=0
[Entry-4] frame=12880 faces=0
[Entry-1] frame=12130 faces=1
[DEBUG] Kajal score=0.628
[DEBUG] Kajal score=0.628
[Entry-4] frame=12890 faces=0
[Entry-2] frame=12640 faces=1
[DEBUG] Prashant Kumar score=0.515
[DEBUG] Prashant Kumar score=0.515
[Entry-1] frame=12140 faces=2
[DEBUG] Kajal score=0.570
[DEBUG] Kajal score=0.570
[DEBUG] Aakash score=0.244
[DEBUG] Aakash score=0.244
[Entry-2] frame=12650 faces=0
[Entry-4] frame=12900 faces=0
[Entry-1] frame=12150 faces=2
[DEBUG] Kajal score=0.585
[DEBUG] Kajal score=0.585
[DEBUG] Aakash score=0.268
[DEBUG] Aakash score=0.268
[Entry-2] frame=12660 faces=0
[Entry-4] frame=12910 faces=0
[Entry-1] frame=12160 faces=2
[DEBUG] Kajal score=0.556
[DEBUG] Kajal score=0.556
[DEBUG] Rajan score=0.178
[DEBUG] Rajan score=0.178
[Entry-2] frame=12670 faces=0
[Entry-4] frame=12920 faces=0
[Entry-1] frame=12170 faces=1
[DEBUG] Kajal score=0.678
[DEBUG] Kajal score=0.678
[Entry-2] frame=12680 faces=0
[Entry-4] frame=12930 faces=0
[Entry-1] frame=12180 faces=1
[DEBUG] Kajal score=0.653
[DEBUG] Kajal score=0.653
[Entry-2] frame=12690 faces=0
[Entry-4] frame=12940 faces=0
[Entry-2] frame=12700 faces=0
[Entry-4] frame=12950 faces=0
[Entry-1] frame=12190 faces=1
[DEBUG] Kajal score=0.664
[DEBUG] Kajal score=0.664
[Entry-2] frame=12710 faces=0
[Entry-4] frame=12960 faces=0
[Entry-1] frame=12200 faces=2
[DEBUG] Kajal score=0.697
[DEBUG] Kajal score=0.697
[DEBUG] Aakash score=0.587
[DEBUG] Aakash score=0.587
[Entry-2] frame=12720 faces=0
[Entry-4] frame=12970 faces=0
[Entry-1] frame=12210 faces=2
[DEBUG] Kajal score=0.622
[DEBUG] Kajal score=0.622
[DEBUG] Rajan score=0.086
[DEBUG] Rajan score=0.086
[Entry-2] frame=12730 faces=0
[Entry-4] frame=12980 faces=0
[Entry-1] frame=12220 faces=2
[DEBUG] Kajal score=0.703
[DEBUG] Kajal score=0.703
[DEBUG] Kuldeep score=0.088
[DEBUG] Kuldeep score=0.088
[Entry-2] frame=12740 faces=0
[Entry-4] frame=12990 faces=0
[Entry-4] frame=13000 faces=0
[Entry-2] frame=12750 faces=0
[Entry-1] frame=12230 faces=3
[DEBUG] Kajal score=0.661
[DEBUG] Kajal score=0.661
[DEBUG] Aakash score=0.549
[DEBUG] Aakash score=0.549
[DEBUG] Ravi Shankar score=0.034
[DEBUG] Ravi Shankar score=0.034
[Entry-2] frame=12760 faces=0
[Entry-4] frame=13010 faces=0
[Entry-1] frame=12240 faces=2
[DEBUG] Kajal score=0.661
[DEBUG] Kajal score=0.661
[DEBUG] Neeraj  score=0.137
[DEBUG] Neeraj  score=0.137
[Entry-4] frame=13020 faces=0
[Entry-2] frame=12770 faces=0
[Entry-1] frame=12250 faces=2
[DEBUG] Kajal score=0.640
[DEBUG] Kajal score=0.640
[DEBUG] Aditya score=0.156
[DEBUG] Aditya score=0.156
[Entry-2] frame=12780 faces=0
[Entry-4] frame=13030 faces=1
[DEBUG] Meraj score=0.276
[DEBUG] Meraj score=0.276
[Entry-1] frame=12260 faces=1
[DEBUG] Kajal score=0.636
[DEBUG] Kajal score=0.636
[Entry-2] frame=12790 faces=0
[Entry-4] frame=13040 faces=1
[DEBUG] Meraj score=0.098
[DEBUG] Meraj score=0.098
[Entry-1] frame=12270 faces=1
[DEBUG] Kajal score=0.539
[DEBUG] Kajal score=0.539
[Entry-2] frame=12800 faces=0
[Entry-4] frame=13050 faces=1
[DEBUG] Meraj score=0.207
[DEBUG] Meraj score=0.207
[Entry-1] frame=12280 faces=2
[DEBUG] Kajal score=0.630
[DEBUG] Kajal score=0.630
[DEBUG] Rajan score=0.059
[DEBUG] Rajan score=0.059
[Entry-2] frame=12810 faces=0
[Entry-4] frame=13060 faces=1
[DEBUG] Meraj score=0.090
[DEBUG] Meraj score=0.090
[Entry-1] frame=12290 faces=1
[DEBUG] Kajal score=0.595
[DEBUG] Kajal score=0.595
[Entry-2] frame=12820 faces=0
[Entry-4] frame=13070 faces=0
[Entry-1] frame=12300 faces=1
[DEBUG] Kajal score=0.639
[DEBUG] Kajal score=0.639
[Entry-2] frame=12830 faces=0
[Entry-4] frame=13080 faces=0
[Entry-2] frame=12840 faces=0
[Entry-1] frame=12310 faces=1
[DEBUG] Kajal score=0.681
[DEBUG] Kajal score=0.681
[Entry-4] frame=13090 faces=0
[Entry-2] frame=12850 faces=1
[DEBUG] Prashant Kumar score=0.237
[DEBUG] Prashant Kumar score=0.237
[Entry-4] frame=13100 faces=0
[Entry-1] frame=12320 faces=2
[DEBUG] Kajal score=0.636
[DEBUG] Kajal score=0.636
[DEBUG] Meraj score=0.182
[DEBUG] Meraj score=0.182
[Entry-4] frame=13110 faces=0
[Entry-2] frame=12860 faces=2
[DEBUG] Prashant Kumar score=0.367
[DEBUG] Prashant Kumar score=0.367
[DEBUG] Meraj score=0.282
[DEBUG] Meraj score=0.282
[Entry-1] frame=12330 faces=1
[DEBUG] Kajal score=0.647
[DEBUG] Kajal score=0.647
[Entry-4] frame=13120 faces=0
[Entry-2] frame=12870 faces=0
[Entry-1] frame=12340 faces=1
[DEBUG] Kajal score=0.583
[DEBUG] Kajal score=0.583
[Entry-4] frame=13130 faces=0
[Entry-2] frame=12880 faces=1
[DEBUG] Meraj score=0.622
[DEBUG] Meraj score=0.622
[Entry-1] frame=12350 faces=1
[DEBUG] Kajal score=0.636
[DEBUG] Kajal score=0.636
[Entry-4] frame=13140 faces=0
[Entry-2] frame=12890 faces=1
[DEBUG] Meraj score=0.441
[DEBUG] Meraj score=0.441
[Entry-1] frame=12360 faces=1
[DEBUG] Kajal score=0.566
[DEBUG] Kajal score=0.566
[Entry-4] frame=13150 faces=0
[Entry-2] frame=12900 faces=1
[DEBUG] Meraj score=0.637
[DEBUG] Meraj score=0.637
[Entry-1] frame=12370 faces=1
[DEBUG] Kajal score=0.558
[DEBUG] Kajal score=0.558
[Entry-4] frame=13160 faces=0
[Entry-2] frame=12910 faces=1
[DEBUG] Meraj score=0.497
[DEBUG] Meraj score=0.497
[Entry-1] frame=12380 faces=1
[DEBUG] Kajal score=0.548
[DEBUG] Kajal score=0.548
[Entry-4] frame=13170 faces=0
[Entry-2] frame=12920 faces=2
[DEBUG] Meraj score=0.506
[DEBUG] Meraj score=0.506
[DEBUG] Praveen score=0.133
[DEBUG] Praveen score=0.133
[Entry-1] frame=12390 faces=1
[DEBUG] Kajal score=0.563
[DEBUG] Kajal score=0.563
[Entry-4] frame=13180 faces=0
[Entry-2] frame=12930 faces=1
[DEBUG] Meraj score=0.256
[DEBUG] Meraj score=0.256
[Entry-1] frame=12400 faces=1
[DEBUG] Kajal score=0.360
[DEBUG] Kajal score=0.360
[Entry-4] frame=13190 faces=0
[Entry-2] frame=12940 faces=1
[DEBUG] Amitabh Prajapati score=0.301
[DEBUG] Amitabh Prajapati score=0.301
[Entry-1] frame=12410 faces=1
[DEBUG] Kajal score=0.473
[DEBUG] Kajal score=0.473
[Entry-4] frame=13200 faces=0
[Entry-2] frame=12950 faces=0
[Entry-4] frame=13210 faces=0
[Entry-1] frame=12420 faces=2
[DEBUG] Kajal score=0.610
[DEBUG] Kajal score=0.610
[DEBUG] Amitabh Prajapati score=0.085
[DEBUG] Amitabh Prajapati score=0.085
[Entry-2] frame=12960 faces=1
[DEBUG] Amitabh Prajapati score=0.466
[DEBUG] Amitabh Prajapati score=0.466
[Entry-4] frame=13220 faces=0
[Entry-1] frame=12430 faces=2
[DEBUG] Kajal score=0.595
[DEBUG] Kajal score=0.595
[DEBUG] Kuldeep score=0.129
[DEBUG] Kuldeep score=0.129
[Entry-2] frame=12970 faces=0
[Entry-4] frame=13230 faces=0
[Entry-1] frame=12440 faces=2
[DEBUG] Kajal score=0.587
[DEBUG] Kajal score=0.587
[DEBUG] Aakash score=0.099
[DEBUG] Aakash score=0.099
[Entry-2] frame=12980 faces=0
[Entry-4] frame=13240 faces=0
[Entry-1] frame=12450 faces=2
[DEBUG] Kajal score=0.567
[DEBUG] Kajal score=0.567
[DEBUG] Neeraj  score=0.081
[DEBUG] Neeraj  score=0.081
[Entry-4] frame=13250 faces=0
[Entry-2] frame=12990 faces=2
[DEBUG] Meraj score=0.399
[DEBUG] Meraj score=0.399
[DEBUG] Neeraj  score=0.090
[DEBUG] Neeraj  score=0.090
[Entry-1] frame=12460 faces=2
[DEBUG] Kajal score=0.555
[DEBUG] Kajal score=0.555
[DEBUG] Aakash score=0.022
[DEBUG] Aakash score=0.022
[Entry-4] frame=13260 faces=0
[Entry-2] frame=13000 faces=0
[Entry-1] frame=12470 faces=1
[DEBUG] Kajal score=0.472
[DEBUG] Kajal score=0.472
[Entry-4] frame=13270 faces=0
[Entry-2] frame=13010 faces=0
[Entry-1] frame=12480 faces=1
[DEBUG] Kajal score=0.583
[DEBUG] Kajal score=0.583
[Entry-4] frame=13280 faces=0
[Entry-2] frame=13020 faces=1
[DEBUG] Amitabh Prajapati score=0.398
[DEBUG] Amitabh Prajapati score=0.398
[Entry-4] frame=13290 faces=0
[Entry-1] frame=12490 faces=1
[DEBUG] Kajal score=0.610
[DEBUG] Kajal score=0.610
[Entry-2] frame=13030 faces=1
[DEBUG] Amitabh Prajapati score=0.533
[DEBUG] Amitabh Prajapati score=0.533
[Entry-4] frame=13300 faces=0
[Entry-1] frame=12500 faces=1
[DEBUG] Kajal score=0.639
[DEBUG] Kajal score=0.639
[Entry-2] frame=13040 faces=1
[DEBUG] Amitabh Prajapati score=0.521
[DEBUG] Amitabh Prajapati score=0.521
[Entry-4] frame=13310 faces=0
[Entry-1] frame=12510 faces=1
[DEBUG] Kajal score=0.540
[DEBUG] Kajal score=0.540
[Entry-2] frame=13050 faces=0
[Entry-4] frame=13320 faces=0
[Entry-2] frame=13060 faces=1
[DEBUG] Amitabh Prajapati score=0.501
[DEBUG] Amitabh Prajapati score=0.501
[Entry-1] frame=12520 faces=2
[DEBUG] Kajal score=0.656
[DEBUG] Kajal score=0.656
[DEBUG] Meraj score=0.110
[DEBUG] Meraj score=0.110
[Entry-4] frame=13330 faces=0
[Entry-2] frame=13070 faces=0
[Entry-1] frame=12530 faces=2
[DEBUG] Kajal score=0.570
[DEBUG] Kajal score=0.570
[DEBUG] Aditya score=0.168
[DEBUG] Aditya score=0.168
[Entry-4] frame=13340 faces=0
[Entry-2] frame=13080 faces=1
[DEBUG] Rishu Kumar score=0.072
[DEBUG] Rishu Kumar score=0.072
[Entry-1] frame=12540 faces=1
[DEBUG] Kajal score=0.488
[DEBUG] Kajal score=0.488
[Entry-4] frame=13350 faces=0
[Entry-2] frame=13090 faces=0
[Entry-1] frame=12550 faces=2
[DEBUG] Kajal score=0.512
[DEBUG] Kajal score=0.512
[DEBUG] Aakash score=0.204
[DEBUG] Aakash score=0.204
[Entry-4] frame=13360 faces=0
[Entry-2] frame=13100 faces=0
[Entry-4] frame=13370 faces=0
[Entry-1] frame=12560 faces=1
[DEBUG] Kajal score=0.501
[DEBUG] Kajal score=0.501
[Entry-2] frame=13110 faces=1
[DEBUG] Meraj score=0.345
[DEBUG] Meraj score=0.345
[Entry-4] frame=13380 faces=0
[Entry-1] frame=12570 faces=1
[DEBUG] Kajal score=0.590
[DEBUG] Kajal score=0.590
[Entry-2] frame=13120 faces=1
[DEBUG] Meraj score=0.261
[DEBUG] Meraj score=0.261
[Entry-4] frame=13390 faces=0
[Entry-1] frame=12580 faces=1
[DEBUG] Kajal score=0.610
[DEBUG] Kajal score=0.610
[Entry-2] frame=13130 faces=2
[DEBUG] Meraj score=0.502
[DEBUG] Meraj score=0.502
[DEBUG] Amitabh Prajapati score=0.307
[DEBUG] Amitabh Prajapati score=0.307
[Entry-4] frame=13400 faces=0
[Entry-1] frame=12590 faces=1
[DEBUG] Kajal score=0.558
[DEBUG] Kajal score=0.558
[Entry-2] frame=13140 faces=1
[DEBUG] Prashant Kumar score=0.497
[DEBUG] Prashant Kumar score=0.497
[Entry-4] frame=13410 faces=0
[Entry-1] frame=12600 faces=1
[DEBUG] Kajal score=0.547
[DEBUG] Kajal score=0.547
[Entry-2] frame=13150 faces=1
[DEBUG] Meraj score=0.227
[DEBUG] Meraj score=0.227
[Entry-4] frame=13420 faces=0
[Entry-1] frame=12610 faces=1
[DEBUG] Kajal score=0.586
[DEBUG] Kajal score=0.586
[Entry-2] frame=13160 faces=0
[Entry-4] frame=13430 faces=0
[Entry-1] frame=12620 faces=1
[DEBUG] Kajal score=0.392
[DEBUG] Kajal score=0.392
[Entry-2] frame=13170 faces=0
[Entry-4] frame=13440 faces=0
[Entry-1] frame=12630 faces=2
[DEBUG] Kajal score=0.489
[DEBUG] Kajal score=0.489
[DEBUG] Aditya score=0.073
[DEBUG] Aditya score=0.073
[Entry-2] frame=13180 faces=0
[Entry-4] frame=13450 faces=0
[Entry-1] frame=12640 faces=2
[DEBUG] Kajal score=0.704
[DEBUG] Kajal score=0.704
[DEBUG] Neeraj  score=0.213
[DEBUG] Neeraj  score=0.213
[Entry-2] frame=13190 faces=0
[Entry-4] frame=13460 faces=0
[Entry-1] frame=12650 faces=2
[DEBUG] Kajal score=0.672
[DEBUG] Kajal score=0.672
[DEBUG] Prashant Kumar score=0.204
[DEBUG] Prashant Kumar score=0.204
[Entry-2] frame=13200 faces=0
[Entry-4] frame=13470 faces=0
[Entry-2] frame=13210 faces=0
[Entry-4] frame=13480 faces=0
[Entry-1] frame=12660 faces=2
[DEBUG] Kajal score=0.693
[DEBUG] Kajal score=0.693
[DEBUG] Meraj score=0.104
[DEBUG] Meraj score=0.104
[Entry-2] frame=13220 faces=0
[Entry-4] frame=13490 faces=0
[Entry-1] frame=12670 faces=2
[DEBUG] Kajal score=0.703
[DEBUG] Kajal score=0.703
[DEBUG] Prashant Kumar score=0.182
[DEBUG] Prashant Kumar score=0.182
[Entry-2] frame=13230 faces=0
[Entry-4] frame=13500 faces=0
[Entry-1] frame=12680 faces=2
[DEBUG] Kajal score=0.721
[DEBUG] Kajal score=0.721
[DEBUG] Meraj score=0.142
[DEBUG] Meraj score=0.142
[Entry-2] frame=13240 faces=0
[Entry-4] frame=13510 faces=0
[Entry-1] frame=12690 faces=2
[DEBUG] Kajal score=0.679
[DEBUG] Kajal score=0.679
[DEBUG] Meraj score=0.127
[DEBUG] Meraj score=0.127
[Entry-2] frame=13250 faces=0
[Entry-4] frame=13520 faces=1
[DEBUG] Meraj score=0.115
[DEBUG] Meraj score=0.115
[Entry-1] frame=12700 faces=2
[DEBUG] Kajal score=0.667
[DEBUG] Kajal score=0.667
[DEBUG] Neeraj  score=0.135
[DEBUG] Neeraj  score=0.135
[Entry-2] frame=13260 faces=0
[Entry-4] frame=13530 faces=1
[DEBUG] Meraj score=0.109
[DEBUG] Meraj score=0.109
[Entry-2] frame=13270 faces=0
[Entry-1] frame=12710 faces=2
[DEBUG] Kajal score=0.725
[DEBUG] Kajal score=0.725
[DEBUG] Rajan score=0.128
[DEBUG] Rajan score=0.128
[Entry-4] frame=13540 faces=0
[Entry-2] frame=13280 faces=0
[Entry-4] frame=13550 faces=0
[Entry-1] frame=12720 faces=2
[DEBUG] Kajal score=0.714
[DEBUG] Kajal score=0.714
[DEBUG] Neeraj  score=0.159
[DEBUG] Neeraj  score=0.159
[Entry-2] frame=13290 faces=0
[Entry-4] frame=13560 faces=0
[Entry-1] frame=12730 faces=1
[DEBUG] Kajal score=0.698
[DEBUG] Kajal score=0.698
[Entry-2] frame=13300 faces=0
[Entry-4] frame=13570 faces=0
[Entry-1] frame=12740 faces=2
[DEBUG] Kajal score=0.756
[DEBUG] Kajal score=0.756
[DEBUG] Prashant Kumar score=0.121
[DEBUG] Prashant Kumar score=0.121
[Entry-2] frame=13310 faces=0
[Entry-4] frame=13580 faces=0
[Entry-1] frame=12750 faces=2
[DEBUG] Kajal score=0.726
[DEBUG] Kajal score=0.726
[DEBUG] Meraj score=0.120
[DEBUG] Meraj score=0.120
[Entry-2] frame=13320 faces=0
[Entry-4] frame=13590 faces=0
[Entry-2] frame=13330 faces=0
[Entry-1] frame=12760 faces=2
[DEBUG] Kajal score=0.750
[DEBUG] Kajal score=0.750
[DEBUG] Prashant Kumar score=0.209
[DEBUG] Prashant Kumar score=0.209
[Entry-4] frame=13600 faces=0
[Entry-2] frame=13340 faces=0
[Entry-4] frame=13610 faces=0
[Entry-1] frame=12770 faces=2
[DEBUG] Kajal score=0.609
[DEBUG] Kajal score=0.609
[DEBUG] Rajan score=0.136
[DEBUG] Rajan score=0.136
[Entry-2] frame=13350 faces=0
[Entry-4] frame=13620 faces=0
[Entry-1] frame=12780 faces=2
[DEBUG] Kajal score=0.608
[DEBUG] Kajal score=0.608
[DEBUG] Aakash score=0.083
[DEBUG] Aakash score=0.083
[Entry-2] frame=13360 faces=0
[Entry-4] frame=13630 faces=0
[Entry-1] frame=12790 faces=2
[DEBUG] Kajal score=0.664
[DEBUG] Kajal score=0.664
[DEBUG] Kajal score=0.078
[DEBUG] Kajal score=0.078
[Entry-2] frame=13370 faces=0
[Entry-4] frame=13640 faces=0
[Entry-1] frame=12800 faces=2
[DEBUG] Kajal score=0.594
[DEBUG] Kajal score=0.594
[DEBUG] Aakash score=0.178
[DEBUG] Aakash score=0.178
[Entry-2] frame=13380 faces=0
[Entry-4] frame=13650 faces=0
[Entry-2] frame=13390 faces=0
[Entry-1] frame=12810 faces=2
[DEBUG] Kajal score=0.669
[DEBUG] Kajal score=0.669
[DEBUG] Aakash score=0.176
[DEBUG] Aakash score=0.176
[Entry-4] frame=13660 faces=0
[Entry-2] frame=13400 faces=0
[Entry-4] frame=13670 faces=0
[Entry-1] frame=12820 faces=2
[DEBUG] Kajal score=0.698
[DEBUG] Kajal score=0.698
[DEBUG] Satya  score=0.209
[DEBUG] Satya  score=0.209
[Entry-2] frame=13410 faces=0
[Entry-4] frame=13680 faces=0
[Entry-1] frame=12830 faces=2
[DEBUG] Kajal score=0.630
[DEBUG] Kajal score=0.630
[DEBUG] Meraj score=0.232
[DEBUG] Meraj score=0.232
[Entry-2] frame=13420 faces=0
[Entry-4] frame=13690 faces=0
[Entry-1] frame=12840 faces=2
[DEBUG] Kajal score=0.611
[DEBUG] Kajal score=0.611
[DEBUG] Neeraj  score=0.162
[DEBUG] Neeraj  score=0.162
[Entry-2] frame=13430 faces=0
[Entry-4] frame=13700 faces=0
[Entry-1] frame=12850 faces=3
[DEBUG] Kajal score=0.565
[DEBUG] Kajal score=0.565
[DEBUG] Aakash score=0.304
[DEBUG] Aakash score=0.304
[DEBUG] Aakash score=0.294
[DEBUG] Aakash score=0.294
[Entry-2] frame=13440 faces=0
[Entry-4] frame=13710 faces=0
[Entry-2] frame=13450 faces=0
[Entry-1] frame=12860 faces=2
[DEBUG] Kajal score=0.654
[DEBUG] Kajal score=0.654
[DEBUG] Aakash score=0.268
[DEBUG] Aakash score=0.268
[Entry-4] frame=13720 faces=0
[Entry-2] frame=13460 faces=0
[Entry-1] frame=12870 faces=0
[Entry-4] frame=13730 faces=0
[Entry-2] frame=13470 faces=0
[Entry-4] frame=13740 faces=0
[Entry-1] frame=12880 faces=1
[DEBUG] Kajal score=0.573
[DEBUG] Kajal score=0.573
[Entry-2] frame=13480 faces=0
[Entry-4] frame=13750 faces=0
[Entry-1] frame=12890 faces=1
[DEBUG] Kajal score=0.606
[DEBUG] Kajal score=0.606
[Entry-2] frame=13490 faces=0
[Entry-4] frame=13760 faces=0
[Entry-1] frame=12900 faces=2
[DEBUG] Kajal score=0.496
[DEBUG] Kajal score=0.496
[DEBUG] Neeraj  score=0.061
[DEBUG] Neeraj  score=0.061
[Entry-2] frame=13500 faces=0
[Entry-4] frame=13770 faces=0
[Entry-1] frame=12910 faces=2
[DEBUG] Kajal score=0.560
[DEBUG] Kajal score=0.560
[DEBUG] Kuldeep score=0.094
[DEBUG] Kuldeep score=0.094
[Entry-2] frame=13510 faces=0
[Entry-4] frame=13780 faces=0
[Entry-1] frame=12920 faces=2
[DEBUG] Kajal score=0.614
[DEBUG] Kajal score=0.614
[DEBUG] Rajan score=0.155
[DEBUG] Rajan score=0.155
[Entry-2] frame=13520 faces=0
[Entry-4] frame=13790 faces=0
[Entry-2] frame=13530 faces=0
[Entry-1] frame=12930 faces=2
[DEBUG] Kajal score=0.521
[DEBUG] Kajal score=0.521
[DEBUG] Amitabh Prajapati score=0.094
[DEBUG] Amitabh Prajapati score=0.094
[Entry-4] frame=13800 faces=0
[Entry-2] frame=13540 faces=0
[Entry-4] frame=13810 faces=0
[Entry-1] frame=12940 faces=2
[DEBUG] Kajal score=0.590
[DEBUG] Kajal score=0.590
[DEBUG] Abhishek  score=0.076
[DEBUG] Abhishek  score=0.076
[Entry-2] frame=13550 faces=0
[Entry-4] frame=13820 faces=0
[Entry-1] frame=12950 faces=2
[DEBUG] Meraj score=0.153
[DEBUG] Meraj score=0.153
[DEBUG] Rajan score=0.043
[DEBUG] Rajan score=0.043
[Entry-2] frame=13560 faces=0
[Entry-4] frame=13830 faces=0
[Entry-1] frame=12960 faces=1
[DEBUG] Kajal score=0.545
[DEBUG] Kajal score=0.545
[Entry-2] frame=13570 faces=0
[Entry-4] frame=13840 faces=0
[Entry-1] frame=12970 faces=1
[DEBUG] Kajal score=0.518
[DEBUG] Kajal score=0.518
[Entry-2] frame=13580 faces=0
[Entry-4] frame=13850 faces=0
[Entry-1] frame=12980 faces=2
[DEBUG] Kajal score=0.337
[DEBUG] Kajal score=0.337
[DEBUG] Ravi Shankar score=0.049
[DEBUG] Ravi Shankar score=0.049
[Entry-2] frame=13590 faces=0
[Entry-4] frame=13860 faces=0
[Entry-2] frame=13600 faces=0
[Entry-1] frame=12990 faces=3
[DEBUG] Kajal score=0.631
[DEBUG] Kajal score=0.631
[DEBUG] Aakash score=0.302
[DEBUG] Aakash score=0.302
[DEBUG] Ravi Shankar score=0.043
[DEBUG] Ravi Shankar score=0.043
[Entry-4] frame=13870 faces=0
[Entry-2] frame=13610 faces=0
[Entry-4] frame=13880 faces=0
[Entry-1] frame=13000 faces=2
[DEBUG] Kajal score=0.561
[DEBUG] Kajal score=0.561
[DEBUG] Ravi Shankar score=0.061
[DEBUG] Ravi Shankar score=0.061
[Entry-2] frame=13620 faces=0
[Entry-4] frame=13890 faces=0
[Entry-1] frame=13010 faces=2
[DEBUG] Kajal score=0.557
[DEBUG] Kajal score=0.557
[DEBUG] Aakash score=0.057
[DEBUG] Aakash score=0.057
[Entry-2] frame=13630 faces=0
[Entry-4] frame=13900 faces=0
[Entry-1] frame=13020 faces=2
[DEBUG] Kajal score=0.506
[DEBUG] Kajal score=0.506
[DEBUG] Meraj score=0.163
[DEBUG] Meraj score=0.163
[Entry-2] frame=13640 faces=1
[DEBUG] Prashant Kumar score=0.275
[DEBUG] Prashant Kumar score=0.275
[Entry-4] frame=13910 faces=0
[Entry-1] frame=13030 faces=2
[DEBUG] Kajal score=0.561
[DEBUG] Kajal score=0.561
[DEBUG] Meraj score=0.107
[DEBUG] Meraj score=0.107
[Entry-4] frame=13920 faces=0
[Entry-2] frame=13650 faces=1
[DEBUG] Prashant Kumar score=0.486
[DEBUG] Prashant Kumar score=0.486
[Entry-1] frame=13040 faces=2
[DEBUG] Kajal score=0.606
[DEBUG] Kajal score=0.606
[DEBUG] Meraj score=0.089
[DEBUG] Meraj score=0.089
[Entry-4] frame=13930 faces=0
[Entry-2] frame=13660 faces=1
[DEBUG] Prashant Kumar score=0.402
[DEBUG] Prashant Kumar score=0.402
[Entry-4] frame=13940 faces=0
[Entry-1] frame=13050 faces=2
[DEBUG] Kajal score=0.644
[DEBUG] Kajal score=0.644
[DEBUG] Neeraj  score=0.107
[DEBUG] Neeraj  score=0.107
[Entry-2] frame=13670 faces=1
[DEBUG] Prashant Kumar score=0.618
[DEBUG] Prashant Kumar score=0.618
[Entry-4] frame=13950 faces=0
[Entry-2] frame=13680 faces=1
[DEBUG] Prashant Kumar score=0.648
[DEBUG] Prashant Kumar score=0.648
[Entry-1] frame=13060 faces=2
[DEBUG] Kajal score=0.673
[DEBUG] Kajal score=0.673
[DEBUG] Aakash score=0.124
[DEBUG] Aakash score=0.124
[Entry-4] frame=13960 faces=0
[Entry-2] frame=13690 faces=0
[Entry-1] frame=13070 faces=2
[DEBUG] Kajal score=0.434
[DEBUG] Kajal score=0.434
[DEBUG] Aditya score=0.236
[DEBUG] Aditya score=0.236
[Entry-4] frame=13970 faces=0
[Entry-2] frame=13700 faces=0
[Entry-1] frame=13080 faces=1
[DEBUG] Kajal score=0.547
[DEBUG] Kajal score=0.547
[Entry-4] frame=13980 faces=0
[Entry-2] frame=13710 faces=0
[Entry-1] frame=13090 faces=1
[DEBUG] Kajal score=0.661
[DEBUG] Kajal score=0.661
[Entry-4] frame=13990 faces=0
[Entry-2] frame=13720 faces=1
[DEBUG] Prashant Kumar score=0.475
[DEBUG] Prashant Kumar score=0.475
[Entry-1] frame=13100 faces=1
[DEBUG] Kajal score=0.644
[DEBUG] Kajal score=0.644
[Entry-4] frame=14000 faces=0
[Entry-2] frame=13730 faces=0
[Entry-1] frame=13110 faces=1
[DEBUG] Kajal score=0.666
[DEBUG] Kajal score=0.666
[Entry-4] frame=14010 faces=0
[Entry-2] frame=13740 faces=0
[Entry-4] frame=14020 faces=0
[Entry-1] frame=13120 faces=2
[DEBUG] Kajal score=0.668
[DEBUG] Kajal score=0.668
[DEBUG] Aakash score=0.058
[DEBUG] Aakash score=0.058
[Entry-2] frame=13750 faces=0
[Entry-4] frame=14030 faces=0
[Entry-1] frame=13130 faces=2
[DEBUG] Kajal score=0.717
[DEBUG] Kajal score=0.717
[DEBUG] Kuldeep score=0.057
[DEBUG] Kuldeep score=0.057
[Entry-2] frame=13760 faces=0
[Entry-4] frame=14040 faces=0
[Entry-2] frame=13770 faces=0
[Entry-1] frame=13140 faces=2
[DEBUG] Kajal score=0.719
[DEBUG] Kajal score=0.719
[DEBUG] Prashant Kumar score=0.231
[DEBUG] Prashant Kumar score=0.231
[Entry-4] frame=14050 faces=0
[Entry-2] frame=13780 faces=0
[Entry-1] frame=13150 faces=2
[DEBUG] Kajal score=0.679
[DEBUG] Kajal score=0.679
[DEBUG] Aakash score=0.229
[DEBUG] Aakash score=0.229
[Entry-4] frame=14060 faces=0
[Entry-2] frame=13790 faces=0
[Entry-1] frame=13160 faces=1
[DEBUG] Kajal score=0.688
[DEBUG] Kajal score=0.688
[Entry-4] frame=14070 faces=0
[Entry-2] frame=13800 faces=0
[Entry-1] frame=13170 faces=2
[DEBUG] Kajal score=0.663
[DEBUG] Kajal score=0.663
[DEBUG] Meraj score=0.079
[DEBUG] Meraj score=0.079
[Entry-4] frame=14080 faces=0
[Entry-2] frame=13810 faces=0
[Entry-4] frame=14090 faces=0
[Entry-1] frame=13180 faces=2
[DEBUG] Kajal score=0.734
[DEBUG] Kajal score=0.734
[DEBUG] Rajan score=0.065
[DEBUG] Rajan score=0.065
[Entry-2] frame=13820 faces=0
[Entry-4] frame=14100 faces=0
[Entry-1] frame=13190 faces=2
[DEBUG] Kajal score=0.697
[DEBUG] Kajal score=0.697
[DEBUG] Rajan score=0.106
[DEBUG] Rajan score=0.106
[Entry-2] frame=13830 faces=0
[Entry-4] frame=14110 faces=0
[Entry-2] frame=13840 faces=0
[Entry-1] frame=13200 faces=2
[DEBUG] Kajal score=0.729
[DEBUG] Kajal score=0.729
[DEBUG] Aakash score=0.141
[DEBUG] Aakash score=0.141
[Entry-4] frame=14120 faces=0
[Entry-2] frame=13850 faces=0
[Entry-1] frame=13210 faces=2
[DEBUG] Kajal score=0.356
[DEBUG] Kajal score=0.356
[DEBUG] Aakash score=0.189
[DEBUG] Aakash score=0.189
[Entry-4] frame=14130 faces=0
[Entry-2] frame=13860 faces=0
[Entry-1] frame=13220 faces=1
[DEBUG] Kajal score=0.373
[DEBUG] Kajal score=0.373
[Entry-4] frame=14140 faces=0
[Entry-2] frame=13870 faces=0
[Entry-1] frame=13230 faces=2
[DEBUG] Kajal score=0.647
[DEBUG] Kajal score=0.647
[DEBUG] Aakash score=0.284
[DEBUG] Aakash score=0.284
[Entry-4] frame=14150 faces=0
[Entry-2] frame=13880 faces=0
[Entry-4] frame=14160 faces=0
[Entry-1] frame=13240 faces=2
[DEBUG] Kajal score=0.717
[DEBUG] Kajal score=0.717
[DEBUG] Meraj score=0.149
[DEBUG] Meraj score=0.149
[Entry-2] frame=13890 faces=0
[Entry-4] frame=14170 faces=0
[Entry-1] frame=13250 faces=2
[DEBUG] Kajal score=0.665
[DEBUG] Kajal score=0.665
[DEBUG] Meraj score=0.297
[DEBUG] Meraj score=0.297
[Entry-2] frame=13900 faces=0
[Entry-4] frame=14180 faces=0
[Entry-2] frame=13910 faces=0
[Entry-1] frame=13260 faces=2
[DEBUG] Kajal score=0.691
[DEBUG] Kajal score=0.691
[DEBUG] Kuldeep score=0.252
[DEBUG] Kuldeep score=0.252
[Entry-4] frame=14190 faces=0
[Entry-2] frame=13920 faces=0
[Entry-1] frame=13270 faces=2
[DEBUG] Kajal score=0.611
[DEBUG] Kajal score=0.611
[DEBUG] Meraj score=0.207
[DEBUG] Meraj score=0.207
[Entry-4] frame=14200 faces=0
[Entry-2] frame=13930 faces=0
[Entry-1] frame=13280 faces=2
[DEBUG] Kajal score=0.637
[DEBUG] Kajal score=0.637
[DEBUG] Meraj score=0.046
[DEBUG] Meraj score=0.046
[Entry-4] frame=14210 faces=0
[Entry-2] frame=13940 faces=0
[Entry-4] frame=14220 faces=0
[Entry-1] frame=13290 faces=2
[DEBUG] Kajal score=0.645
[DEBUG] Kajal score=0.645
[DEBUG] Prashant Kumar score=0.056
[DEBUG] Prashant Kumar score=0.056
[Entry-2] frame=13950 faces=0
[Entry-4] frame=14230 faces=0
[Entry-2] frame=13960 faces=0
[Entry-1] frame=13300 faces=2
[DEBUG] Kajal score=0.672
[DEBUG] Kajal score=0.672
[DEBUG] Ravi Shankar score=0.032
[DEBUG] Ravi Shankar score=0.032
[Entry-4] frame=14240 faces=0
[Entry-2] frame=13970 faces=0
[Entry-1] frame=13310 faces=2
[DEBUG] Kajal score=0.652
[DEBUG] Kajal score=0.652
[DEBUG] Ravi Shankar score=0.045
[DEBUG] Ravi Shankar score=0.045
[Entry-4] frame=14250 faces=0
[Entry-2] frame=13980 faces=0
[Entry-1] frame=13320 faces=2
[DEBUG] Kajal score=0.722
[DEBUG] Kajal score=0.722
[DEBUG] Aakash score=0.047
[DEBUG] Aakash score=0.047
[Entry-4] frame=14260 faces=0
[Entry-2] frame=13990 faces=0
[Entry-1] frame=13330 faces=2
[DEBUG] Kajal score=0.723
[DEBUG] Kajal score=0.723
[DEBUG] Kajal score=0.034
[DEBUG] Kajal score=0.034
[Entry-4] frame=14270 faces=0
[Entry-2] frame=14000 faces=0
[Entry-4] frame=14280 faces=0
[Entry-1] frame=13340 faces=2
[DEBUG] Kajal score=0.735
[DEBUG] Kajal score=0.735
[DEBUG] Meraj score=0.063
[DEBUG] Meraj score=0.063
[Entry-2] frame=14010 faces=0
[Entry-4] frame=14290 faces=0
[Entry-2] frame=14020 faces=0
[Entry-1] frame=13350 faces=2
[DEBUG] Kajal score=0.779
[DEBUG] Kajal score=0.779
[DEBUG] Amitabh Prajapati score=0.076
[DEBUG] Amitabh Prajapati score=0.076
[Entry-4] frame=14300 faces=0
[Entry-2] frame=14030 faces=0
[Entry-1] frame=13360 faces=2
[DEBUG] Kajal score=0.767
[DEBUG] Kajal score=0.767
[DEBUG] Meraj score=0.172
[DEBUG] Meraj score=0.172
[Entry-4] frame=14310 faces=1
[DEBUG] Meraj score=0.078
[DEBUG] Meraj score=0.078
[Entry-2] frame=14040 faces=0
[Entry-1] frame=13370 faces=2
[DEBUG] Kajal score=0.692
[DEBUG] Kajal score=0.692
[DEBUG] Kajal score=0.078
[DEBUG] Kajal score=0.078
[Entry-4] frame=14320 faces=1
[DEBUG] Amitabh Prajapati score=0.470
[DEBUG] Amitabh Prajapati score=0.470
[Entry-2] frame=14050 faces=0
[Entry-1] frame=13380 faces=1
[DEBUG] Kajal score=0.656
[DEBUG] Kajal score=0.656
[Entry-4] frame=14330 faces=0
[Entry-2] frame=14060 faces=0
[Entry-1] frame=13390 faces=1
[DEBUG] Kajal score=0.601
[DEBUG] Kajal score=0.601
[Entry-4] frame=14340 faces=0
[Entry-2] frame=14070 faces=0
[Entry-1] frame=13400 faces=3
[DEBUG] Kajal score=0.667
[DEBUG] Kajal score=0.667
[DEBUG] Aakash score=0.557
[DEBUG] Aakash score=0.557
[DEBUG] Ravi Shankar score=0.111
[DEBUG] Ravi Shankar score=0.111
[Entry-4] frame=14350 faces=1
[DEBUG] Meraj score=0.070
[DEBUG] Meraj score=0.070
[Entry-2] frame=14080 faces=0
[Entry-2] frame=14090 faces=0
[Entry-4] frame=14360 faces=1
[DEBUG] Ravi Shankar score=0.075
[DEBUG] Ravi Shankar score=0.075
[Entry-1] frame=13410 faces=3
[DEBUG] Kajal score=0.697
[DEBUG] Kajal score=0.697
[DEBUG] Neeraj  score=0.107
[DEBUG] Neeraj  score=0.107
[DEBUG] Aakash score=0.465
[DEBUG] Aakash score=0.465
[Entry-2] frame=14100 faces=0
[Entry-4] frame=14370 faces=1
[DEBUG] Ravi Shankar score=0.122
[DEBUG] Ravi Shankar score=0.122
[Entry-1] frame=13420 faces=1
[DEBUG] Kajal score=0.709
[DEBUG] Kajal score=0.709
[Entry-2] frame=14110 faces=0
[Entry-4] frame=14380 faces=1
[DEBUG] Amitabh Prajapati score=0.048
[DEBUG] Amitabh Prajapati score=0.048
[Entry-1] frame=13430 faces=2
[DEBUG] Kajal score=0.596
[DEBUG] Kajal score=0.596
[DEBUG] Prashant Kumar score=0.180
[DEBUG] Prashant Kumar score=0.180
[Entry-2] frame=14120 faces=0
[Entry-4] frame=14390 faces=1
[DEBUG] Prashant Kumar score=0.050
[DEBUG] Prashant Kumar score=0.050
[Entry-1] frame=13440 faces=2
[DEBUG] Kajal score=0.606
[DEBUG] Kajal score=0.606
[DEBUG] Aditya score=0.142
[DEBUG] Aditya score=0.142
[Entry-2] frame=14130 faces=0
[Entry-4] frame=14400 faces=0
[Entry-1] frame=13450 faces=2
[DEBUG] Kajal score=0.647
[DEBUG] Kajal score=0.647
[DEBUG] Kuldeep score=0.115
[DEBUG] Kuldeep score=0.115
[Entry-2] frame=14140 faces=0
[Entry-4] frame=14410 faces=0
[Entry-2] frame=14150 faces=0
[Entry-1] frame=13460 faces=3
[DEBUG] Kajal score=0.695
[DEBUG] Kajal score=0.695
[DEBUG] Kuldeep score=0.122
[DEBUG] Kuldeep score=0.122
[DEBUG] Aakash score=0.474
[DEBUG] Aakash score=0.474
[Entry-4] frame=14420 faces=1
[DEBUG] Meraj score=0.069
[DEBUG] Meraj score=0.069
[Entry-2] frame=14160 faces=0
[Entry-1] frame=13470 faces=2
[DEBUG] Kajal score=0.490
[DEBUG] Kajal score=0.490
[DEBUG] Neeraj  score=0.113
[DEBUG] Neeraj  score=0.113
[Entry-4] frame=14430 faces=1
[DEBUG] Meraj score=0.077
[DEBUG] Meraj score=0.077
[Entry-2] frame=14170 faces=0
[Entry-4] frame=14440 faces=1
[DEBUG] Amitabh Prajapati score=0.408
[DEBUG] Amitabh Prajapati score=0.408
[Entry-1] frame=13480 faces=2
[DEBUG] Kajal score=0.590
[DEBUG] Kajal score=0.590
[DEBUG] Prashant Kumar score=0.076
[DEBUG] Prashant Kumar score=0.076
[Entry-2] frame=14180 faces=0
[Entry-4] frame=14450 faces=1
[DEBUG] Neeraj  score=0.065
[DEBUG] Neeraj  score=0.065
[Entry-1] frame=13490 faces=1
[DEBUG] Kajal score=0.182
[DEBUG] Kajal score=0.182
[Entry-2] frame=14190 faces=0
[Entry-1] frame=13500 faces=0
[Entry-4] frame=14460 faces=1
[DEBUG] Meraj score=0.040
[DEBUG] Meraj score=0.040
[Entry-2] frame=14200 faces=0
[Entry-1] frame=13510 faces=0
[Entry-4] frame=14470 faces=1
[DEBUG] Praveen score=0.086
[DEBUG] Praveen score=0.086
[Entry-2] frame=14210 faces=0
[Entry-1] frame=13520 faces=0
[Entry-4] frame=14480 faces=1
[DEBUG] Sunny  score=0.043
[DEBUG] Sunny  score=0.043
[Entry-2] frame=14220 faces=0
[Entry-1] frame=13530 faces=0
[Entry-2] frame=14230 faces=0
[Entry-4] frame=14490 faces=1
[DEBUG] Sunny  score=0.064
[DEBUG] Sunny  score=0.064
[Entry-1] frame=13540 faces=1
[DEBUG] Kajal score=0.399
[DEBUG] Kajal score=0.399
[Entry-2] frame=14240 faces=0
[Entry-4] frame=14500 faces=1
[DEBUG] Sunny  score=0.085
[DEBUG] Sunny  score=0.085
[Entry-2] frame=14250 faces=0
[Entry-4] frame=14510 faces=0
[Entry-1] frame=13550 faces=3
[DEBUG] Aakash score=0.594
[DEBUG] Aakash score=0.594
[DEBUG] Kajal score=0.550
[DEBUG] Kajal score=0.550
[DEBUG] Ravi Shankar score=0.053
[DEBUG] Ravi Shankar score=0.053
[Entry-2] frame=14260 faces=0
[Entry-4] frame=14520 faces=1
[DEBUG] Amitabh Prajapati score=0.334
[DEBUG] Amitabh Prajapati score=0.334
[Entry-1] frame=13560 faces=2
[DEBUG] Aakash score=0.539
[DEBUG] Aakash score=0.539
[DEBUG] Kuldeep score=0.074
[DEBUG] Kuldeep score=0.074
[Entry-2] frame=14270 faces=0
[Entry-4] frame=14530 faces=1
[DEBUG] Amitabh Prajapati score=0.271
[DEBUG] Amitabh Prajapati score=0.271
[Entry-1] frame=13570 faces=2
[DEBUG] Aakash score=0.655
[DEBUG] Aakash score=0.655
[DEBUG] Kuldeep score=0.070
[DEBUG] Kuldeep score=0.070
[Entry-2] frame=14280 faces=0
[Entry-4] frame=14540 faces=1
[DEBUG] Amitabh Prajapati score=0.264
[DEBUG] Amitabh Prajapati score=0.264
[Entry-1] frame=13580 faces=1
[DEBUG] Kajal score=0.278
[DEBUG] Kajal score=0.278
[Entry-2] frame=14290 faces=0
[Entry-4] frame=14550 faces=0
[Entry-1] frame=13590 faces=2
[DEBUG] Meraj score=0.091
[DEBUG] Meraj score=0.091
[DEBUG] Kajal score=0.200
[DEBUG] Kajal score=0.200
[Entry-2] frame=14300 faces=0
[Entry-4] frame=14560 faces=0
[Entry-2] frame=14310 faces=0
[Entry-1] frame=13600 faces=2
[DEBUG] Meraj score=0.118
[DEBUG] Meraj score=0.118
[DEBUG] Aakash score=0.415
[DEBUG] Aakash score=0.415
[Entry-4] frame=14570 faces=1
[DEBUG] Amitabh Prajapati score=0.126
[DEBUG] Amitabh Prajapati score=0.126
[Entry-2] frame=14320 faces=0
[Entry-1] frame=13610 faces=1
[DEBUG] Meraj score=0.149
[DEBUG] Meraj score=0.149
[Entry-4] frame=14580 faces=1
[DEBUG] Ravi Shankar score=0.180
[DEBUG] Ravi Shankar score=0.180
[Entry-2] frame=14330 faces=0
[Entry-1] frame=13620 faces=1
[DEBUG] Meraj score=0.161
[DEBUG] Meraj score=0.161
[Entry-4] frame=14590 faces=1
[DEBUG] Sunny  score=0.085
[DEBUG] Sunny  score=0.085
[Entry-2] frame=14340 faces=0
[Entry-1] frame=13630 faces=1
[DEBUG] Meraj score=0.146
[DEBUG] Meraj score=0.146
[Entry-4] frame=14600 faces=1
[DEBUG] Amitabh Prajapati score=0.170
[DEBUG] Amitabh Prajapati score=0.170
[Entry-2] frame=14350 faces=0
[Entry-1] frame=13640 faces=1
[DEBUG] Meraj score=0.127
[DEBUG] Meraj score=0.127
[Entry-4] frame=14610 faces=1
[DEBUG] Meraj score=0.099
[DEBUG] Meraj score=0.099
[Entry-2] frame=14360 faces=0
[Entry-1] frame=13650 faces=1
[DEBUG] Meraj score=0.107
[DEBUG] Meraj score=0.107
[Entry-4] frame=14620 faces=1
[DEBUG] Amitabh Prajapati score=0.122
[DEBUG] Amitabh Prajapati score=0.122
[Entry-2] frame=14370 faces=0
[Entry-1] frame=13660 faces=1
[DEBUG] Meraj score=0.123
[DEBUG] Meraj score=0.123
[Entry-4] frame=14630 faces=1
[DEBUG] Amitabh Prajapati score=0.262
[DEBUG] Amitabh Prajapati score=0.262
[Entry-2] frame=14380 faces=0
[Entry-1] frame=13670 faces=1
[DEBUG] Meraj score=0.105
[DEBUG] Meraj score=0.105
[Entry-4] frame=14640 faces=1
[DEBUG] Amitabh Prajapati score=0.177
[DEBUG] Amitabh Prajapati score=0.177
[Entry-2] frame=14390 faces=0
[Entry-1] frame=13680 faces=1
[DEBUG] Aakash score=0.089
[DEBUG] Aakash score=0.089
[Entry-2] frame=14400 faces=0
[Entry-4] frame=14650 faces=1
[DEBUG] Amitabh Prajapati score=0.391
[DEBUG] Amitabh Prajapati score=0.391
[Entry-1] frame=13690 faces=1
[DEBUG] Neeraj  score=0.100
[DEBUG] Neeraj  score=0.100
[Entry-2] frame=14410 faces=0
[Entry-4] frame=14660 faces=1
[DEBUG] Amitabh Prajapati score=0.291
[DEBUG] Amitabh Prajapati score=0.291
[Entry-1] frame=13700 faces=1
[DEBUG] Rishu Kumar score=0.070
[DEBUG] Rishu Kumar score=0.070
[Entry-2] frame=14420 faces=0
[Entry-4] frame=14670 faces=1
[DEBUG] Amitabh Prajapati score=0.241
[DEBUG] Amitabh Prajapati score=0.241
[Entry-1] frame=13710 faces=0
[Entry-2] frame=14430 faces=0
[Entry-4] frame=14680 faces=1
[DEBUG] Sunny  score=0.141
[DEBUG] Sunny  score=0.141
[Entry-1] frame=13720 faces=1
[DEBUG] Aakash score=0.072
[DEBUG] Aakash score=0.072
[Entry-2] frame=14440 faces=0
[Entry-4] frame=14690 faces=0
[Entry-2] frame=14450 faces=0
[Entry-1] frame=13730 faces=1
[DEBUG] Aakash score=0.092
[DEBUG] Aakash score=0.092
[Entry-4] frame=14700 faces=0
[Entry-2] frame=14460 faces=0
[Entry-1] frame=13740 faces=1
[DEBUG] Kuldeep score=0.100
[DEBUG] Kuldeep score=0.100
[Entry-4] frame=14710 faces=1
[DEBUG] Amitabh Prajapati score=0.157
[DEBUG] Amitabh Prajapati score=0.157
[Entry-2] frame=14470 faces=0
[Entry-1] frame=13750 faces=2
[DEBUG] Meraj score=0.189
[DEBUG] Meraj score=0.189
[DEBUG] Aakash score=0.589
[DEBUG] Aakash score=0.589
[Entry-4] frame=14720 faces=1
[DEBUG] Ravi Shankar score=0.097
[DEBUG] Ravi Shankar score=0.097
[Entry-2] frame=14480 faces=0
[Entry-1] frame=13760 faces=0
[Entry-4] frame=14730 faces=1
[DEBUG] Amitabh Prajapati score=0.181
[DEBUG] Amitabh Prajapati score=0.181
[Entry-2] frame=14490 faces=0
[Entry-1] frame=13770 faces=0
[Entry-4] frame=14740 faces=1
[DEBUG] Amitabh Prajapati score=0.160
[DEBUG] Amitabh Prajapati score=0.160
[Entry-2] frame=14500 faces=0
[Entry-1] frame=13780 faces=1
[DEBUG] Rishu Kumar score=0.048
[DEBUG] Rishu Kumar score=0.048
[Entry-4] frame=14750 faces=1
[DEBUG] Amitabh Prajapati score=0.127
[DEBUG] Amitabh Prajapati score=0.127
[Entry-2] frame=14510 faces=0
[Entry-1] frame=13790 faces=1
[DEBUG] Meraj score=0.096
[DEBUG] Meraj score=0.096
[Entry-4] frame=14760 faces=1
[DEBUG] Meraj score=0.126
[DEBUG] Meraj score=0.126
[Entry-2] frame=14520 faces=0
[Entry-1] frame=13800 faces=0
[Entry-4] frame=14770 faces=1
[DEBUG] Kuldeep score=0.075
[DEBUG] Kuldeep score=0.075
[Entry-2] frame=14530 faces=0
[Entry-1] frame=13810 faces=0
[Entry-2] frame=14540 faces=0
[Entry-4] frame=14780 faces=1
[DEBUG] Ravi Shankar score=0.092
[DEBUG] Ravi Shankar score=0.092
[Entry-1] frame=13820 faces=0
[Entry-2] frame=14550 faces=0
[Entry-4] frame=14790 faces=1
[DEBUG] Ravi Shankar score=0.094
[DEBUG] Ravi Shankar score=0.094
[Entry-1] frame=13830 faces=0
[Entry-2] frame=14560 faces=0
[Entry-4] frame=14800 faces=1
[DEBUG] Ravi Shankar score=0.092
[DEBUG] Ravi Shankar score=0.092
[Entry-1] frame=13840 faces=0
[Entry-2] frame=14570 faces=0
[Entry-4] frame=14810 faces=1
[DEBUG] Amitabh Prajapati score=0.242
[DEBUG] Amitabh Prajapati score=0.242
[Entry-1] frame=13850 faces=0
[Entry-2] frame=14580 faces=0
[Entry-4] frame=14820 faces=1
[DEBUG] Amitabh Prajapati score=0.260
[DEBUG] Amitabh Prajapati score=0.260
[Entry-1] frame=13860 faces=1
[DEBUG] Rajan score=0.080
[DEBUG] Rajan score=0.080
[Entry-2] frame=14590 faces=0
[Entry-4] frame=14830 faces=1
[DEBUG] Ravi Shankar score=0.082
[DEBUG] Ravi Shankar score=0.082
[Entry-1] frame=13870 faces=0
[Entry-2] frame=14600 faces=0
[Entry-4] frame=14840 faces=1
[DEBUG] Sunny  score=0.087
[DEBUG] Sunny  score=0.087
[Entry-1] frame=13880 faces=1
[DEBUG] Aditya score=0.190
[DEBUG] Aditya score=0.190
[Entry-2] frame=14610 faces=0
[Entry-4] frame=14850 faces=1
[DEBUG] Sunny  score=0.052
[DEBUG] Sunny  score=0.052
[Entry-1] frame=13890 faces=1
[DEBUG] Rajan score=0.066
[DEBUG] Rajan score=0.066
[Entry-2] frame=14620 faces=0
[Entry-4] frame=14860 faces=1
[DEBUG] Amitabh Prajapati score=0.108
[DEBUG] Amitabh Prajapati score=0.108
[Entry-1] frame=13900 faces=1
[DEBUG] Neeraj  score=0.085
[DEBUG] Neeraj  score=0.085
[Entry-2] frame=14630 faces=0
[Entry-4] frame=14870 faces=1
[DEBUG] Sunny  score=0.087
[DEBUG] Sunny  score=0.087
[Entry-2] frame=14640 faces=0
[Entry-1] frame=13910 faces=1
[DEBUG] Aakash score=0.129
[DEBUG] Aakash score=0.129
[Entry-4] frame=14880 faces=1
[DEBUG] Sunny  score=0.107
[DEBUG] Sunny  score=0.107
[Entry-2] frame=14650 faces=0
[Entry-1] frame=13920 faces=1
[DEBUG] Aakash score=0.095
[DEBUG] Aakash score=0.095
[Entry-4] frame=14890 faces=1
[DEBUG] Amitabh Prajapati score=0.269
[DEBUG] Amitabh Prajapati score=0.269
[Entry-2] frame=14660 faces=0
[Entry-1] frame=13930 faces=1
[DEBUG] Neeraj  score=0.113
[DEBUG] Neeraj  score=0.113
[Entry-4] frame=14900 faces=1
[DEBUG] Meraj score=0.195
[DEBUG] Meraj score=0.195
[Entry-2] frame=14670 faces=0
[Entry-1] frame=13940 faces=1
[DEBUG] Meraj score=0.108
[DEBUG] Meraj score=0.108
[Entry-2] frame=14680 faces=0
[Entry-4] frame=14910 faces=1
[DEBUG] Ravi Shankar score=0.109
[DEBUG] Ravi Shankar score=0.109
[Entry-1] frame=13950 faces=1
[DEBUG] Meraj score=0.081
[DEBUG] Meraj score=0.081
[Entry-2] frame=14690 faces=0
[Entry-4] frame=14920 faces=1
[DEBUG] Amitabh Prajapati score=0.158
[DEBUG] Amitabh Prajapati score=0.158
[Entry-1] frame=13960 faces=1
[DEBUG] Prashant Kumar score=0.167
[DEBUG] Prashant Kumar score=0.167
[Entry-2] frame=14700 faces=0
[Entry-4] frame=14930 faces=1
[DEBUG] Amitabh Prajapati score=0.318
[DEBUG] Amitabh Prajapati score=0.318
[Entry-1] frame=13970 faces=1
[DEBUG] Rajan score=0.159
[DEBUG] Rajan score=0.159
[Entry-2] frame=14710 faces=0
[Entry-4] frame=14940 faces=0
[Entry-1] frame=13980 faces=0
[Entry-2] frame=14720 faces=0
[Entry-4] frame=14950 faces=0
[Entry-1] frame=13990 faces=1
[DEBUG] Prashant Kumar score=0.181
[DEBUG] Prashant Kumar score=0.181
[Entry-2] frame=14730 faces=0
[Entry-4] frame=14960 faces=0
[Entry-1] frame=14000 faces=1
[DEBUG] Prashant Kumar score=0.209
[DEBUG] Prashant Kumar score=0.209
[Entry-2] frame=14740 faces=0
[Entry-4] frame=14970 faces=0
[Entry-1] frame=14010 faces=1
[DEBUG] Prashant Kumar score=0.114
[DEBUG] Prashant Kumar score=0.114
[Entry-2] frame=14750 faces=1
[DEBUG] Amitabh Prajapati score=0.367
[DEBUG] Amitabh Prajapati score=0.367
[Entry-4] frame=14980 faces=0
[Entry-1] frame=14020 faces=1
[DEBUG] Meraj score=0.168
[DEBUG] Meraj score=0.168
[Entry-2] frame=14760 faces=1
[DEBUG] Amitabh Prajapati score=0.463
[DEBUG] Amitabh Prajapati score=0.463
[Entry-4] frame=14990 faces=0
[Entry-1] frame=14030 faces=0
[Entry-2] frame=14770 faces=1
[DEBUG] Amitabh Prajapati score=0.472
[DEBUG] Amitabh Prajapati score=0.472
[Entry-4] frame=15000 faces=0
[Entry-1] frame=14040 faces=0
[Entry-4] frame=15010 faces=0
[Entry-2] frame=14780 faces=1
[DEBUG] Amitabh Prajapati score=0.395
[DEBUG] Amitabh Prajapati score=0.395
[Entry-1] frame=14050 faces=0
[Entry-4] frame=15020 faces=0
[Entry-2] frame=14790 faces=1
[DEBUG] Aditya score=0.052
[DEBUG] Aditya score=0.052
[Entry-1] frame=14060 faces=1
[DEBUG] Aakash score=0.137
[DEBUG] Aakash score=0.137
[Entry-4] frame=15030 faces=0
[Entry-2] frame=14800 faces=1
[DEBUG] Amitabh Prajapati score=0.372
[DEBUG] Amitabh Prajapati score=0.372
[Entry-1] frame=14070 faces=1
[DEBUG] Meraj score=0.170
[DEBUG] Meraj score=0.170
[Entry-4] frame=15040 faces=0
[Entry-2] frame=14810 faces=0
[Entry-1] frame=14080 faces=1
[DEBUG] Prashant Kumar score=0.131
[DEBUG] Prashant Kumar score=0.131
[Entry-4] frame=15050 faces=0
[Entry-2] frame=14820 faces=1
[DEBUG] Amitabh Prajapati score=0.185
[DEBUG] Amitabh Prajapati score=0.185
[Entry-1] frame=14090 faces=1
[DEBUG] Aditya score=0.130
[DEBUG] Aditya score=0.130
[Entry-4] frame=15060 faces=0
[Entry-2] frame=14830 faces=0
[Entry-1] frame=14100 faces=0
[Entry-4] frame=15070 faces=0
[Entry-2] frame=14840 faces=1
[DEBUG] Amitabh Prajapati score=0.247
[DEBUG] Amitabh Prajapati score=0.247
[Entry-1] frame=14110 faces=0
[Entry-4] frame=15080 faces=0
[Entry-2] frame=14850 faces=2
[DEBUG] Ravi Shankar score=0.107
[DEBUG] Ravi Shankar score=0.107
[DEBUG] Kajal score=0.048
[DEBUG] Kajal score=0.048
[Entry-1] frame=14120 faces=0
[Entry-4] frame=15090 faces=0
[Entry-2] frame=14860 faces=1
[DEBUG] Amitabh Prajapati score=0.237
[DEBUG] Amitabh Prajapati score=0.237
[Entry-1] frame=14130 faces=1
[DEBUG] Meraj score=0.148
[DEBUG] Meraj score=0.148
[Entry-4] frame=15100 faces=0
[Entry-2] frame=14870 faces=1
[DEBUG] Amitabh Prajapati score=0.261
[DEBUG] Amitabh Prajapati score=0.261
[Entry-4] frame=15110 faces=0
[Entry-1] frame=14140 faces=1
[DEBUG] Meraj score=0.106
[DEBUG] Meraj score=0.106
[Entry-2] frame=14880 faces=1
[DEBUG] Amitabh Prajapati score=0.251
[DEBUG] Amitabh Prajapati score=0.251
[Entry-4] frame=15120 faces=0
[Entry-1] frame=14150 faces=0
[Entry-2] frame=14890 faces=1
[DEBUG] Amitabh Prajapati score=0.219
[DEBUG] Amitabh Prajapati score=0.219
[Entry-4] frame=15130 faces=0
[Entry-1] frame=14160 faces=0
[Entry-2] frame=14900 faces=1
[DEBUG] Amitabh Prajapati score=0.274
[DEBUG] Amitabh Prajapati score=0.274
[Entry-4] frame=15140 faces=0
[Entry-1] frame=14170 faces=0
[Entry-2] frame=14910 faces=1
[DEBUG] Amitabh Prajapati score=0.238
[DEBUG] Amitabh Prajapati score=0.238
[Entry-4] frame=15150 faces=0
[Entry-1] frame=14180 faces=0
[Entry-2] frame=14920 faces=1
[DEBUG] Amitabh Prajapati score=0.238
[DEBUG] Amitabh Prajapati score=0.238
[Entry-4] frame=15160 faces=0
[Entry-1] frame=14190 faces=1
[DEBUG] Neeraj  score=0.178
[DEBUG] Neeraj  score=0.178
[Entry-2] frame=14930 faces=1
[DEBUG] Amitabh Prajapati score=0.384
[DEBUG] Amitabh Prajapati score=0.384
[Entry-4] frame=15170 faces=0
[Entry-1] frame=14200 faces=0
[Entry-4] frame=15180 faces=0
[Entry-2] frame=14940 faces=1
[DEBUG] Amitabh Prajapati score=0.445
[DEBUG] Amitabh Prajapati score=0.445
[Entry-1] frame=14210 faces=0
[Entry-4] frame=15190 faces=0
[Entry-2] frame=14950 faces=1
[DEBUG] Amitabh Prajapati score=0.298
[DEBUG] Amitabh Prajapati score=0.298
[Entry-1] frame=14220 faces=1
[DEBUG] Neeraj  score=0.139
[DEBUG] Neeraj  score=0.139
[Entry-4] frame=15200 faces=0
[Entry-1] frame=14230 faces=0
[Entry-2] frame=14960 faces=1
[DEBUG] Amitabh Prajapati score=0.322
[DEBUG] Amitabh Prajapati score=0.322
[Entry-4] frame=15210 faces=0
[Entry-1] frame=14240 faces=0
[Entry-2] frame=14970 faces=1
[DEBUG] Ravi Shankar score=0.096
[DEBUG] Ravi Shankar score=0.096
[Entry-4] frame=15220 faces=0
[Entry-1] frame=14250 faces=1
[DEBUG] Prashant Kumar score=0.126
[DEBUG] Prashant Kumar score=0.126
[Entry-2] frame=14980 faces=1
[DEBUG] Amitabh Prajapati score=0.226
[DEBUG] Amitabh Prajapati score=0.226
[Entry-4] frame=15230 faces=0
[Entry-1] frame=14260 faces=1
[DEBUG] Meraj score=0.165
[DEBUG] Meraj score=0.165
[Entry-2] frame=14990 faces=1
[DEBUG] Amitabh Prajapati score=0.272
[DEBUG] Amitabh Prajapati score=0.272
[Entry-4] frame=15240 faces=0
[Entry-1] frame=14270 faces=1
[DEBUG] Vikas Sharma score=0.139
[DEBUG] Vikas Sharma score=0.139
[Entry-2] frame=15000 faces=1
[DEBUG] Amitabh Prajapati score=0.286
[DEBUG] Amitabh Prajapati score=0.286
[Entry-4] frame=15250 faces=0
[Entry-1] frame=14280 faces=1
[DEBUG] Meraj score=0.147
[DEBUG] Meraj score=0.147
[Entry-2] frame=15010 faces=1
[DEBUG] Amitabh Prajapati score=0.331
[DEBUG] Amitabh Prajapati score=0.331
[Entry-4] frame=15260 faces=0
[Entry-1] frame=14290 faces=1
[DEBUG] Prashant Kumar score=0.149
[DEBUG] Prashant Kumar score=0.149
[Entry-2] frame=15020 faces=1
[DEBUG] Amitabh Prajapati score=0.424
[DEBUG] Amitabh Prajapati score=0.424
[Entry-4] frame=15270 faces=0
[Entry-1] frame=14300 faces=1
[DEBUG] Meraj score=0.151
[DEBUG] Meraj score=0.151
[Entry-2] frame=15030 faces=1
[DEBUG] Amitabh Prajapati score=0.373
[DEBUG] Amitabh Prajapati score=0.373
[Entry-4] frame=15280 faces=0
[Entry-1] frame=14310 faces=1
[DEBUG] Meraj score=0.101
[DEBUG] Meraj score=0.101
[Entry-2] frame=15040 faces=1
[DEBUG] Amitabh Prajapati score=0.331
[DEBUG] Amitabh Prajapati score=0.331
[Entry-4] frame=15290 faces=0
[Entry-1] frame=14320 faces=1
[DEBUG] Prashant Kumar score=0.122
[DEBUG] Prashant Kumar score=0.122
[Entry-4] frame=15300 faces=0
[Entry-2] frame=15050 faces=1
[DEBUG] Amitabh Prajapati score=0.329
[DEBUG] Amitabh Prajapati score=0.329
[Entry-1] frame=14330 faces=1
[DEBUG] Aditya score=0.156
[DEBUG] Aditya score=0.156
[Entry-4] frame=15310 faces=0
[Entry-2] frame=15060 faces=1
[DEBUG] Amitabh Prajapati score=0.276
[DEBUG] Amitabh Prajapati score=0.276
[Entry-4] frame=15320 faces=0
[Entry-1] frame=14340 faces=1
[DEBUG] Aditya score=0.180
[DEBUG] Aditya score=0.180
[Entry-2] frame=15070 faces=1
[DEBUG] Amitabh Prajapati score=0.324
[DEBUG] Amitabh Prajapati score=0.324
[Entry-4] frame=15330 faces=0
[Entry-1] frame=14350 faces=1
[DEBUG] Amitabh Prajapati score=0.102
[DEBUG] Amitabh Prajapati score=0.102
[Entry-2] frame=15080 faces=1
[DEBUG] Amitabh Prajapati score=0.337
[DEBUG] Amitabh Prajapati score=0.337
[Entry-4] frame=15340 faces=0
[Entry-1] frame=14360 faces=1
[DEBUG] Aditya score=0.166
[DEBUG] Aditya score=0.166
[Entry-2] frame=15090 faces=1
[DEBUG] Amitabh Prajapati score=0.308
[DEBUG] Amitabh Prajapati score=0.308
[Entry-4] frame=15350 faces=0
[Entry-1] frame=14370 faces=1
[DEBUG] Aditya score=0.150
[DEBUG] Aditya score=0.150
[Entry-2] frame=15100 faces=1
[DEBUG] Amitabh Prajapati score=0.288
[DEBUG] Amitabh Prajapati score=0.288
[Entry-4] frame=15360 faces=0
[Entry-1] frame=14380 faces=1
[DEBUG] Aditya score=0.175
[DEBUG] Aditya score=0.175
[Entry-2] frame=15110 faces=0
[Entry-4] frame=15370 faces=0
[Entry-1] frame=14390 faces=1
[DEBUG] Prashant Kumar score=0.164
[DEBUG] Prashant Kumar score=0.164
[Entry-2] frame=15120 faces=0
[Entry-4] frame=15380 faces=0
[Entry-2] frame=15130 faces=0
[Entry-1] frame=14400 faces=1
[DEBUG] Aditya score=0.142
[DEBUG] Aditya score=0.142
[Entry-4] frame=15390 faces=0
[Entry-2] frame=15140 faces=0
[Entry-1] frame=14410 faces=1
[DEBUG] Aditya score=0.161
[DEBUG] Aditya score=0.161
[Entry-4] frame=15400 faces=0
[Entry-2] frame=15150 faces=0
[Entry-1] frame=14420 faces=1
[DEBUG] Aditya score=0.151
[DEBUG] Aditya score=0.151
[Entry-4] frame=15410 faces=0
[Entry-2] frame=15160 faces=0
[Entry-1] frame=14430 faces=1
[DEBUG] Aditya score=0.144
[DEBUG] Aditya score=0.144
[Entry-4] frame=15420 faces=0
[Entry-2] frame=15170 faces=0
[Entry-1] frame=14440 faces=1
[DEBUG] Prashant Kumar score=0.135
[DEBUG] Prashant Kumar score=0.135
[Entry-4] frame=15430 faces=0
[Entry-2] frame=15180 faces=0
[Entry-1] frame=14450 faces=1
[DEBUG] Aditya score=0.135
[DEBUG] Aditya score=0.135
[Entry-4] frame=15440 faces=0
[Entry-2] frame=15190 faces=0
[Entry-1] frame=14460 faces=1
[DEBUG] Prashant Kumar score=0.160
[DEBUG] Prashant Kumar score=0.160
[Entry-4] frame=15450 faces=0
[Entry-2] frame=15200 faces=0
[Entry-1] frame=14470 faces=1
[DEBUG] Prashant Kumar score=0.147
[DEBUG] Prashant Kumar score=0.147
[Entry-4] frame=15460 faces=0
[Entry-2] frame=15210 faces=0
[Entry-4] frame=15470 faces=0
[Entry-1] frame=14480 faces=1
[DEBUG] Aditya score=0.188
[DEBUG] Aditya score=0.188
[Entry-2] frame=15220 faces=0
[Entry-4] frame=15480 faces=0
[Entry-1] frame=14490 faces=1
[DEBUG] Aditya score=0.153
[DEBUG] Aditya score=0.153
[Entry-2] frame=15230 faces=0
[Entry-4] frame=15490 faces=0
[Entry-1] frame=14500 faces=1
[DEBUG] Meraj score=0.186
[DEBUG] Meraj score=0.186
[Entry-2] frame=15240 faces=0
[Entry-4] frame=15500 faces=0
[Entry-1] frame=14510 faces=1
[DEBUG] Prashant Kumar score=0.162
[DEBUG] Prashant Kumar score=0.162
[Entry-2] frame=15250 faces=0
[Entry-4] frame=15510 faces=0
[Entry-1] frame=14520 faces=1
[DEBUG] Kuldeep score=0.166
[DEBUG] Kuldeep score=0.166
[Entry-2] frame=15260 faces=0
[Entry-4] frame=15520 faces=0
[Entry-2] frame=15270 faces=0
[Entry-1] frame=14530 faces=1
[DEBUG] Meraj score=0.187
[DEBUG] Meraj score=0.187
[Entry-4] frame=15530 faces=0
[Entry-2] frame=15280 faces=0
[Entry-1] frame=14540 faces=1
[DEBUG] Meraj score=0.207
[DEBUG] Meraj score=0.207
[Entry-4] frame=15540 faces=0
[Entry-2] frame=15290 faces=0
[Entry-1] frame=14550 faces=1
[DEBUG] Meraj score=0.173
[DEBUG] Meraj score=0.173
[Entry-4] frame=15550 faces=1
[DEBUG] Amitabh Prajapati score=0.331
[DEBUG] Amitabh Prajapati score=0.331
[Entry-2] frame=15300 faces=0
[Entry-1] frame=14560 faces=1
[DEBUG] Satya  score=0.183
[DEBUG] Satya  score=0.183
[Entry-4] frame=15560 faces=0
[Entry-2] frame=15310 faces=0
[Entry-1] frame=14570 faces=1
[DEBUG] Neeraj  score=0.174
[DEBUG] Neeraj  score=0.174
[Entry-4] frame=15570 faces=0
[Entry-2] frame=15320 faces=0
[Entry-1] frame=14580 faces=1
[DEBUG] Neeraj  score=0.169
[DEBUG] Neeraj  score=0.169
[Entry-4] frame=15580 faces=0
[Entry-2] frame=15330 faces=0
[Entry-1] frame=14590 faces=1
[DEBUG] Neeraj  score=0.142
[DEBUG] Neeraj  score=0.142
[Entry-4] frame=15590 faces=0
[Entry-2] frame=15340 faces=0
[Entry-1] frame=14600 faces=1
[DEBUG] Prashant Kumar score=0.132
[DEBUG] Prashant Kumar score=0.132
[Entry-4] frame=15600 faces=0
[Entry-2] frame=15350 faces=0
[Entry-1] frame=14610 faces=1
[DEBUG] Aditya score=0.084
[DEBUG] Aditya score=0.084
[Entry-4] frame=15610 faces=0
[Entry-2] frame=15360 faces=0
[Entry-1] frame=14620 faces=1
[DEBUG] Meraj score=0.122
[DEBUG] Meraj score=0.122
[Entry-4] frame=15620 faces=0
[Entry-2] frame=15370 faces=0
[Entry-4] frame=15630 faces=0
[Entry-1] frame=14630 faces=1
[DEBUG] Prashant Kumar score=0.089
[DEBUG] Prashant Kumar score=0.089
[Entry-2] frame=15380 faces=0
[Entry-4] frame=15640 faces=0
[Entry-1] frame=14640 faces=1
[DEBUG] Meraj score=0.101
[DEBUG] Meraj score=0.101
[Entry-2] frame=15390 faces=0
[Entry-4] frame=15650 faces=0
[Entry-1] frame=14650 faces=1
[DEBUG] Neeraj  score=0.085
[DEBUG] Neeraj  score=0.085
[Entry-2] frame=15400 faces=0
[Entry-4] frame=15660 faces=0
[Entry-1] frame=14660 faces=0
[Entry-2] frame=15410 faces=0
[Entry-4] frame=15670 faces=0
[Entry-1] frame=14670 faces=0
[Entry-2] frame=15420 faces=0
[Entry-4] frame=15680 faces=0
[Entry-1] frame=14680 faces=0
[Entry-2] frame=15430 faces=0
[Entry-4] frame=15690 faces=0
[Entry-1] frame=14690 faces=0
[Entry-2] frame=15440 faces=0
[Entry-4] frame=15700 faces=0
[Entry-1] frame=14700 faces=0
[Entry-2] frame=15450 faces=0
[Entry-4] frame=15710 faces=0
[Entry-1] frame=14710 faces=0
[Entry-2] frame=15460 faces=1
[DEBUG] Meraj score=0.153
[DEBUG] Meraj score=0.153
[Entry-4] frame=15720 faces=0
[Entry-1] frame=14720 faces=1
[DEBUG] Aditya score=0.142
[DEBUG] Aditya score=0.142
[Entry-2] frame=15470 faces=1
[DEBUG] Prashant Kumar score=0.156
[DEBUG] Prashant Kumar score=0.156
[Entry-4] frame=15730 faces=0
[Entry-1] frame=14730 faces=1
[DEBUG] Meraj score=0.155
[DEBUG] Meraj score=0.155
[Entry-2] frame=15480 faces=0
[Entry-4] frame=15740 faces=0
[Entry-1] frame=14740 faces=1
[DEBUG] Prashant Kumar score=0.056
[DEBUG] Prashant Kumar score=0.056
[Entry-2] frame=15490 faces=1
[DEBUG] Ravi Shankar score=0.088
[DEBUG] Ravi Shankar score=0.088
[Entry-4] frame=15750 faces=0
[Entry-1] frame=14750 faces=1
[DEBUG] Meraj score=0.150
[DEBUG] Meraj score=0.150
[Entry-2] frame=15500 faces=1
[DEBUG] Kajal score=0.060
[DEBUG] Kajal score=0.060
[Entry-4] frame=15760 faces=0
[Entry-1] frame=14760 faces=1
[DEBUG] Neeraj  score=0.156
[DEBUG] Neeraj  score=0.156
[Entry-2] frame=15510 faces=1
[DEBUG] Prashant Kumar score=0.031
[DEBUG] Prashant Kumar score=0.031
[Entry-4] frame=15770 faces=0
[Entry-1] frame=14770 faces=1
[DEBUG] Meraj score=0.106
[DEBUG] Meraj score=0.106
[Entry-2] frame=15520 faces=0
[Entry-4] frame=15780 faces=0
[Entry-1] frame=14780 faces=0
[Entry-2] frame=15530 faces=0
[Entry-4] frame=15790 faces=0
[Entry-1] frame=14790 faces=0
[Entry-2] frame=15540 faces=0
[Entry-4] frame=15800 faces=0
[Entry-1] frame=14800 faces=0
[Entry-2] frame=15550 faces=0
[Entry-4] frame=15810 faces=0
[Entry-1] frame=14810 faces=0
[Entry-2] frame=15560 faces=0
[Entry-4] frame=15820 faces=0
[Entry-1] frame=14820 faces=0
[Entry-2] frame=15570 faces=0
[Entry-4] frame=15830 faces=0
[Entry-1] frame=14830 faces=1
[DEBUG] Rajan score=0.120
[DEBUG] Rajan score=0.120
[Entry-2] frame=15580 faces=0
[Entry-4] frame=15840 faces=0
[Entry-2] frame=15590 faces=0
[Entry-1] frame=14840 faces=1
[DEBUG] Rajan score=0.037
[DEBUG] Rajan score=0.037
[Entry-4] frame=15850 faces=0
[Entry-2] frame=15600 faces=0
[Entry-1] frame=14850 faces=1
[DEBUG] Praveen score=0.061
[DEBUG] Praveen score=0.061
[Entry-4] frame=15860 faces=0
[Entry-2] frame=15610 faces=0
[Entry-1] frame=14860 faces=0
[Entry-4] frame=15870 faces=0
[Entry-2] frame=15620 faces=0
[Entry-1] frame=14870 faces=0
[Entry-4] frame=15880 faces=0
[Entry-2] frame=15630 faces=0
[Entry-1] frame=14880 faces=1
[DEBUG] Aakash score=0.057
[DEBUG] Aakash score=0.057
[Entry-4] frame=15890 faces=0
[Entry-2] frame=15640 faces=0
[Entry-1] frame=14890 faces=1
[DEBUG] Rajan score=0.080
[DEBUG] Rajan score=0.080
[Entry-4] frame=15900 faces=0
[Entry-2] frame=15650 faces=0
[Entry-4] frame=15910 faces=0
[Entry-1] frame=14900 faces=1
[DEBUG] Aditya score=0.141
[DEBUG] Aditya score=0.141
[Entry-2] frame=15660 faces=0
[Entry-4] frame=15920 faces=0
[Entry-1] frame=14910 faces=0
[Entry-2] frame=15670 faces=0
[Entry-4] frame=15930 faces=0
[Entry-1] frame=14920 faces=1
[DEBUG] Prashant Kumar score=0.175
[DEBUG] Prashant Kumar score=0.175
[Entry-2] frame=15680 faces=0
[Entry-4] frame=15940 faces=0
[Entry-1] frame=14930 faces=0
[Entry-2] frame=15690 faces=0
[Entry-4] frame=15950 faces=0
[Entry-1] frame=14940 faces=1
[DEBUG] Rajan score=0.079
[DEBUG] Rajan score=0.079
[Entry-2] frame=15700 faces=0
[Entry-4] frame=15960 faces=0
[Entry-1] frame=14950 faces=1
[DEBUG] Aakash score=0.076
[DEBUG] Aakash score=0.076
[Entry-2] frame=15710 faces=0
[Entry-4] frame=15970 faces=0
[Entry-1] frame=14960 faces=1
[DEBUG] Meraj score=0.193
[DEBUG] Meraj score=0.193
[Entry-2] frame=15720 faces=0
[Entry-4] frame=15980 faces=0
[Entry-1] frame=14970 faces=1
[DEBUG] Meraj score=0.162
[DEBUG] Meraj score=0.162
[Entry-2] frame=15730 faces=0
[Entry-4] frame=15990 faces=0
[Entry-1] frame=14980 faces=1
[DEBUG] Neeraj  score=0.135
[DEBUG] Neeraj  score=0.135
[Entry-2] frame=15740 faces=0
[Entry-4] frame=16000 faces=0
[Entry-1] frame=14990 faces=1
[DEBUG] Meraj score=0.145
[DEBUG] Meraj score=0.145
[Entry-2] frame=15750 faces=0
[Entry-4] frame=16010 faces=0
[Entry-2] frame=15760 faces=0
[Entry-1] frame=15000 faces=1
[DEBUG] Meraj score=0.234
[DEBUG] Meraj score=0.234
[Entry-4] frame=16020 faces=0
[Entry-2] frame=15770 faces=0
[Entry-1] frame=15010 faces=1
[DEBUG] Aakash score=0.178
[DEBUG] Aakash score=0.178
[Entry-4] frame=16030 faces=0
[Entry-2] frame=15780 faces=0
[Entry-1] frame=15020 faces=0
[Entry-4] frame=16040 faces=0
[Entry-2] frame=15790 faces=0
[Entry-1] frame=15030 faces=0
[Entry-4] frame=16050 faces=0
[Entry-2] frame=15800 faces=0
[Entry-1] frame=15040 faces=1
[DEBUG] Rishu Kumar score=0.111
[DEBUG] Rishu Kumar score=0.111
[Entry-4] frame=16060 faces=0
[Entry-2] frame=15810 faces=0
[Entry-4] frame=16070 faces=0
[Entry-1] frame=15050 faces=1
[DEBUG] Kuldeep score=0.110
[DEBUG] Kuldeep score=0.110
[Entry-2] frame=15820 faces=0
[Entry-4] frame=16080 faces=0
[Entry-1] frame=15060 faces=1
[DEBUG] Kuldeep score=0.110
[DEBUG] Kuldeep score=0.110
[Entry-2] frame=15830 faces=0
[Entry-4] frame=16090 faces=0
[Entry-1] frame=15070 faces=1
[DEBUG] Kuldeep score=0.110
[DEBUG] Kuldeep score=0.110
[Entry-2] frame=15840 faces=0
[Entry-4] frame=16100 faces=0
[Entry-1] frame=15080 faces=1
[DEBUG] Kuldeep score=0.110
[DEBUG] Kuldeep score=0.110
[Entry-2] frame=15850 faces=0
[Entry-4] frame=16110 faces=0
[Entry-1] frame=15090 faces=1
[DEBUG] Kuldeep score=0.110
[DEBUG] Kuldeep score=0.110
[Entry-2] frame=15860 faces=0
[Entry-4] frame=16120 faces=0
[Entry-1] frame=15100 faces=1
[DEBUG] Kuldeep score=0.110
[DEBUG] Kuldeep score=0.110
[Entry-2] frame=15870 faces=0
[Entry-4] frame=16130 faces=0
[Entry-2] frame=15880 faces=0
[Entry-1] frame=15110 faces=1
[DEBUG] Aditya score=0.128
[DEBUG] Aditya score=0.128
[Entry-4] frame=16140 faces=0
[Entry-2] frame=15890 faces=0
[Entry-4] frame=16150 faces=0
[Entry-1] frame=15120 faces=1
[DEBUG] Prashant Kumar score=0.146
[DEBUG] Prashant Kumar score=0.146
[Entry-2] frame=15900 faces=0
[Entry-4] frame=16160 faces=0
[Entry-1] frame=15130 faces=1
[DEBUG] Neeraj  score=0.127
[DEBUG] Neeraj  score=0.127
[Entry-2] frame=15910 faces=0
[Entry-4] frame=16170 faces=0
[Entry-1] frame=15140 faces=1
[DEBUG] Prashant Kumar score=0.151
[DEBUG] Prashant Kumar score=0.151
[Entry-2] frame=15920 faces=0
[Entry-4] frame=16180 faces=0
[Entry-1] frame=15150 faces=1
[DEBUG] Aditya score=0.193
[DEBUG] Aditya score=0.193
[Entry-2] frame=15930 faces=0
[Entry-4] frame=16190 faces=0
[Entry-1] frame=15160 faces=0
[Entry-2] frame=15940 faces=0
[Entry-4] frame=16200 faces=0
[Entry-1] frame=15170 faces=0
[Entry-2] frame=15950 faces=0
[Entry-4] frame=16210 faces=0
[Entry-1] frame=15180 faces=1
[DEBUG] Aditya score=0.180
[DEBUG] Aditya score=0.180
[Entry-2] frame=15960 faces=0
[Entry-4] frame=16220 faces=0
[Entry-1] frame=15190 faces=1
[DEBUG] Aditya score=0.148
[DEBUG] Aditya score=0.148
[Entry-2] frame=15970 faces=0
[Entry-4] frame=16230 faces=0
[Entry-1] frame=15200 faces=1
[DEBUG] Meraj score=0.122
[DEBUG] Meraj score=0.122
[Entry-2] frame=15980 faces=0
[Entry-4] frame=16240 faces=0
[Entry-1] frame=15210 faces=0
[Entry-2] frame=15990 faces=0
[Entry-4] frame=16250 faces=0
[Entry-1] frame=15220 faces=1
[DEBUG] Neeraj  score=0.177
[DEBUG] Neeraj  score=0.177
[Entry-2] frame=16000 faces=0
[Entry-4] frame=16260 faces=0
[Entry-2] frame=16010 faces=0
[Entry-1] frame=15230 faces=1
[DEBUG] Meraj score=0.181
[DEBUG] Meraj score=0.181
[Entry-4] frame=16270 faces=0
[Entry-2] frame=16020 faces=0
[Entry-1] frame=15240 faces=1
[DEBUG] Aakash score=0.151
[DEBUG] Aakash score=0.151
[Entry-4] frame=16280 faces=0
[Entry-2] frame=16030 faces=0
[Entry-1] frame=15250 faces=1
[DEBUG] Aakash score=0.142
[DEBUG] Aakash score=0.142
[Entry-4] frame=16290 faces=0
[Entry-2] frame=16040 faces=0
[Entry-4] frame=16300 faces=0
[Entry-1] frame=15260 faces=1
[DEBUG] Meraj score=0.166
[DEBUG] Meraj score=0.166
[Entry-2] frame=16050 faces=0
[Entry-4] frame=16310 faces=0
[Entry-1] frame=15270 faces=1
[DEBUG] Meraj score=0.103
[DEBUG] Meraj score=0.103
[Entry-2] frame=16060 faces=0
[Entry-4] frame=16320 faces=0
[Entry-1] frame=15280 faces=1
[DEBUG] Aakash score=0.121
[DEBUG] Aakash score=0.121
[Entry-2] frame=16070 faces=0
[Entry-4] frame=16330 faces=0
[Entry-1] frame=15290 faces=1
[DEBUG] Prashant Kumar score=0.158
[DEBUG] Prashant Kumar score=0.158
[Entry-2] frame=16080 faces=0
[Entry-4] frame=16340 faces=0
[Entry-1] frame=15300 faces=1
[DEBUG] Meraj score=0.191
[DEBUG] Meraj score=0.191
[Entry-2] frame=16090 faces=0
[Entry-4] frame=16350 faces=0
[Entry-1] frame=15310 faces=1
[DEBUG] Prashant Kumar score=0.163
[DEBUG] Prashant Kumar score=0.163
[Entry-2] frame=16100 faces=0
[Entry-4] frame=16360 faces=0
[Entry-1] frame=15320 faces=1
[DEBUG] Meraj score=0.118
[DEBUG] Meraj score=0.118
[Entry-2] frame=16110 faces=0
[Entry-4] frame=16370 faces=0
[Entry-1] frame=15330 faces=1
[DEBUG] Neeraj  score=0.072
[DEBUG] Neeraj  score=0.072
[Entry-2] frame=16120 faces=0
[Entry-4] frame=16380 faces=1
[DEBUG] Neeraj  score=0.081
[DEBUG] Neeraj  score=0.081
[Entry-1] frame=15340 faces=1
[DEBUG] Aakash score=0.153
[DEBUG] Aakash score=0.153
[Entry-2] frame=16130 faces=0
[Entry-4] frame=16390 faces=1
[DEBUG] Amitabh Prajapati score=0.220
[DEBUG] Amitabh Prajapati score=0.220
[Entry-1] frame=15350 faces=1
[DEBUG] Aditya score=0.117
[DEBUG] Aditya score=0.117
[Entry-2] frame=16140 faces=0
[Entry-4] frame=16400 faces=0
[Entry-2] frame=16150 faces=0
[Entry-1] frame=15360 faces=1
[DEBUG] Meraj score=0.133
[DEBUG] Meraj score=0.133
[Entry-4] frame=16410 faces=0
[Entry-2] frame=16160 faces=0
[Entry-1] frame=15370 faces=1
[DEBUG] Prashant Kumar score=0.050
[DEBUG] Prashant Kumar score=0.050
[Entry-4] frame=16420 faces=0
[Entry-2] frame=16170 faces=1
[DEBUG] Amitabh Prajapati score=0.353
[DEBUG] Amitabh Prajapati score=0.353
[Entry-1] frame=15380 faces=1
[DEBUG] Meraj score=0.086
[DEBUG] Meraj score=0.086
[Entry-4] frame=16430 faces=0
[Entry-2] frame=16180 faces=1
[DEBUG] Amitabh Prajapati score=0.258
[DEBUG] Amitabh Prajapati score=0.258
[Entry-1] frame=15390 faces=0
[Entry-4] frame=16440 faces=0
[Entry-2] frame=16190 faces=0
[Entry-1] frame=15400 faces=0
[Entry-4] frame=16450 faces=0
[Entry-2] frame=16200 faces=0
[Entry-1] frame=15410 faces=0
[Entry-4] frame=16460 faces=0
[Entry-2] frame=16210 faces=0
[Entry-1] frame=15420 faces=1
[DEBUG] Ravi Shankar score=0.061
[DEBUG] Ravi Shankar score=0.061
[Entry-4] frame=16470 faces=0
[Entry-2] frame=16220 faces=0
[Entry-1] frame=15430 faces=1
[DEBUG] Meraj score=0.087
[DEBUG] Meraj score=0.087
[Entry-4] frame=16480 faces=0
[Entry-2] frame=16230 faces=0
[Entry-4] frame=16490 faces=0
[Entry-1] frame=15440 faces=1
[DEBUG] Meraj score=0.201
[DEBUG] Meraj score=0.201
[Entry-2] frame=16240 faces=0
[Entry-1] frame=15450 faces=0[Entry-4] frame=16500 faces=0

[Entry-2] frame=16250 faces=0
[Entry-4] frame=16510 faces=0
[Entry-1] frame=15460 faces=0
[Entry-2] frame=16260 faces=1
[DEBUG] Amitabh Prajapati score=0.406
[DEBUG] Amitabh Prajapati score=0.406
[Entry-1] frame=15470 faces=0
[Entry-4] frame=16520 faces=0
[Entry-2] frame=16270 faces=0
[Entry-4] frame=16530 faces=0
[Entry-1] frame=15480 faces=1
[DEBUG] Meraj score=0.222
[DEBUG] Meraj score=0.222
[Entry-2] frame=16280 faces=1
[DEBUG] Amitabh Prajapati score=0.466
[DEBUG] Amitabh Prajapati score=0.466
[Entry-4] frame=16540 faces=0
[Entry-1] frame=15490 faces=1
[DEBUG] Aditya score=0.188
[DEBUG] Aditya score=0.188
[Entry-2] frame=16290 faces=1
[DEBUG] Amitabh Prajapati score=0.223
[DEBUG] Amitabh Prajapati score=0.223
[Entry-4] frame=16550 faces=0
[Entry-1] frame=15500 faces=1
[DEBUG] Aakash score=0.148
[DEBUG] Aakash score=0.148
[Entry-4] frame=16560 faces=0
[Entry-2] frame=16300 faces=1
[DEBUG] Neeraj  score=0.078
[DEBUG] Neeraj  score=0.078
[Entry-1] frame=15510 faces=1
[DEBUG] Rajan score=0.133
[DEBUG] Rajan score=0.133
[Entry-4] frame=16570 faces=0
[Entry-2] frame=16310 faces=1
[DEBUG] Meraj score=0.100
[DEBUG] Meraj score=0.100
[Entry-1] frame=15520 faces=1
[DEBUG] Neeraj  score=0.202
[DEBUG] Neeraj  score=0.202
[Entry-4] frame=16580 faces=0
[Entry-2] frame=16320 faces=1
[DEBUG] Prashant Kumar score=0.084
[DEBUG] Prashant Kumar score=0.084
[Entry-1] frame=15530 faces=1
[DEBUG] Meraj score=0.104
[DEBUG] Meraj score=0.104
[Entry-4] frame=16590 faces=0
[Entry-2] frame=16330 faces=0
[Entry-1] frame=15540 faces=1
[DEBUG] Rajan score=0.137
[DEBUG] Rajan score=0.137
[Entry-4] frame=16600 faces=0
[Entry-2] frame=16340 faces=0
[Entry-1] frame=15550 faces=0
[Entry-4] frame=16610 faces=0
[Entry-2] frame=16350 faces=0
[Entry-1] frame=15560 faces=1
[DEBUG] Neeraj  score=0.224
[DEBUG] Neeraj  score=0.224
[Entry-4] frame=16620 faces=0
[Entry-2] frame=16360 faces=0
[Entry-1] frame=15570 faces=1
[DEBUG] Prashant Kumar score=0.161
[DEBUG] Prashant Kumar score=0.161
[Entry-4] frame=16630 faces=0
[Entry-2] frame=16370 faces=0
[Entry-1] frame=15580 faces=1
[DEBUG] Prashant Kumar score=0.179
[DEBUG] Prashant Kumar score=0.179
[Entry-4] frame=16640 faces=0
[Entry-2] frame=16380 faces=0
[Entry-1] frame=15590 faces=1
[DEBUG] Prashant Kumar score=0.178
[DEBUG] Prashant Kumar score=0.178
[Entry-4] frame=16650 faces=0
[Entry-2] frame=16390 faces=0
[Entry-1] frame=15600 faces=0
[Entry-4] frame=16660 faces=0
[Entry-2] frame=16400 faces=0
[Entry-1] frame=15610 faces=1
[DEBUG] Aakash score=0.121
[DEBUG] Aakash score=0.121
[Entry-4] frame=16670 faces=0
[Entry-2] frame=16410 faces=0
[Entry-1] frame=15620 faces=1
[DEBUG] Neeraj  score=0.112
[DEBUG] Neeraj  score=0.112
[Entry-4] frame=16680 faces=0
[Entry-2] frame=16420 faces=0
[Entry-1] frame=15630 faces=0
[Entry-4] frame=16690 faces=0
[Entry-2] frame=16430 faces=0
[Entry-1] frame=15640 faces=0
[Entry-4] frame=16700 faces=0
[Entry-2] frame=16440 faces=1
[DEBUG] Ravi Shankar score=0.155
[DEBUG] Ravi Shankar score=0.155
[Entry-1] frame=15650 faces=0
[Entry-4] frame=16710 faces=0
[Entry-2] frame=16450 faces=0
[Entry-1] frame=15660 faces=0
[Entry-4] frame=16720 faces=0
[Entry-2] frame=16460 faces=1
[DEBUG] Meraj score=0.082
[DEBUG] Meraj score=0.082
[Entry-4] frame=16730 faces=0
[Entry-1] frame=15670 faces=1
[DEBUG] Rajan score=0.081
[DEBUG] Rajan score=0.081
[Entry-2] frame=16470 faces=1
[DEBUG] Prashant Kumar score=0.066
[DEBUG] Prashant Kumar score=0.066
[Entry-1] frame=15680 faces=0
[Entry-4] frame=16740 faces=0
[Entry-2] frame=16480 faces=1
[DEBUG] Ravi Shankar score=0.027
[DEBUG] Ravi Shankar score=0.027
[Entry-4] frame=16750 faces=0
[Entry-1] frame=15690 faces=1
[DEBUG] Meraj score=0.184
[DEBUG] Meraj score=0.184
[Entry-2] frame=16490 faces=0
[Entry-4] frame=16760 faces=0
[Entry-1] frame=15700 faces=0
[Entry-2] frame=16500 faces=0
[Entry-4] frame=16770 faces=0
[Entry-1] frame=15710 faces=1
[DEBUG] Meraj score=0.073
[DEBUG] Meraj score=0.073
[Entry-2] frame=16510 faces=0
[Entry-4] frame=16780 faces=0
[Entry-1] frame=15720 faces=0
[Entry-2] frame=16520 faces=0
[Entry-4] frame=16790 faces=0
[Entry-1] frame=15730 faces=1
[DEBUG] Amitabh Prajapati score=0.059
[DEBUG] Amitabh Prajapati score=0.059
[Entry-2] frame=16530 faces=0
[Entry-4] frame=16800 faces=0
[Entry-1] frame=15740 faces=1
[DEBUG] Rajan score=0.079
[DEBUG] Rajan score=0.079
[Entry-2] frame=16540 faces=0
[Entry-4] frame=16810 faces=0
[Entry-1] frame=15750 faces=1
[DEBUG] Rajan score=0.070
[DEBUG] Rajan score=0.070
[Entry-2] frame=16550 faces=1
[DEBUG] Amitabh Prajapati score=0.214
[DEBUG] Amitabh Prajapati score=0.214
[Entry-4] frame=16820 faces=0
[Entry-1] frame=15760 faces=1
[DEBUG] Rajan score=0.062
[DEBUG] Rajan score=0.062
[Entry-2] frame=16560 faces=0
[Entry-4] frame=16830 faces=0
[Entry-1] frame=15770 faces=1
[DEBUG] Rajan score=0.039
[DEBUG] Rajan score=0.039
[Entry-2] frame=16570 faces=0
[Entry-4] frame=16840 faces=0
[Entry-1] frame=15780 faces=1
[DEBUG] Rajan score=0.053
[DEBUG] Rajan score=0.053
[Entry-2] frame=16580 faces=1
[DEBUG] Ravi Shankar score=0.144
[DEBUG] Ravi Shankar score=0.144
[Entry-4] frame=16850 faces=0
[Entry-1] frame=15790 faces=1
[DEBUG] Ravi Shankar score=0.046
[DEBUG] Ravi Shankar score=0.046
[Entry-2] frame=16590 faces=1
[DEBUG] Ravi Shankar score=0.161
[DEBUG] Ravi Shankar score=0.161
[Entry-4] frame=16860 faces=0
[Entry-1] frame=15800 faces=1
[DEBUG] Meraj score=0.046
[DEBUG] Meraj score=0.046
[Entry-2] frame=16600 faces=1
[DEBUG] Ravi Shankar score=0.121
[DEBUG] Ravi Shankar score=0.121
[Entry-4] frame=16870 faces=0
[Entry-1] frame=15810 faces=1
[DEBUG] Prashant Kumar score=0.062
[DEBUG] Prashant Kumar score=0.062
[Entry-4] frame=16880 faces=0
[Entry-2] frame=16610 faces=1
[DEBUG] Amitabh Prajapati score=0.338
[DEBUG] Amitabh Prajapati score=0.338
[Entry-4] frame=16890 faces=0
[Entry-1] frame=15820 faces=1
[DEBUG] Aakash score=0.080
[DEBUG] Aakash score=0.080
[Entry-2] frame=16620 faces=1
[DEBUG] Ravi Shankar score=0.112
[DEBUG] Ravi Shankar score=0.112
[Entry-4] frame=16900 faces=0
[Entry-1] frame=15830 faces=0
[Entry-2] frame=16630 faces=1
[DEBUG] Amitabh Prajapati score=0.212
[DEBUG] Amitabh Prajapati score=0.212
[Entry-4] frame=16910 faces=0
[Entry-1] frame=15840 faces=0
[Entry-2] frame=16640 faces=1
[DEBUG] Amitabh Prajapati score=0.246
[DEBUG] Amitabh Prajapati score=0.246
[Entry-4] frame=16920 faces=0
[Entry-1] frame=15850 faces=0
[Entry-2] frame=16650 faces=1
[DEBUG] Amitabh Prajapati score=0.471
[DEBUG] Amitabh Prajapati score=0.471
[Entry-4] frame=16930 faces=0
[Entry-1] frame=15860 faces=0
[Entry-2] frame=16660 faces=0
[Entry-4] frame=16940 faces=0
[Entry-1] frame=15870 faces=0
[Entry-2] frame=16670 faces=0
[Entry-4] frame=16950 faces=0
[Entry-1] frame=15880 faces=1
[DEBUG] Rajan score=0.051
[DEBUG] Rajan score=0.051
[Entry-2] frame=16680 faces=0
[Entry-4] frame=16960 faces=0
[Entry-1] frame=15890 faces=0
[Entry-2] frame=16690 faces=1
[DEBUG] Amitabh Prajapati score=0.451
[DEBUG] Amitabh Prajapati score=0.451
[Entry-4] frame=16970 faces=0
[Entry-1] frame=15900 faces=1
[DEBUG] Rajan score=0.052
[DEBUG] Rajan score=0.052
[Entry-2] frame=16700 faces=1
[DEBUG] Amitabh Prajapati score=0.539
[DEBUG] Amitabh Prajapati score=0.539
[Entry-4] frame=16980 faces=0
[Entry-1] frame=15910 faces=1
[DEBUG] Ravi Shankar score=0.121
[DEBUG] Ravi Shankar score=0.121
[Entry-2] frame=16710 faces=1
[DEBUG] Amitabh Prajapati score=0.120
[DEBUG] Amitabh Prajapati score=0.120
[Entry-4] frame=16990 faces=0
[Entry-1] frame=15920 faces=0
[Entry-2] frame=16720 faces=1
[DEBUG] Amitabh Prajapati score=0.403
[DEBUG] Amitabh Prajapati score=0.403
[Entry-4] frame=17000 faces=0
[Entry-1] frame=15930 faces=0
[Entry-2] frame=16730 faces=1
[DEBUG] Amitabh Prajapati score=0.433
[DEBUG] Amitabh Prajapati score=0.433
[Entry-4] frame=17010 faces=0
[Entry-1] frame=15940 faces=1
[DEBUG] Rishu Kumar score=0.129
[DEBUG] Rishu Kumar score=0.129
[Entry-2] frame=16740 faces=0
[Entry-4] frame=17020 faces=0
[Entry-1] frame=15950 faces=1
[DEBUG] Kuldeep score=0.179
[DEBUG] Kuldeep score=0.179
[Entry-2] frame=16750 faces=1
[DEBUG] Ravi Shankar score=0.040
[DEBUG] Ravi Shankar score=0.040
[Entry-4] frame=17030 faces=0
[Entry-1] frame=15960 faces=1
[DEBUG] Meraj score=0.159
[DEBUG] Meraj score=0.159
[Entry-2] frame=16760 faces=0
[Entry-4] frame=17040 faces=0
[Entry-1] frame=15970 faces=1
[DEBUG] Neeraj  score=0.069
[DEBUG] Neeraj  score=0.069
[Entry-2] frame=16770 faces=0
[Entry-4] frame=17050 faces=1
[DEBUG] Praveen score=0.322
[DEBUG] Praveen score=0.322
[Entry-1] frame=15980 faces=0
[Entry-2] frame=16780 faces=0
[Entry-4] frame=17060 faces=1
[DEBUG] Praveen score=0.303
[DEBUG] Praveen score=0.303
[Entry-1] frame=15990 faces=1
[DEBUG] Prashant Kumar score=0.076
[DEBUG] Prashant Kumar score=0.076
[Entry-2] frame=16790 faces=1
[DEBUG] Amitabh Prajapati score=0.386
[DEBUG] Amitabh Prajapati score=0.386
[Entry-4] frame=17070 faces=0
[Entry-1] frame=16000 faces=1
[DEBUG] Aakash score=0.101
[DEBUG] Aakash score=0.101
[Entry-2] frame=16800 faces=1
[DEBUG] Amitabh Prajapati score=0.217
[DEBUG] Amitabh Prajapati score=0.217
[Entry-4] frame=17080 faces=0
[Entry-1] frame=16010 faces=1
[DEBUG] Meraj score=0.075
[DEBUG] Meraj score=0.075
[Entry-2] frame=16810 faces=0
[Entry-4] frame=17090 faces=0
[Entry-1] frame=16020 faces=1
[DEBUG] Meraj score=0.130
[DEBUG] Meraj score=0.130
[Entry-2] frame=16820 faces=1
[DEBUG] Praveen score=0.156
[DEBUG] Praveen score=0.156
[Entry-4] frame=17100 faces=0
[Entry-1] frame=16030 faces=1
[DEBUG] Meraj score=0.132
[DEBUG] Meraj score=0.132
[Entry-2] frame=16830 faces=0
[Entry-4] frame=17110 faces=0
[Entry-2] frame=16840 faces=0
[Entry-1] frame=16040 faces=1
[DEBUG] Meraj score=0.124
[DEBUG] Meraj score=0.124
[Entry-4] frame=17120 faces=0
[Entry-2] frame=16850 faces=1
[DEBUG] Amitabh Prajapati score=0.364
[DEBUG] Amitabh Prajapati score=0.364
[Entry-4] frame=17130 faces=0
[Entry-1] frame=16050 faces=1
[DEBUG] Meraj score=0.177
[DEBUG] Meraj score=0.177
[Entry-2] frame=16860 faces=0
[Entry-4] frame=17140 faces=0
[Entry-1] frame=16060 faces=1
[DEBUG] Meraj score=0.223
[DEBUG] Meraj score=0.223
[Entry-2] frame=16870 faces=1
[DEBUG] Praveen score=0.116
[DEBUG] Praveen score=0.116
[Entry-4] frame=17150 faces=1
[DEBUG] Praveen score=0.062
[DEBUG] Praveen score=0.062
[Entry-1] frame=16070 faces=1
[DEBUG] Rajan score=0.138
[DEBUG] Rajan score=0.138
[Entry-2] frame=16880 faces=1
[DEBUG] Praveen score=0.183
[DEBUG] Praveen score=0.183
[Entry-4] frame=17160 faces=0
[Entry-1] frame=16080 faces=1
[DEBUG] Aditya score=0.151
[DEBUG] Aditya score=0.151
[Entry-2] frame=16890 faces=0
[Entry-4] frame=17170 faces=0
[Entry-1] frame=16090 faces=1
[DEBUG] Aditya score=0.124
[DEBUG] Aditya score=0.124
[Entry-2] frame=16900 faces=0
[Entry-4] frame=17180 faces=0
[Entry-1] frame=16100 faces=1
[DEBUG] Aditya score=0.147
[DEBUG] Aditya score=0.147
[Entry-4] frame=17190 faces=0
[Entry-2] frame=16910 faces=1
[DEBUG] Prashant Kumar score=0.036
[DEBUG] Prashant Kumar score=0.036
[Entry-1] frame=16110 faces=1
[DEBUG] Meraj score=0.110
[DEBUG] Meraj score=0.110
[Entry-4] frame=17200 faces=0
[Entry-2] frame=16920 faces=2
[DEBUG] Amitabh Prajapati score=0.121
[DEBUG] Amitabh Prajapati score=0.121
[DEBUG] Meraj score=0.251
[DEBUG] Meraj score=0.251
[Entry-1] frame=16120 faces=1
[DEBUG] Prashant Kumar score=0.130
[DEBUG] Prashant Kumar score=0.130
[Entry-4] frame=17210 faces=0
[Entry-1] frame=16130 faces=1
[DEBUG] Aditya score=0.095
[DEBUG] Aditya score=0.095
[Entry-2] frame=16930 faces=3
[DEBUG] Meraj score=0.154
[DEBUG] Meraj score=0.154
[DEBUG] Praveen score=0.225
[DEBUG] Praveen score=0.225
[DEBUG] Praveen score=0.189
[DEBUG] Praveen score=0.189
[Entry-4] frame=17220 faces=0
[Entry-1] frame=16140 faces=1
[DEBUG] Aakash score=0.072
[DEBUG] Aakash score=0.072
[Entry-2] frame=16940 faces=2
[DEBUG] Meraj score=0.466
[DEBUG] Meraj score=0.466
[DEBUG] Amitabh Prajapati score=0.437
[DEBUG] Amitabh Prajapati score=0.437
[Entry-4] frame=17230 faces=0
[Entry-1] frame=16150 faces=1
[DEBUG] Aditya score=0.105
[DEBUG] Aditya score=0.105
[Entry-4] frame=17240 faces=0
[Entry-2] frame=16950 faces=3
[DEBUG] Meraj score=0.454
[DEBUG] Meraj score=0.454
[DEBUG] Amitabh Prajapati score=0.157
[DEBUG] Amitabh Prajapati score=0.157
[DEBUG] Rishu Kumar score=0.136
[DEBUG] Rishu Kumar score=0.136
[Entry-1] frame=16160 faces=1
[DEBUG] Meraj score=0.195
[DEBUG] Meraj score=0.195
[Entry-4] frame=17250 faces=0
[Entry-2] frame=16960 faces=2
[DEBUG] Praveen score=0.494
[DEBUG] Praveen score=0.494
[DEBUG] Ravi Shankar score=0.115
[DEBUG] Ravi Shankar score=0.115
[Entry-1] frame=16170 faces=0
[Entry-4] frame=17260 faces=0
[Entry-2] frame=16970 faces=3
[DEBUG] Meraj score=0.504
[DEBUG] Meraj score=0.504
[DEBUG] Praveen score=0.566
[DEBUG] Praveen score=0.566
[DEBUG] Amitabh Prajapati score=0.323
[DEBUG] Amitabh Prajapati score=0.323
[Entry-1] frame=16180 faces=0
[Entry-4] frame=17270 faces=0
[Entry-1] frame=16190 faces=0
[Entry-2] frame=16980 faces=3
[DEBUG] Praveen score=0.682
[DEBUG] Praveen score=0.682
[DEBUG] Meraj score=0.624
[DEBUG] Meraj score=0.624
[DEBUG] Amitabh Prajapati score=0.121
[DEBUG] Amitabh Prajapati score=0.121
[Entry-4] frame=17280 faces=0
[Entry-1] frame=16200 faces=1
[DEBUG] Aakash score=0.061
[DEBUG] Aakash score=0.061
[Entry-2] frame=16990 faces=1
[DEBUG] Praveen score=0.174
[DEBUG] Praveen score=0.174
[Entry-4] frame=17290 faces=0
[Entry-1] frame=16210 faces=0
[Entry-2] frame=17000 faces=0
[Entry-4] frame=17300 faces=0
[Entry-1] frame=16220 faces=1
[DEBUG] Prashant Kumar score=0.063
[DEBUG] Prashant Kumar score=0.063
[Entry-4] frame=17310 faces=0
[Entry-2] frame=17010 faces=1
[DEBUG] Amitabh Prajapati score=0.326
[DEBUG] Amitabh Prajapati score=0.326
[Entry-1] frame=16230 faces=1
[DEBUG] Meraj score=0.075
[DEBUG] Meraj score=0.075
[Entry-4] frame=17320 faces=0
[Entry-2] frame=17020 faces=2
[DEBUG] Amitabh Prajapati score=0.183
[DEBUG] Amitabh Prajapati score=0.183
[DEBUG] Meraj score=0.260
[DEBUG] Meraj score=0.260
[Entry-4] frame=17330 faces=0
[Entry-1] frame=16240 faces=1
[DEBUG] Aakash score=0.162
[DEBUG] Aakash score=0.162
[Entry-2] frame=17030 faces=1
[DEBUG] Meraj score=0.430
[DEBUG] Meraj score=0.430
[Entry-4] frame=17340 faces=0
[Entry-1] frame=16250 faces=1
[DEBUG] Aakash score=0.106
[DEBUG] Aakash score=0.106
[Entry-2] frame=17040 faces=1
[DEBUG] Meraj score=0.401
[DEBUG] Meraj score=0.401
[Entry-4] frame=17350 faces=0
[Entry-1] frame=16260 faces=1
[DEBUG] Meraj score=0.108
[DEBUG] Meraj score=0.108
[Entry-2] frame=17050 faces=1
[DEBUG] Meraj score=0.378
[DEBUG] Meraj score=0.378
[Entry-4] frame=17360 faces=0
[Entry-1] frame=16270 faces=0
[Entry-2] frame=17060 faces=2
[DEBUG] Amitabh Prajapati score=0.407
[DEBUG] Amitabh Prajapati score=0.407
[DEBUG] Meraj score=0.333
[DEBUG] Meraj score=0.333
[Entry-4] frame=17370 faces=0
[Entry-1] frame=16280 faces=1
[DEBUG] Rajan score=0.086
[DEBUG] Rajan score=0.086
[Entry-2] frame=17070 faces=1
[DEBUG] Amitabh Prajapati score=0.448
[DEBUG] Amitabh Prajapati score=0.448
[Entry-4] frame=17380 faces=0
[Entry-1] frame=16290 faces=0
[Entry-2] frame=17080 faces=2
[DEBUG] Amitabh Prajapati score=0.365
[DEBUG] Amitabh Prajapati score=0.365
[DEBUG] Meraj score=0.305
[DEBUG] Meraj score=0.305
[Entry-4] frame=17390 faces=0
[Entry-1] frame=16300 faces=0
[Entry-2] frame=17090 faces=1
[DEBUG] Amitabh Prajapati score=0.153
[DEBUG] Amitabh Prajapati score=0.153
[Entry-4] frame=17400 faces=0
[Entry-1] frame=16310 faces=0
[Entry-2] frame=17100 faces=0
[Entry-4] frame=17410 faces=0
[Entry-1] frame=16320 faces=0
[Entry-2] frame=17110 faces=1
[DEBUG] Amitabh Prajapati score=0.236
[DEBUG] Amitabh Prajapati score=0.236
[Entry-4] frame=17420 faces=0
[Entry-1] frame=16330 faces=0
[Entry-2] frame=17120 faces=0
[Entry-4] frame=17430 faces=0
[Entry-1] frame=16340 faces=0
[Entry-2] frame=17130 faces=0
[Entry-4] frame=17440 faces=0
[Entry-1] frame=16350 faces=1
[DEBUG] Meraj score=0.082
[DEBUG] Meraj score=0.082
[Entry-4] frame=17450 faces=0
[Entry-2] frame=17140 faces=1
[DEBUG] Ravi Shankar score=0.137
[DEBUG] Ravi Shankar score=0.137
[Entry-1] frame=16360 faces=1
[DEBUG] Prashant Kumar score=0.073
[DEBUG] Prashant Kumar score=0.073
[Entry-4] frame=17460 faces=0
[Entry-2] frame=17150 faces=0
[Entry-1] frame=16370 faces=0
[Entry-4] frame=17470 faces=0
[Entry-2] frame=17160 faces=0
[Entry-1] frame=16380 faces=1
[DEBUG] Meraj score=0.068
[DEBUG] Meraj score=0.068
[Entry-4] frame=17480 faces=0
[Entry-2] frame=17170 faces=1
[DEBUG] Amitabh Prajapati score=0.545
[DEBUG] Amitabh Prajapati score=0.545
[Entry-1] frame=16390 faces=1
[DEBUG] Meraj score=0.105
[DEBUG] Meraj score=0.105
[Entry-4] frame=17490 faces=0
[Entry-2] frame=17180 faces=1
[DEBUG] Amitabh Prajapati score=0.573
[DEBUG] Amitabh Prajapati score=0.573
[Entry-1] frame=16400 faces=0
[Entry-4] frame=17500 faces=0
[Entry-2] frame=17190 faces=1
[DEBUG] Amitabh Prajapati score=0.522
[DEBUG] Amitabh Prajapati score=0.522
[Entry-1] frame=16410 faces=0
[Entry-4] frame=17510 faces=0
[Entry-2] frame=17200 faces=1
[DEBUG] Amitabh Prajapati score=0.432
[DEBUG] Amitabh Prajapati score=0.432
[Entry-1] frame=16420 faces=0
[Entry-4] frame=17520 faces=0
[Entry-2] frame=17210 faces=1
[DEBUG] Amitabh Prajapati score=0.523
[DEBUG] Amitabh Prajapati score=0.523
[Entry-1] frame=16430 faces=0
[Entry-4] frame=17530 faces=0
[Entry-2] frame=17220 faces=1
[DEBUG] Amitabh Prajapati score=0.483
[DEBUG] Amitabh Prajapati score=0.483
[Entry-1] frame=16440 faces=0
[Entry-4] frame=17540 faces=0
[Entry-1] frame=16450 faces=0
[Entry-2] frame=17230 faces=1
[DEBUG] Amitabh Prajapati score=0.490
[DEBUG] Amitabh Prajapati score=0.490
[Entry-4] frame=17550 faces=0
[Entry-1] frame=16460 faces=1
[DEBUG] Rajan score=0.080
[DEBUG] Rajan score=0.080
[Entry-2] frame=17240 faces=1
[DEBUG] Amitabh Prajapati score=0.493
[DEBUG] Amitabh Prajapati score=0.493
[Entry-4] frame=17560 faces=0
[Entry-1] frame=16470 faces=1
[DEBUG] Aakash score=0.041
[DEBUG] Aakash score=0.041
[Entry-2] frame=17250 faces=1
[DEBUG] Amitabh Prajapati score=0.377
[DEBUG] Amitabh Prajapati score=0.377
[Entry-4] frame=17570 faces=0
[Entry-1] frame=16480 faces=1
[DEBUG] Rajan score=0.074
[DEBUG] Rajan score=0.074
[Entry-2] frame=17260 faces=1
[DEBUG] Amitabh Prajapati score=0.551
[DEBUG] Amitabh Prajapati score=0.551
[Entry-4] frame=17580 faces=0
[Entry-1] frame=16490 faces=1
[DEBUG] Meraj score=0.076
[DEBUG] Meraj score=0.076
[Entry-2] frame=17270 faces=1
[DEBUG] Amitabh Prajapati score=0.346
[DEBUG] Amitabh Prajapati score=0.346
[Entry-4] frame=17590 faces=0
[Entry-1] frame=16500 faces=1
[DEBUG] Meraj score=0.160
[DEBUG] Meraj score=0.160
[Entry-2] frame=17280 faces=1
[DEBUG] Amitabh Prajapati score=0.468
[DEBUG] Amitabh Prajapati score=0.468
[Entry-4] frame=17600 faces=0
[Entry-1] frame=16510 faces=1
[DEBUG] Prashant Kumar score=0.090
[DEBUG] Prashant Kumar score=0.090
[Entry-2] frame=17290 faces=1
[DEBUG] Amitabh Prajapati score=0.412
[DEBUG] Amitabh Prajapati score=0.412
[Entry-4] frame=17610 faces=1
[DEBUG] Praveen score=0.335
[DEBUG] Praveen score=0.335
[Entry-1] frame=16520 faces=1
[DEBUG] Prashant Kumar score=0.094
[DEBUG] Prashant Kumar score=0.094
[Entry-4] frame=17620 faces=0
[Entry-2] frame=17300 faces=1
[DEBUG] Meraj score=0.365
[DEBUG] Meraj score=0.365
[Entry-1] frame=16530 faces=1
[DEBUG] Meraj score=0.091
[DEBUG] Meraj score=0.091
[Entry-4] frame=17630 faces=0
[Entry-2] frame=17310 faces=1
[DEBUG] Amitabh Prajapati score=0.468
[DEBUG] Amitabh Prajapati score=0.468
[Entry-1] frame=16540 faces=1
[DEBUG] Meraj score=0.075
[DEBUG] Meraj score=0.075
[Entry-4] frame=17640 faces=0
[Entry-2] frame=17320 faces=1
[DEBUG] Amitabh Prajapati score=0.479
[DEBUG] Amitabh Prajapati score=0.479
[Entry-1] frame=16550 faces=0
[Entry-4] frame=17650 faces=0
[Entry-2] frame=17330 faces=0
[Entry-1] frame=16560 faces=1
[DEBUG] Aditya score=0.122
[DEBUG] Aditya score=0.122
[Entry-4] frame=17660 faces=1
[DEBUG] Neeraj  score=0.094
[DEBUG] Neeraj  score=0.094
[Entry-2] frame=17340 faces=0
[Entry-4] frame=17670 faces=0
[Entry-1] frame=16570 faces=1
[DEBUG] Aakash score=0.116
[DEBUG] Aakash score=0.116
[Entry-2] frame=17350 faces=0
[Entry-4] frame=17680 faces=0
[Entry-2] frame=17360 faces=0
[Entry-1] frame=16580 faces=1
[DEBUG] Meraj score=0.152
[DEBUG] Meraj score=0.152
[Entry-4] frame=17690 faces=0
[Entry-2] frame=17370 faces=0
[Entry-1] frame=16590 faces=1
[DEBUG] Neeraj  score=0.135
[DEBUG] Neeraj  score=0.135
[Entry-4] frame=17700 faces=0
[Entry-2] frame=17380 faces=0
[Entry-1] frame=16600 faces=0
[Entry-4] frame=17710 faces=0
[Entry-2] frame=17390 faces=0
[Entry-1] frame=16610 faces=0
[Entry-2] frame=17400 faces=0
[Entry-4] frame=17720 faces=1
[DEBUG] Praveen score=0.248
[DEBUG] Praveen score=0.248
[Entry-1] frame=16620 faces=1
[DEBUG] Meraj score=0.141
[DEBUG] Meraj score=0.141
[Entry-2] frame=17410 faces=0
[Entry-4] frame=17730 faces=0
[Entry-1] frame=16630 faces=0
[Entry-2] frame=17420 faces=0
[Entry-4] frame=17740 faces=0
[Entry-1] frame=16640 faces=1
[DEBUG] Neeraj  score=0.170
[DEBUG] Neeraj  score=0.170
[Entry-2] frame=17430 faces=0
[Entry-4] frame=17750 faces=0
[Entry-1] frame=16650 faces=1
[DEBUG] Prashant Kumar score=0.187
[DEBUG] Prashant Kumar score=0.187
[Entry-4] frame=17760 faces=0
[Entry-2] frame=17440 faces=1
[DEBUG] Praveen score=0.419
[DEBUG] Praveen score=0.419
[Entry-1] frame=16660 faces=1
[DEBUG] Aditya score=0.140
[DEBUG] Aditya score=0.140
[Entry-4] frame=17770 faces=0
[Entry-2] frame=17450 faces=1
[DEBUG] Praveen score=0.383
[DEBUG] Praveen score=0.383
[Entry-1] frame=16670 faces=1
[DEBUG] Meraj score=0.075
[DEBUG] Meraj score=0.075
[Entry-4] frame=17780 faces=0
[Entry-2] frame=17460 faces=0
[Entry-1] frame=16680 faces=0
[Entry-4] frame=17790 faces=0
[Entry-2] frame=17470 faces=0
[Entry-1] frame=16690 faces=1
[DEBUG] Neeraj  score=0.116
[DEBUG] Neeraj  score=0.116
[Entry-4] frame=17800 faces=0
[Entry-2] frame=17480 faces=0
[Entry-1] frame=16700 faces=1
[DEBUG] Meraj score=0.078
[DEBUG] Meraj score=0.078
[Entry-4] frame=17810 faces=0
[Entry-2] frame=17490 faces=0
[Entry-1] frame=16710 faces=1
[DEBUG] Neeraj  score=0.105
[DEBUG] Neeraj  score=0.105
[Entry-4] frame=17820 faces=0
[Entry-2] frame=17500 faces=0
[Entry-4] frame=17830 faces=0
[Entry-1] frame=16720 faces=1
[DEBUG] Neeraj  score=0.147
[DEBUG] Neeraj  score=0.147
[Entry-2] frame=17510 faces=0
[Entry-4] frame=17840 faces=0
[Entry-2] frame=17520 faces=0
[Entry-1] frame=16730 faces=1
[DEBUG] Neeraj  score=0.180
[DEBUG] Neeraj  score=0.180
[Entry-4] frame=17850 faces=0
[Entry-2] frame=17530 faces=0
[Entry-1] frame=16740 faces=1
[DEBUG] Neeraj  score=0.169
[DEBUG] Neeraj  score=0.169
[Entry-4] frame=17860 faces=0
[Entry-2] frame=17540 faces=0
[Entry-1] frame=16750 faces=1
[DEBUG] Neeraj  score=0.135
[DEBUG] Neeraj  score=0.135
[Entry-4] frame=17870 faces=0
[Entry-2] frame=17550 faces=1
[DEBUG] Amitabh Prajapati score=0.464
[DEBUG] Amitabh Prajapati score=0.464
[Entry-1] frame=16760 faces=1
[DEBUG] Aditya score=0.085
[DEBUG] Aditya score=0.085
[Entry-4] frame=17880 faces=0
[Entry-2] frame=17560 faces=0
[Entry-1] frame=16770 faces=1
[DEBUG] Rajan score=0.106
[DEBUG] Rajan score=0.106
[Entry-4] frame=17890 faces=0
[Entry-2] frame=17570 faces=1
[DEBUG] Neeraj  score=0.025
[DEBUG] Neeraj  score=0.025
[Entry-1] frame=16780 faces=1
[DEBUG] Prashant Kumar score=0.158
[DEBUG] Prashant Kumar score=0.158
[Entry-4] frame=17900 faces=0
[Entry-2] frame=17580 faces=0
[Entry-1] frame=16790 faces=1
[DEBUG] Prashant Kumar score=0.101
[DEBUG] Prashant Kumar score=0.101
[Entry-4] frame=17910 faces=0
[Entry-2] frame=17590 faces=0
[Entry-1] frame=16800 faces=1
[DEBUG] Aakash score=0.125
[DEBUG] Aakash score=0.125
[Entry-4] frame=17920 faces=0
[Entry-2] frame=17600 faces=0
[Entry-1] frame=16810 faces=1
[DEBUG] Neeraj  score=0.100
[DEBUG] Neeraj  score=0.100
[Entry-4] frame=17930 faces=0
[Entry-2] frame=17610 faces=0
[Entry-1] frame=16820 faces=1
[DEBUG] Meraj score=0.188
[DEBUG] Meraj score=0.188
[Entry-4] frame=17940 faces=0
[Entry-2] frame=17620 faces=0
[Entry-1] frame=16830 faces=1
[DEBUG] Prashant Kumar score=0.207
[DEBUG] Prashant Kumar score=0.207
[Entry-4] frame=17950 faces=0
[Entry-2] frame=17630 faces=0
[Entry-4] frame=17960 faces=0
[Entry-1] frame=16840 faces=1
[DEBUG] Aakash score=0.162
[DEBUG] Aakash score=0.162
[Entry-2] frame=17640 faces=0
[Entry-4] frame=17970 faces=0
[Entry-1] frame=16850 faces=0
[Entry-2] frame=17650 faces=0
[Entry-4] frame=17980 faces=0
[Entry-1] frame=16860 faces=1
[DEBUG] Prashant Kumar score=0.158
[DEBUG] Prashant Kumar score=0.158
[Entry-2] frame=17660 faces=0
[Entry-4] frame=17990 faces=0
[Entry-1] frame=16870 faces=1
[DEBUG] Aakash score=0.129
[DEBUG] Aakash score=0.129
[Entry-2] frame=17670 faces=0
[Entry-4] frame=18000 faces=0
[Entry-1] frame=16880 faces=1
[DEBUG] Prashant Kumar score=0.144
[DEBUG] Prashant Kumar score=0.144
[Entry-2] frame=17680 faces=1
[DEBUG] Praveen score=0.527
[DEBUG] Praveen score=0.527
[Entry-4] frame=18010 faces=0
[Entry-1] frame=16890 faces=1
[DEBUG] Aakash score=0.149
[DEBUG] Aakash score=0.149
[Entry-2] frame=17690 faces=0
[Entry-4] frame=18020 faces=0
[Entry-1] frame=16900 faces=0
[Entry-2] frame=17700 faces=1
[DEBUG] Praveen score=0.128
[DEBUG] Praveen score=0.128
[Entry-4] frame=18030 faces=0
[Entry-1] frame=16910 faces=0
[Entry-2] frame=17710 faces=0
[Entry-4] frame=18040 faces=0
[Entry-1] frame=16920 faces=0
[Entry-2] frame=17720 faces=2
[DEBUG] Ravi Shankar score=0.059
[DEBUG] Ravi Shankar score=0.059
[DEBUG] Praveen score=0.294
[DEBUG] Praveen score=0.294
[Entry-4] frame=18050 faces=0
[Entry-1] frame=16930 faces=1
[DEBUG] Prashant Kumar score=0.117
[DEBUG] Prashant Kumar score=0.117
[Entry-2] frame=17730 faces=1
[DEBUG] Praveen score=0.526
[DEBUG] Praveen score=0.526
[Entry-4] frame=18060 faces=0
[Entry-1] frame=16940 faces=1
[DEBUG] Neeraj  score=0.194
[DEBUG] Neeraj  score=0.194
[Entry-4] frame=18070 faces=0
[Entry-2] frame=17740 faces=1
[DEBUG] Amitabh Prajapati score=0.134
[DEBUG] Amitabh Prajapati score=0.134
[Entry-1] frame=16950 faces=1
[DEBUG] Neeraj  score=0.138
[DEBUG] Neeraj  score=0.138
[Entry-4] frame=18080 faces=0
[Entry-2] frame=17750 faces=0
[Entry-1] frame=16960 faces=1
[DEBUG] Meraj score=0.131
[DEBUG] Meraj score=0.131
[Entry-4] frame=18090 faces=0
[Entry-2] frame=17760 faces=0
[Entry-1] frame=16970 faces=1
[DEBUG] Aakash score=0.097
[DEBUG] Aakash score=0.097
[Entry-4] frame=18100 faces=0
[Entry-2] frame=17770 faces=0
[Entry-4] frame=18110 faces=0
[Entry-1] frame=16980 faces=1
[DEBUG] Rajan score=0.131
[DEBUG] Rajan score=0.131
[Entry-2] frame=17780 faces=1
[DEBUG] Amitabh Prajapati score=0.127
[DEBUG] Amitabh Prajapati score=0.127
[Entry-4] frame=18120 faces=0
[Entry-2] frame=17790 faces=0
[Entry-1] frame=16990 faces=1
[DEBUG] Aakash score=0.097
[DEBUG] Aakash score=0.097
[Entry-4] frame=18130 faces=0
[Entry-2] frame=17800 faces=0
[Entry-1] frame=17000 faces=0
[Entry-4] frame=18140 faces=0
[Entry-2] frame=17810 faces=1
[DEBUG] Meraj score=0.290
[DEBUG] Meraj score=0.290
[Entry-1] frame=17010 faces=1
[DEBUG] Kuldeep score=0.098
[DEBUG] Kuldeep score=0.098
[Entry-4] frame=18150 faces=0
[Entry-2] frame=17820 faces=1
[DEBUG] Praveen score=0.372
[DEBUG] Praveen score=0.372
[Entry-1] frame=17020 faces=1
[DEBUG] Aakash score=0.067
[DEBUG] Aakash score=0.067
[Entry-4] frame=18160 faces=0
[Entry-1] frame=17030 faces=1
[DEBUG] Meraj score=0.054
[DEBUG] Meraj score=0.054
[Entry-2] frame=17830 faces=2
[DEBUG] Abhishek  score=0.139
[DEBUG] Abhishek  score=0.139
[DEBUG] Aditya score=0.090
[DEBUG] Aditya score=0.090
[Entry-4] frame=18170 faces=0
[Entry-1] frame=17040 faces=1
[DEBUG] Praveen score=0.102
[DEBUG] Praveen score=0.102
[Entry-4] frame=18180 faces=0
[Entry-2] frame=17840 faces=3
[DEBUG] Meraj score=0.471
[DEBUG] Meraj score=0.471
[DEBUG] Praveen score=0.362
[DEBUG] Praveen score=0.362
[DEBUG] Prashant Kumar score=0.342
[DEBUG] Prashant Kumar score=0.342
[Entry-1] frame=17050 faces=1
[DEBUG] Meraj score=0.174
[DEBUG] Meraj score=0.174
[Entry-4] frame=18190 faces=0
[Entry-2] frame=17850 faces=1
[DEBUG] Meraj score=0.538
[DEBUG] Meraj score=0.538
[Entry-1] frame=17060 faces=0
[Entry-4] frame=18200 faces=0
[Entry-2] frame=17860 faces=1
[DEBUG] Meraj score=0.563
[DEBUG] Meraj score=0.563
[Entry-1] frame=17070 faces=0
[Entry-4] frame=18210 faces=0
[Entry-2] frame=17870 faces=2
[DEBUG] Meraj score=0.574
[DEBUG] Meraj score=0.574
[DEBUG] Prashant Kumar score=0.052
[DEBUG] Prashant Kumar score=0.052
[Entry-1] frame=17080 faces=0
[Entry-4] frame=18220 faces=0
[Entry-2] frame=17880 faces=1
[DEBUG] Meraj score=0.471
[DEBUG] Meraj score=0.471
[Entry-1] frame=17090 faces=0
[Entry-4] frame=18230 faces=0
[Entry-4] frame=18240 faces=0
[Entry-2] frame=17890 faces=2
[DEBUG] Meraj score=0.620
[DEBUG] Meraj score=0.620
[DEBUG] Kajal score=0.052
[DEBUG] Kajal score=0.052
[Entry-1] frame=17100 faces=1
[DEBUG] Aakash score=0.108
[DEBUG] Aakash score=0.108
[Entry-4] frame=18250 faces=0
[Entry-1] frame=17110 faces=0
[Entry-2] frame=17900 faces=1
[DEBUG] Meraj score=0.100
[DEBUG] Meraj score=0.100
[Entry-4] frame=18260 faces=0
[Entry-1] frame=17120 faces=1
[DEBUG] Neeraj  score=0.092
[DEBUG] Neeraj  score=0.092
[Entry-2] frame=17910 faces=0
[Entry-4] frame=18270 faces=0
[Entry-2] frame=17920 faces=0
[Entry-1] frame=17130 faces=1
[DEBUG] Prashant Kumar score=0.097
[DEBUG] Prashant Kumar score=0.097
[Entry-4] frame=18280 faces=0
[Entry-2] frame=17930 faces=0
[Entry-1] frame=17140 faces=1
[DEBUG] Aakash score=0.075
[DEBUG] Aakash score=0.075
[Entry-4] frame=18290 faces=0
[Entry-2] frame=17940 faces=0
[Entry-1] frame=17150 faces=1
[DEBUG] Aditya score=0.119
[DEBUG] Aditya score=0.119
[Entry-4] frame=18300 faces=0
[Entry-2] frame=17950 faces=0
[Entry-1] frame=17160 faces=1
[DEBUG] Aditya score=0.156
[DEBUG] Aditya score=0.156
[Entry-4] frame=18310 faces=0
[Entry-2] frame=17960 faces=0
[Entry-1] frame=17170 faces=0
[Entry-4] frame=18320 faces=0
[Entry-2] frame=17970 faces=0
[Entry-1] frame=17180 faces=0
[Entry-4] frame=18330 faces=0
[Entry-2] frame=17980 faces=0
[Entry-1] frame=17190 faces=0
[Entry-4] frame=18340 faces=0
[Entry-2] frame=17990 faces=0
[Entry-1] frame=17200 faces=0
[Entry-4] frame=18350 faces=0
[Entry-2] frame=18000 faces=0
[Entry-1] frame=17210 faces=0
[Entry-4] frame=18360 faces=0
[Entry-2] frame=18010 faces=1
[DEBUG] Meraj score=0.288
[DEBUG] Meraj score=0.288
[Entry-1] frame=17220 faces=1
[DEBUG] Meraj score=0.069
[DEBUG] Meraj score=0.069
[Entry-4] frame=18370 faces=0
[Entry-2] frame=18020 faces=1
[DEBUG] Meraj score=0.416
[DEBUG] Meraj score=0.416
[Entry-1] frame=17230 faces=0
[Entry-4] frame=18380 faces=0
[Entry-2] frame=18030 faces=1
[DEBUG] Meraj score=0.537
[DEBUG] Meraj score=0.537
[Entry-1] frame=17240 faces=0
[Entry-4] frame=18390 faces=0
[Entry-2] frame=18040 faces=0
[Entry-1] frame=17250 faces=1
[DEBUG] Neeraj  score=0.106
[DEBUG] Neeraj  score=0.106
[Entry-4] frame=18400 faces=0
[Entry-2] frame=18050 faces=0
[Entry-1] frame=17260 faces=1
[DEBUG] Rajan score=0.116
[DEBUG] Rajan score=0.116
[Entry-4] frame=18410 faces=0
[Entry-2] frame=18060 faces=0
[Entry-1] frame=17270 faces=0
[Entry-4] frame=18420 faces=0
[Entry-2] frame=18070 faces=0
[Entry-1] frame=17280 faces=0
[Entry-4] frame=18430 faces=0
[Entry-2] frame=18080 faces=0
[Entry-1] frame=17290 faces=1
[DEBUG] Amitabh Prajapati score=0.066
[DEBUG] Amitabh Prajapati score=0.066
[Entry-4] frame=18440 faces=0
[Entry-2] frame=18090 faces=0
[Entry-4] frame=18450 faces=0
[Entry-1] frame=17300 faces=1
[DEBUG] Amitabh Prajapati score=0.104
[DEBUG] Amitabh Prajapati score=0.104
[Entry-2] frame=18100 faces=0
[Entry-4] frame=18460 faces=0
[Entry-1] frame=17310 faces=1
[DEBUG] Kuldeep score=0.069
[DEBUG] Kuldeep score=0.069
[Entry-2] frame=18110 faces=0
[Entry-4] frame=18470 faces=0
[Entry-1] frame=17320 faces=1
[DEBUG] Neeraj  score=0.158
[DEBUG] Neeraj  score=0.158
[Entry-2] frame=18120 faces=0
[Entry-4] frame=18480 faces=0
[Entry-1] frame=17330 faces=1
[DEBUG] Neeraj  score=0.073
[DEBUG] Neeraj  score=0.073
[Entry-2] frame=18130 faces=0
[Entry-4] frame=18490 faces=0
[Entry-1] frame=17340 faces=1
[DEBUG] Rajan score=0.175
[DEBUG] Rajan score=0.175
[Entry-2] frame=18140 faces=0
[Entry-4] frame=18500 faces=0
[Entry-1] frame=17350 faces=0
[Entry-2] frame=18150 faces=0
[Entry-4] frame=18510 faces=0
[Entry-1] frame=17360 faces=1
[DEBUG] Meraj score=0.049
[DEBUG] Meraj score=0.049
[Entry-2] frame=18160 faces=0
[Entry-4] frame=18520 faces=0
[Entry-1] frame=17370 faces=1
[DEBUG] Aakash score=0.099
[DEBUG] Aakash score=0.099
[Entry-2] frame=18170 faces=0
[Entry-4] frame=18530 faces=0
[Entry-2] frame=18180 faces=0
[Entry-1] frame=17380 faces=1
[DEBUG] Neeraj  score=0.075
[DEBUG] Neeraj  score=0.075
[Entry-4] frame=18540 faces=0
[Entry-2] frame=18190 faces=0
[Entry-1] frame=17390 faces=1
[DEBUG] Neeraj  score=0.095
[DEBUG] Neeraj  score=0.095
[Entry-4] frame=18550 faces=0
[Entry-2] frame=18200 faces=0
[Entry-1] frame=17400 faces=1
[DEBUG] Amitabh Prajapati score=0.069
[DEBUG] Amitabh Prajapati score=0.069
[Entry-4] frame=18560 faces=0
[Entry-2] frame=18210 faces=0
[Entry-1] frame=17410 faces=1
[DEBUG] Meraj score=0.055
[DEBUG] Meraj score=0.055
[Entry-4] frame=18570 faces=0
[Entry-2] frame=18220 faces=0
[Entry-1] frame=17420 faces=0
[Entry-4] frame=18580 faces=0
[Entry-2] frame=18230 faces=0
[Entry-1] frame=17430 faces=1
[DEBUG] Meraj score=0.077
[DEBUG] Meraj score=0.077
[Entry-4] frame=18590 faces=0
[Entry-2] frame=18240 faces=0
[Entry-1] frame=17440 faces=0
[Entry-4] frame=18600 faces=0
[Entry-2] frame=18250 faces=0
[Entry-1] frame=17450 faces=0
[Entry-4] frame=18610 faces=0
[Entry-2] frame=18260 faces=1
[DEBUG] Amitabh Prajapati score=0.226
[DEBUG] Amitabh Prajapati score=0.226
[Entry-1] frame=17460 faces=0
[Entry-4] frame=18620 faces=0
[Entry-2] frame=18270 faces=0
[Entry-1] frame=17470 faces=1
[DEBUG] Neeraj  score=0.145
[DEBUG] Neeraj  score=0.145
[Entry-4] frame=18630 faces=0
[Entry-2] frame=18280 faces=0
[Entry-1] frame=17480 faces=1
[DEBUG] Neeraj  score=0.166
[DEBUG] Neeraj  score=0.166
[Entry-4] frame=18640 faces=0
[Entry-2] frame=18290 faces=1
[DEBUG] Amitabh Prajapati score=0.419
[DEBUG] Amitabh Prajapati score=0.419
[Entry-1] frame=17490 faces=1
[DEBUG] Neeraj  score=0.168
[DEBUG] Neeraj  score=0.168
[Entry-4] frame=18650 faces=0
[Entry-2] frame=18300 faces=1
[DEBUG] Amitabh Prajapati score=0.547
[DEBUG] Amitabh Prajapati score=0.547
[Entry-4] frame=18660 faces=0
[Entry-1] frame=17500 faces=1
[DEBUG] Prashant Kumar score=0.175
[DEBUG] Prashant Kumar score=0.175
[Entry-2] frame=18310 faces=0
[Entry-4] frame=18670 faces=0
[Entry-1] frame=17510 faces=1
[DEBUG] Prashant Kumar score=0.212
[DEBUG] Prashant Kumar score=0.212
[Entry-2] frame=18320 faces=0
[Entry-4] frame=18680 faces=0
[Entry-1] frame=17520 faces=1
[DEBUG] Neeraj  score=0.170
[DEBUG] Neeraj  score=0.170
[Entry-2] frame=18330 faces=0
[Entry-4] frame=18690 faces=0
[Entry-1] frame=17530 faces=1
[DEBUG] Aditya score=0.130
[DEBUG] Aditya score=0.130
[Entry-2] frame=18340 faces=0
[Entry-4] frame=18700 faces=0
[Entry-1] frame=17540 faces=2
[DEBUG] Meraj score=0.043
[DEBUG] Meraj score=0.043
[DEBUG] Ravi Shankar score=0.092
[DEBUG] Ravi Shankar score=0.092
[Entry-2] frame=18350 faces=0
[Entry-4] frame=18710 faces=0
[Entry-1] frame=17550 faces=0
[Entry-2] frame=18360 faces=0
[Entry-4] frame=18720 faces=0
[Entry-2] frame=18370 faces=0
[Entry-1] frame=17560 faces=2
[DEBUG] Neeraj  score=0.111
[DEBUG] Neeraj  score=0.111
[DEBUG] Kuldeep score=0.059
[DEBUG] Kuldeep score=0.059
[Entry-4] frame=18730 faces=0
[Entry-2] frame=18380 faces=0
[Entry-1] frame=17570 faces=1
[DEBUG] Meraj score=0.063
[DEBUG] Meraj score=0.063
[Entry-4] frame=18740 faces=0
[Entry-2] frame=18390 faces=0
[Entry-1] frame=17580 faces=1
[DEBUG] Meraj score=0.082
[DEBUG] Meraj score=0.082
[Entry-4] frame=18750 faces=0
[Entry-2] frame=18400 faces=0
[Entry-4] frame=18760 faces=0
[Entry-1] frame=17590 faces=1
[DEBUG] Meraj score=0.146
[DEBUG] Meraj score=0.146
[Entry-2] frame=18410 faces=1
[DEBUG] Ravi Shankar score=0.097
[DEBUG] Ravi Shankar score=0.097
[Entry-4] frame=18770 faces=0
[Entry-1] frame=17600 faces=1
[DEBUG] Neeraj  score=0.107
[DEBUG] Neeraj  score=0.107
[Entry-2] frame=18420 faces=0
[Entry-4] frame=18780 faces=0
[Entry-1] frame=17610 faces=1
[DEBUG] Sunny  score=0.096
[DEBUG] Sunny  score=0.096
[Entry-2] frame=18430 faces=0
[Entry-4] frame=18790 faces=0
[Entry-1] frame=17620 faces=1
[DEBUG] Meraj score=0.093
[DEBUG] Meraj score=0.093
[Entry-2] frame=18440 faces=0
[Entry-4] frame=18800 faces=0
[Entry-1] frame=17630 faces=1
[DEBUG] Neeraj  score=0.106
[DEBUG] Neeraj  score=0.106
[Entry-2] frame=18450 faces=1
[DEBUG] Meraj score=0.315
[DEBUG] Meraj score=0.315
[Entry-4] frame=18810 faces=0
[Entry-1] frame=17640 faces=1
[DEBUG] Neeraj  score=0.090
[DEBUG] Neeraj  score=0.090
[Entry-2] frame=18460 faces=1
[DEBUG] Kuldeep score=0.143
[DEBUG] Kuldeep score=0.143
[Entry-4] frame=18820 faces=0
[Entry-1] frame=17650 faces=1
[DEBUG] Meraj score=0.129
[DEBUG] Meraj score=0.129
[Entry-4] frame=18830 faces=0
[Entry-2] frame=18470 faces=2
[DEBUG] Amitabh Prajapati score=0.269
[DEBUG] Amitabh Prajapati score=0.269
[DEBUG] Meraj score=0.235
[DEBUG] Meraj score=0.235
[Entry-1] frame=17660 faces=1
[DEBUG] Kuldeep score=0.135
[DEBUG] Kuldeep score=0.135
[Entry-4] frame=18840 faces=0
[Entry-2] frame=18480 faces=0
[Entry-1] frame=17670 faces=1
[DEBUG] Aditya score=0.124
[DEBUG] Aditya score=0.124
[Entry-4] frame=18850 faces=0
[Entry-2] frame=18490 faces=0
[Entry-1] frame=17680 faces=1
[DEBUG] Prashant Kumar score=0.126
[DEBUG] Prashant Kumar score=0.126
[Entry-4] frame=18860 faces=0
[Entry-2] frame=18500 faces=0
[Entry-1] frame=17690 faces=1
[DEBUG] Meraj score=0.120
[DEBUG] Meraj score=0.120
[Entry-4] frame=18870 faces=0
[Entry-2] frame=18510 faces=0
[Entry-4] frame=18880 faces=0
[Entry-1] frame=17700 faces=1
[DEBUG] Kuldeep score=0.169
[DEBUG] Kuldeep score=0.169
[Entry-2] frame=18520 faces=0
[Entry-4] frame=18890 faces=0
[Entry-1] frame=17710 faces=1
[DEBUG] Kuldeep score=0.144
[DEBUG] Kuldeep score=0.144
[Entry-2] frame=18530 faces=1
[DEBUG] Ravi Shankar score=0.142
[DEBUG] Ravi Shankar score=0.142
[Entry-4] frame=18900 faces=0
[Entry-2] frame=18540 faces=0
[Entry-1] frame=17720 faces=1
[DEBUG] Kuldeep score=0.141
[DEBUG] Kuldeep score=0.141
[Entry-4] frame=18910 faces=0
[Entry-2] frame=18550 faces=1
[DEBUG] Praveen score=0.478
[DEBUG] Praveen score=0.478
[Entry-1] frame=17730 faces=1
[DEBUG] Kuldeep score=0.145
[DEBUG] Kuldeep score=0.145
[Entry-4] frame=18920 faces=0
[Entry-2] frame=18560 faces=0
[Entry-1] frame=17740 faces=1
[DEBUG] Kuldeep score=0.171
[DEBUG] Kuldeep score=0.171
[Entry-4] frame=18930 faces=0
[Entry-2] frame=18570 faces=0
[Entry-1] frame=17750 faces=1
[DEBUG] Aditya score=0.145
[DEBUG] Aditya score=0.145
[Entry-4] frame=18940 faces=0
[Entry-2] frame=18580 faces=0
[Entry-1] frame=17760 faces=1
[DEBUG] Kuldeep score=0.127
[DEBUG] Kuldeep score=0.127
[Entry-4] frame=18950 faces=0
[Entry-2] frame=18590 faces=1
[DEBUG] Amitabh Prajapati score=0.327
[DEBUG] Amitabh Prajapati score=0.327
[Entry-1] frame=17770 faces=1
[DEBUG] Kuldeep score=0.122
[DEBUG] Kuldeep score=0.122
[Entry-4] frame=18960 faces=0
[Entry-2] frame=18600 faces=0
[Entry-4] frame=18970 faces=0
[Entry-1] frame=17780 faces=1
[DEBUG] Aditya score=0.136
[DEBUG] Aditya score=0.136
[Entry-2] frame=18610 faces=1
[DEBUG] Amitabh Prajapati score=0.163
[DEBUG] Amitabh Prajapati score=0.163
[Entry-4] frame=18980 faces=0
[Entry-1] frame=17790 faces=1
[DEBUG] Meraj score=0.111
[DEBUG] Meraj score=0.111
[Entry-2] frame=18620 faces=1
[DEBUG] Ravi Shankar score=0.069
[DEBUG] Ravi Shankar score=0.069
[Entry-4] frame=18990 faces=0
[Entry-1] frame=17800 faces=1
[DEBUG] Prashant Kumar score=0.178
[DEBUG] Prashant Kumar score=0.178
[Entry-2] frame=18630 faces=1
[DEBUG] Amitabh Prajapati score=0.209
[DEBUG] Amitabh Prajapati score=0.209
[Entry-4] frame=19000 faces=0
[Entry-1] frame=17810 faces=1
[DEBUG] Meraj score=0.145
[DEBUG] Meraj score=0.145
[Entry-2] frame=18640 faces=0
[Entry-4] frame=19010 faces=0
[Entry-1] frame=17820 faces=2
[DEBUG] Neeraj  score=0.137
[DEBUG] Neeraj  score=0.137
[DEBUG] Aakash score=0.362
[DEBUG] Aakash score=0.362
[Entry-2] frame=18650 faces=0
[Entry-4] frame=19020 faces=0
[Entry-1] frame=17830 faces=2
[DEBUG] Meraj score=0.170
[DEBUG] Meraj score=0.170
[DEBUG] Aakash score=0.350
[DEBUG] Aakash score=0.350
[Entry-2] frame=18660 faces=0
[Entry-4] frame=19030 faces=0
[Entry-2] frame=18670 faces=0
[Entry-4] frame=19040 faces=0
[Entry-1] frame=17840 faces=2
[DEBUG] Aakash score=0.595
[DEBUG] Aakash score=0.595
[DEBUG] Prashant Kumar score=0.158
[DEBUG] Prashant Kumar score=0.158
[Entry-2] frame=18680 faces=0
[Entry-4] frame=19050 faces=0
[Entry-1] frame=17850 faces=2
[DEBUG] Aakash score=0.614
[DEBUG] Aakash score=0.614
[DEBUG] Meraj score=0.099
[DEBUG] Meraj score=0.099
[Entry-2] frame=18690 faces=1
[DEBUG] Meraj score=0.552
[DEBUG] Meraj score=0.552
[Entry-4] frame=19060 faces=0
[Entry-1] frame=17860 faces=2
[DEBUG] Aakash score=0.461
[DEBUG] Aakash score=0.461
[DEBUG] Meraj score=0.173
[DEBUG] Meraj score=0.173
[Entry-2] frame=18700 faces=0
[Entry-4] frame=19070 faces=0
[Entry-2] frame=18710 faces=0
[Entry-4] frame=19080 faces=0
[Entry-1] frame=17870 faces=2
[DEBUG] Aakash score=0.408
[DEBUG] Aakash score=0.408
[DEBUG] Neeraj  score=0.127
[DEBUG] Neeraj  score=0.127
[Entry-2] frame=18720 faces=0
[Entry-4] frame=19090 faces=0
[Entry-1] frame=17880 faces=2
[DEBUG] Aakash score=0.328
[DEBUG] Aakash score=0.328
[DEBUG] Prashant Kumar score=0.105
[DEBUG] Prashant Kumar score=0.105
[Entry-2] frame=18730 faces=0
[Entry-4] frame=19100 faces=0
[Entry-1] frame=17890 faces=2
[DEBUG] Aakash score=0.328
[DEBUG] Aakash score=0.328
[DEBUG] Prashant Kumar score=0.105
[DEBUG] Prashant Kumar score=0.105
[Entry-2] frame=18740 faces=0
[Entry-4] frame=19110 faces=0
[Entry-2] frame=18750 faces=0
[Entry-4] frame=19120 faces=0
[Entry-1] frame=17900 faces=2
[DEBUG] Rajan score=0.106
[DEBUG] Rajan score=0.106
[DEBUG] Rajan score=0.087
[DEBUG] Rajan score=0.087
[reload] embeddings.pkl changed — reloading ...
[reload] ✅ embeddings.pkl reloaded — 16 employee(s) active.
[Entry-2] frame=18760 faces=0
[Entry-4] frame=19130 faces=0
[Entry-1] frame=17910 faces=2
[DEBUG] Aakash score=0.137
[DEBUG] Aakash score=0.137
[DEBUG] Aditya score=0.127
[DEBUG] Aditya score=0.127
[Entry-2] frame=18770 faces=0
[Entry-4] frame=19140 faces=0
[Entry-1] frame=17920 faces=2
[DEBUG] Aakash score=0.204
[DEBUG] Aakash score=0.204
[DEBUG] Rajan score=0.171
[DEBUG] Rajan score=0.171
[Entry-2] frame=18780 faces=0
[Entry-4] frame=19150 faces=0
[Entry-1] frame=17930 faces=2
[DEBUG] Aakash score=0.129
[DEBUG] Aakash score=0.129
[DEBUG] Kuldeep score=0.126
[DEBUG] Kuldeep score=0.126
[Entry-2] frame=18790 faces=0
[Entry-4] frame=19160 faces=0
[Entry-2] frame=18800 faces=0
[Entry-4] frame=19170 faces=0
[Entry-1] frame=17940 faces=2
[DEBUG] Aditya score=0.130
[DEBUG] Aditya score=0.130
[DEBUG] Aakash score=0.207
[DEBUG] Aakash score=0.207
[Entry-2] frame=18810 faces=0
[Entry-4] frame=19180 faces=0
[Entry-1] frame=17950 faces=2
[DEBUG] Aakash score=0.199
[DEBUG] Aakash score=0.199
[DEBUG] Neeraj  score=0.168
[DEBUG] Neeraj  score=0.168
[Entry-2] frame=18820 faces=0
[Entry-4] frame=19190 faces=0
[Entry-1] frame=17960 faces=2
[DEBUG] Aakash score=0.090
[DEBUG] Aakash score=0.090
[DEBUG] Meraj score=0.036
[DEBUG] Meraj score=0.036
[Entry-2] frame=18830 faces=0
[Entry-4] frame=19200 faces=0
[Entry-1] frame=17970 faces=1
[DEBUG] Aakash score=0.106
[DEBUG] Aakash score=0.106
[Entry-2] frame=18840 faces=0
[Entry-4] frame=19210 faces=0
[Entry-1] frame=17980 faces=1
[DEBUG] Aditya score=0.116
[DEBUG] Aditya score=0.116
[Entry-2] frame=18850 faces=0
[Entry-4] frame=19220 faces=0
[Entry-1] frame=17990 faces=1
[DEBUG] Aditya score=0.170
[DEBUG] Aditya score=0.170
[Entry-2] frame=18860 faces=0
[Entry-4] frame=19230 faces=0
[Entry-2] frame=18870 faces=0
[Entry-4] frame=19240 faces=0
[Entry-1] frame=18000 faces=2
[DEBUG] Aakash score=0.364
[DEBUG] Aakash score=0.364
[DEBUG] Neeraj  score=0.168
[DEBUG] Neeraj  score=0.168
[Entry-2] frame=18880 faces=0
[Entry-4] frame=19250 faces=0
[Entry-1] frame=18010 faces=2
[DEBUG] Aakash score=0.588
[DEBUG] Aakash score=0.588
[DEBUG] Aditya score=0.128
[DEBUG] Aditya score=0.128
[Entry-2] frame=18890 faces=1
[DEBUG] Amitabh Prajapati score=0.181
[DEBUG] Amitabh Prajapati score=0.181
[Entry-4] frame=19260 faces=0
[Entry-1] frame=18020 faces=1
[DEBUG] Meraj score=0.167
[DEBUG] Meraj score=0.167
[Entry-4] frame=19270 faces=0
[Entry-2] frame=18900 faces=1
[DEBUG] Amitabh Prajapati score=0.225
[DEBUG] Amitabh Prajapati score=0.225
[Entry-1] frame=18030 faces=2
[DEBUG] Aakash score=0.197
[DEBUG] Aakash score=0.197
[DEBUG] Amitabh Prajapati score=0.052
[DEBUG] Amitabh Prajapati score=0.052
[Entry-4] frame=19280 faces=0
[Entry-2] frame=18910 faces=0
[Entry-1] frame=18040 faces=2
[DEBUG] Aakash score=0.225
[DEBUG] Aakash score=0.225
[DEBUG] Ravi Shankar score=0.090
[DEBUG] Ravi Shankar score=0.090
[Entry-4] frame=19290 faces=0
[Entry-2] frame=18920 faces=0
[Entry-1] frame=18050 faces=1
[DEBUG] Aakash score=0.663
[DEBUG] Aakash score=0.663
[Entry-4] frame=19300 faces=0
[Entry-2] frame=18930 faces=0
[Entry-4] frame=19310 faces=0
[Entry-1] frame=18060 faces=2
[DEBUG] Aakash score=0.470
[DEBUG] Aakash score=0.470
[DEBUG] Neeraj  score=0.116
[DEBUG] Neeraj  score=0.116
[Entry-2] frame=18940 faces=0
[Entry-4] frame=19320 faces=0
[Entry-2] frame=18950 faces=0
[Entry-1] frame=18070 faces=2
[DEBUG] Aakash score=0.334
[DEBUG] Aakash score=0.334
[DEBUG] Aditya score=0.168
[DEBUG] Aditya score=0.168
[Entry-4] frame=19330 faces=0
[Entry-2] frame=18960 faces=0
[Entry-1] frame=18080 faces=2
[DEBUG] Aakash score=0.255
[DEBUG] Aakash score=0.255
[DEBUG] Aditya score=0.153
[DEBUG] Aditya score=0.153
[Entry-4] frame=19340 faces=0
[Entry-2] frame=18970 faces=0
[Entry-1] frame=18090 faces=2
[DEBUG] Rajan score=0.139
[DEBUG] Rajan score=0.139
[DEBUG] Aakash score=0.165
[DEBUG] Aakash score=0.165
[Entry-4] frame=19350 faces=0
[Entry-2] frame=18980 faces=0
[Entry-4] frame=19360 faces=0
[Entry-2] frame=18990 faces=0
[Entry-1] frame=18100 faces=2
[DEBUG] Meraj score=0.096
[DEBUG] Meraj score=0.096
[DEBUG] Rajan score=0.199
[DEBUG] Rajan score=0.199
[Entry-4] frame=19370 faces=0
[Entry-2] frame=19000 faces=1
[DEBUG] Amitabh Prajapati score=0.387
[DEBUG] Amitabh Prajapati score=0.387
[Entry-1] frame=18110 faces=2
[DEBUG] Aakash score=0.282
[DEBUG] Aakash score=0.282
[DEBUG] Kuldeep score=0.138
[DEBUG] Kuldeep score=0.138
[Entry-4] frame=19380 faces=0
[Entry-2] frame=19010 faces=1
[DEBUG] Amitabh Prajapati score=0.349
[DEBUG] Amitabh Prajapati score=0.349
[Entry-1] frame=18120 faces=2
[DEBUG] Aakash score=0.351
[DEBUG] Aakash score=0.351
[DEBUG] Kuldeep score=0.126
[DEBUG] Kuldeep score=0.126
[Entry-4] frame=19390 faces=0
[Entry-2] frame=19020 faces=1
[DEBUG] Amitabh Prajapati score=0.301
[DEBUG] Amitabh Prajapati score=0.301
[Entry-4] frame=19400 faces=0
[Entry-1] frame=18130 faces=2
[DEBUG] Aakash score=0.236
[DEBUG] Aakash score=0.236
[DEBUG] Meraj score=0.087
[DEBUG] Meraj score=0.087
[Entry-2] frame=19030 faces=0
[Entry-4] frame=19410 faces=0
[Entry-1] frame=18140 faces=2
[DEBUG] Aakash score=0.243
[DEBUG] Aakash score=0.243
[DEBUG] Kuldeep score=0.113
[DEBUG] Kuldeep score=0.113
[Entry-2] frame=19040 faces=0
[Entry-4] frame=19420 faces=0
[Entry-2] frame=19050 faces=0
[Entry-1] frame=18150 faces=1
[DEBUG] Aakash score=0.199
[DEBUG] Aakash score=0.199
[Entry-4] frame=19430 faces=0
[Entry-2] frame=19060 faces=0
[Entry-1] frame=18160 faces=2
[DEBUG] Aakash score=0.208
[DEBUG] Aakash score=0.208
[DEBUG] Prashant Kumar score=0.109
[DEBUG] Prashant Kumar score=0.109
[Entry-4] frame=19440 faces=0
[Entry-2] frame=19070 faces=0
[Entry-4] frame=19450 faces=0
[Entry-1] frame=18170 faces=2
[DEBUG] Aakash score=0.281
[DEBUG] Aakash score=0.281
[DEBUG] Rajan score=0.105
[DEBUG] Rajan score=0.105
[Entry-2] frame=19080 faces=0
[Entry-4] frame=19460 faces=0
[Entry-2] frame=19090 faces=0
[Entry-1] frame=18180 faces=2
[DEBUG] Neeraj  score=0.100
[DEBUG] Neeraj  score=0.100
[DEBUG] Aakash score=0.209
[DEBUG] Aakash score=0.209
[Entry-4] frame=19470 faces=0
[Entry-2] frame=19100 faces=0
[Entry-1] frame=18190 faces=2
[DEBUG] Rajan score=0.171
[DEBUG] Rajan score=0.171
[DEBUG] Prashant Kumar score=0.070
[DEBUG] Prashant Kumar score=0.070
[Entry-4] frame=19480 faces=0
[Entry-2] frame=19110 faces=0
[Entry-4] frame=19490 faces=0
[Entry-1] frame=18200 faces=2
[DEBUG] Aakash score=0.419
[DEBUG] Aakash score=0.419
[DEBUG] Rajan score=0.084
[DEBUG] Rajan score=0.084
[Entry-2] frame=19120 faces=0
[Entry-4] frame=19500 faces=0
[Entry-2] frame=19130 faces=0
[Entry-1] frame=18210 faces=2
[DEBUG] Aakash score=0.632
[DEBUG] Aakash score=0.632
[DEBUG] Prashant Kumar score=0.172
[DEBUG] Prashant Kumar score=0.172
[Entry-4] frame=19510 faces=0
[Entry-2] frame=19140 faces=0
[Entry-1] frame=18220 faces=2
[DEBUG] Aakash score=0.071
[DEBUG] Aakash score=0.071
[DEBUG] Amitabh Prajapati score=0.039
[DEBUG] Amitabh Prajapati score=0.039
[Entry-4] frame=19520 faces=0
[Entry-2] frame=19150 faces=0
[Entry-4] frame=19530 faces=0
[Entry-1] frame=18230 faces=2
[DEBUG] Prashant Kumar score=0.100
[DEBUG] Prashant Kumar score=0.100
[DEBUG] Rajan score=0.133
[DEBUG] Rajan score=0.133
[Entry-2] frame=19160 faces=0
[Entry-4] frame=19540 faces=0
[Entry-1] frame=18240 faces=2
[DEBUG] Neeraj  score=0.074
[DEBUG] Neeraj  score=0.074
[DEBUG] Rajan score=0.189
[DEBUG] Rajan score=0.189
[Entry-2] frame=19170 faces=0
[Entry-4] frame=19550 faces=0
[Entry-1] frame=18250 faces=2
[DEBUG] Neeraj  score=0.079
[DEBUG] Neeraj  score=0.079
[DEBUG] Rajan score=0.180
[DEBUG] Rajan score=0.180
[Entry-2] frame=19180 faces=0
[Entry-4] frame=19560 faces=0
[Entry-2] frame=19190 faces=0
[Entry-1] frame=18260 faces=2
[DEBUG] Neeraj  score=0.061
[DEBUG] Neeraj  score=0.061
[DEBUG] Rajan score=0.167
[DEBUG] Rajan score=0.167
[Entry-4] frame=19570 faces=0
[Entry-2] frame=19200 faces=0
[Entry-1] frame=18270 faces=2
[DEBUG] Rajan score=0.165
[DEBUG] Rajan score=0.165
[DEBUG] Neeraj  score=0.073
[DEBUG] Neeraj  score=0.073
[Entry-4] frame=19580 faces=0
[Entry-2] frame=19210 faces=0
[Entry-4] frame=19590 faces=0
[Entry-1] frame=18280 faces=2
[DEBUG] Rajan score=0.115
[DEBUG] Rajan score=0.115
[DEBUG] Kuldeep score=0.123
[DEBUG] Kuldeep score=0.123
[Entry-2] frame=19220 faces=0
[Entry-4] frame=19600 faces=0
[Entry-1] frame=18290 faces=2
[DEBUG] Meraj score=0.094
[DEBUG] Meraj score=0.094
[DEBUG] Prashant Kumar score=0.132
[DEBUG] Prashant Kumar score=0.132
[Entry-2] frame=19230 faces=0
[Entry-4] frame=19610 faces=0
[Entry-2] frame=19240 faces=0
[Entry-1] frame=18300 faces=2
[DEBUG] Rajan score=0.196
[DEBUG] Rajan score=0.196
[DEBUG] Rajan score=0.116
[DEBUG] Rajan score=0.116
[Entry-4] frame=19620 faces=0
[Entry-2] frame=19250 faces=0
[Entry-1] frame=18310 faces=1
[DEBUG] Neeraj  score=0.057
[DEBUG] Neeraj  score=0.057
[Entry-4] frame=19630 faces=0
[Entry-2] frame=19260 faces=0
[Entry-1] frame=18320 faces=2
[DEBUG] Aakash score=0.500
[DEBUG] Aakash score=0.500
[DEBUG] Ravi Shankar score=0.087
[DEBUG] Ravi Shankar score=0.087
[Entry-4] frame=19640 faces=0
[Entry-2] frame=19270 faces=0
[Entry-4] frame=19650 faces=0
[Entry-1] frame=18330 faces=2
[DEBUG] Aakash score=0.199
[DEBUG] Aakash score=0.199
[DEBUG] Prashant Kumar score=0.053
[DEBUG] Prashant Kumar score=0.053
[Entry-2] frame=19280 faces=0
[Entry-4] frame=19660 faces=0
[Entry-1] frame=18340 faces=2
[DEBUG] Aakash score=0.190
[DEBUG] Aakash score=0.190
[DEBUG] Ravi Shankar score=0.045
[DEBUG] Ravi Shankar score=0.045
[Entry-2] frame=19290 faces=0
[Entry-4] frame=19670 faces=0
[Entry-2] frame=19300 faces=0
[Entry-1] frame=18350 faces=2
[DEBUG] Aakash score=0.237
[DEBUG] Aakash score=0.237
[DEBUG] Ravi Shankar score=0.057
[DEBUG] Ravi Shankar score=0.057
[Entry-4] frame=19680 faces=0
[Entry-2] frame=19310 faces=0
[Entry-1] frame=18360 faces=2
[DEBUG] Aakash score=0.537
[DEBUG] Aakash score=0.537
[DEBUG] Kuldeep score=0.097
[DEBUG] Kuldeep score=0.097
[Entry-4] frame=19690 faces=0
[Entry-2] frame=19320 faces=0
[Entry-4] frame=19700 faces=0
[Entry-1] frame=18370 faces=2
[DEBUG] Aakash score=0.630
[DEBUG] Aakash score=0.630
[DEBUG] Meraj score=0.125
[DEBUG] Meraj score=0.125
[Entry-2] frame=19330 faces=0
[Entry-4] frame=19710 faces=0
[Entry-1] frame=18380 faces=2
[DEBUG] Aakash score=0.536
[DEBUG] Aakash score=0.536
[DEBUG] Meraj score=0.156
[DEBUG] Meraj score=0.156
[Entry-2] frame=19340 faces=0
[Entry-4] frame=19720 faces=0
[Entry-1] frame=18390 faces=2
[DEBUG] Aakash score=0.497
[DEBUG] Aakash score=0.497
[DEBUG] Rajan score=0.165
[DEBUG] Rajan score=0.165
[Entry-2] frame=19350 faces=0
[Entry-4] frame=19730 faces=0
[Entry-2] frame=19360 faces=1
[DEBUG] Sunny  score=0.081
[DEBUG] Sunny  score=0.081
[Entry-1] frame=18400 faces=2
[DEBUG] Kuldeep score=0.156
[DEBUG] Kuldeep score=0.156
[DEBUG] Aakash score=0.480
[DEBUG] Aakash score=0.480
[Entry-4] frame=19740 faces=0
[Entry-2] frame=19370 faces=1
[DEBUG] Ravi Shankar score=0.103
[DEBUG] Ravi Shankar score=0.103
[Entry-4] frame=19750 faces=0
[Entry-1] frame=18410 faces=2
[DEBUG] Kuldeep score=0.119
[DEBUG] Kuldeep score=0.119
[DEBUG] Aakash score=0.409
[DEBUG] Aakash score=0.409
[Entry-2] frame=19380 faces=0
[Entry-4] frame=19760 faces=0
[Entry-1] frame=18420 faces=2
[DEBUG] Rajan score=0.145
[DEBUG] Rajan score=0.145
[DEBUG] Aakash score=0.149
[DEBUG] Aakash score=0.149
[Entry-2] frame=19390 faces=0
[Entry-4] frame=19770 faces=0
[Entry-1] frame=18430 faces=2
[DEBUG] Meraj score=0.138
[DEBUG] Meraj score=0.138
[DEBUG] Aakash score=0.311
[DEBUG] Aakash score=0.311
[Entry-2] frame=19400 faces=0
[Entry-4] frame=19780 faces=0
[Entry-2] frame=19410 faces=0
[Entry-1] frame=18440 faces=2
[DEBUG] Aakash score=0.441
[DEBUG] Aakash score=0.441
[DEBUG] Aditya score=0.107
[DEBUG] Aditya score=0.107
[Entry-4] frame=19790 faces=0
[Entry-2] frame=19420 faces=0
[Entry-4] frame=19800 faces=0
[Entry-1] frame=18450 faces=2
[DEBUG] Aakash score=0.238
[DEBUG] Aakash score=0.238
[DEBUG] Aakash score=0.174
[DEBUG] Aakash score=0.174
[Entry-2] frame=19430 faces=1
[DEBUG] Praveen score=0.489
[DEBUG] Praveen score=0.489
[Entry-4] frame=19810 faces=0
[Entry-1] frame=18460 faces=1
[DEBUG] Neeraj  score=0.102
[DEBUG] Neeraj  score=0.102
[Entry-4] frame=19820 faces=0
[Entry-2] frame=19440 faces=1
[DEBUG] Praveen score=0.218
[DEBUG] Praveen score=0.218
[Entry-1] frame=18470 faces=2
[DEBUG] Kuldeep score=0.106
[DEBUG] Kuldeep score=0.106
[DEBUG] Rajan score=0.028
[DEBUG] Rajan score=0.028
[Entry-4] frame=19830 faces=0
[Entry-2] frame=19450 faces=1
[DEBUG] Aditya score=0.109
[DEBUG] Aditya score=0.109
[Entry-1] frame=18480 faces=1
[DEBUG] Neeraj  score=0.158
[DEBUG] Neeraj  score=0.158
[Entry-4] frame=19840 faces=0
[Entry-2] frame=19460 faces=1
[DEBUG] Praveen score=0.254
[DEBUG] Praveen score=0.254
[Entry-1] frame=18490 faces=1
[DEBUG] Neeraj  score=0.105
[DEBUG] Neeraj  score=0.105
[Entry-4] frame=19850 faces=0
[Entry-2] frame=19470 faces=1
[DEBUG] Praveen score=0.074
[DEBUG] Praveen score=0.074
[Entry-1] frame=18500 faces=1
[DEBUG] Rajan score=0.161
[DEBUG] Rajan score=0.161
[Entry-4] frame=19860 faces=0
[Entry-2] frame=19480 faces=1
[DEBUG] Praveen score=0.167
[DEBUG] Praveen score=0.167
[Entry-1] frame=18510 faces=1
[DEBUG] Aakash score=0.103
[DEBUG] Aakash score=0.103
[Entry-4] frame=19870 faces=0
[Entry-2] frame=19490 faces=0
[Entry-1] frame=18520 faces=2
[DEBUG] Rajan score=0.130
[DEBUG] Rajan score=0.130
[DEBUG] Rajan score=0.124
[DEBUG] Rajan score=0.124
[Entry-4] frame=19880 faces=0
[Entry-2] frame=19500 faces=0
[Entry-4] frame=19890 faces=0
[Entry-1] frame=18530 faces=2
[DEBUG] Aakash score=0.120
[DEBUG] Aakash score=0.120
[DEBUG] Neeraj  score=0.115
[DEBUG] Neeraj  score=0.115
[Entry-2] frame=19510 faces=0
[Entry-4] frame=19900 faces=0
[Entry-1] frame=18540 faces=2
[DEBUG] Prashant Kumar score=0.158
[DEBUG] Prashant Kumar score=0.158
[DEBUG] Rajan score=0.094
[DEBUG] Rajan score=0.094
[Entry-2] frame=19520 faces=0
[Entry-4] frame=19910 faces=0
[Entry-1] frame=18550 faces=1
[DEBUG] Meraj score=0.144
[DEBUG] Meraj score=0.144
[Entry-2] frame=19530 faces=1
[DEBUG] Amitabh Prajapati score=0.258
[DEBUG] Amitabh Prajapati score=0.258
[Entry-4] frame=19920 faces=0
[Entry-2] frame=19540 faces=0
[Entry-1] frame=18560 faces=1
[DEBUG] Meraj score=0.138
[DEBUG] Meraj score=0.138
[Entry-4] frame=19930 faces=0
[Entry-2] frame=19550 faces=0
[Entry-1] frame=18570 faces=2
[DEBUG] Meraj score=0.130
[DEBUG] Meraj score=0.130
[DEBUG] Rajan score=0.145
[DEBUG] Rajan score=0.145
[Entry-4] frame=19940 faces=0
[Entry-2] frame=19560 faces=0
[Entry-4] frame=19950 faces=0
[Entry-1] frame=18580 faces=2
[DEBUG] Aakash score=0.415
[DEBUG] Aakash score=0.415
[DEBUG] Meraj score=0.166
[DEBUG] Meraj score=0.166
[Entry-2] frame=19570 faces=0
[Entry-4] frame=19960 faces=0
[Entry-2] frame=19580 faces=0
[Entry-1] frame=18590 faces=2
[DEBUG] Aakash score=0.445
[DEBUG] Aakash score=0.445
[DEBUG] Kuldeep score=0.152
[DEBUG] Kuldeep score=0.152
[Entry-4] frame=19970 faces=0
[Entry-2] frame=19590 faces=0
[Entry-4] frame=19980 faces=0
[Entry-1] frame=18600 faces=2
[DEBUG] Aakash score=0.178
[DEBUG] Aakash score=0.178
[DEBUG] Rajan score=0.135
[DEBUG] Rajan score=0.135
[Entry-2] frame=19600 faces=0
[Entry-4] frame=19990 faces=0
[Entry-1] frame=18610 faces=2
[DEBUG] Meraj score=0.194
[DEBUG] Meraj score=0.194
[DEBUG] Rajan score=0.151
[DEBUG] Rajan score=0.151
[Entry-2] frame=19610 faces=0
[Entry-4] frame=20000 faces=0
[Entry-2] frame=19620 faces=0
[Entry-1] frame=18620 faces=2
[DEBUG] Meraj score=0.177
[DEBUG] Meraj score=0.177
[DEBUG] Rajan score=0.235
[DEBUG] Rajan score=0.235
[Entry-4] frame=20010 faces=0
[Entry-2] frame=19630 faces=0
[Entry-1] frame=18630 faces=1
[DEBUG] Prashant Kumar score=0.126
[DEBUG] Prashant Kumar score=0.126
[Entry-4] frame=20020 faces=0
[Entry-2] frame=19640 faces=1
[DEBUG] Amitabh Prajapati score=0.138
[DEBUG] Amitabh Prajapati score=0.138
[Entry-1] frame=18640 faces=1
[DEBUG] Prashant Kumar score=0.156
[DEBUG] Prashant Kumar score=0.156
[Entry-4] frame=20030 faces=0
[Entry-2] frame=19650 faces=0
[Entry-1] frame=18650 faces=2
[DEBUG] Rajan score=0.196
[DEBUG] Rajan score=0.196
[DEBUG] Meraj score=0.149
[DEBUG] Meraj score=0.149
[Entry-4] frame=20040 faces=0
[Entry-2] frame=19660 faces=0
[Entry-4] frame=20050 faces=0
[Entry-1] frame=18660 faces=1
[DEBUG] Prashant Kumar score=0.067
[DEBUG] Prashant Kumar score=0.067
[Entry-2] frame=19670 faces=2
[DEBUG] Ravi Shankar score=0.075
[DEBUG] Ravi Shankar score=0.075
[DEBUG] Meraj score=0.104
[DEBUG] Meraj score=0.104
[Entry-4] frame=20060 faces=0
[Entry-1] frame=18670 faces=2
[DEBUG] Prashant Kumar score=0.093
[DEBUG] Prashant Kumar score=0.093
[DEBUG] Aakash score=0.172
[DEBUG] Aakash score=0.172
[Entry-2] frame=19680 faces=1
[DEBUG] Aakash score=0.122
[DEBUG] Aakash score=0.122
[Entry-4] frame=20070 faces=0
[Entry-1] frame=18680 faces=0
[Entry-2] frame=19690 faces=0
[Entry-4] frame=20080 faces=0
[Entry-1] frame=18690 faces=0
[Entry-4] frame=20090 faces=0
[Entry-2] frame=19700 faces=2
[DEBUG] Meraj score=0.406
[DEBUG] Meraj score=0.406
[DEBUG] Ravi Shankar score=0.060
[DEBUG] Ravi Shankar score=0.060
[Entry-1] frame=18700 faces=1
[DEBUG] Aakash score=0.117
[DEBUG] Aakash score=0.117
[Entry-4] frame=20100 faces=0
[Entry-2] frame=19710 faces=1
[DEBUG] Rajan score=0.241
[DEBUG] Rajan score=0.241
[Entry-1] frame=18710 faces=1
[DEBUG] Aakash score=0.120
[DEBUG] Aakash score=0.120
[Entry-4] frame=20110 faces=0
[Entry-2] frame=19720 faces=0
[Entry-1] frame=18720 faces=2
[DEBUG] Rajan score=0.164
[DEBUG] Rajan score=0.164
[DEBUG] Aditya score=0.126
[DEBUG] Aditya score=0.126
[Entry-4] frame=20120 faces=0
[Entry-2] frame=19730 faces=1
[DEBUG] Meraj score=0.451
[DEBUG] Meraj score=0.451
[Entry-1] frame=18730 faces=2
[DEBUG] Kuldeep score=0.106
[DEBUG] Kuldeep score=0.106
[DEBUG] Praveen score=0.116
[DEBUG] Praveen score=0.116
[Entry-4] frame=20130 faces=0
[Entry-2] frame=19740 faces=1
[DEBUG] Kajal score=0.078
[DEBUG] Kajal score=0.078
[Entry-1] frame=18740 faces=2
[DEBUG] Neeraj  score=0.073
[DEBUG] Neeraj  score=0.073
[DEBUG] Rajan score=0.171
[DEBUG] Rajan score=0.171
[Entry-4] frame=20140 faces=0
[Entry-2] frame=19750 faces=1
[DEBUG] Meraj score=0.397
[DEBUG] Meraj score=0.397
[Entry-4] frame=20150 faces=0
[Entry-1] frame=18750 faces=1
[DEBUG] Meraj score=0.122
[DEBUG] Meraj score=0.122
[Entry-2] frame=19760 faces=0
[Entry-4] frame=20160 faces=0
[Entry-1] frame=18760 faces=1
[DEBUG] Rajan score=0.102
[DEBUG] Rajan score=0.102
[Entry-2] frame=19770 faces=0
[Entry-4] frame=20170 faces=0
[Entry-1] frame=18770 faces=2
[DEBUG] Aakash score=0.212
[DEBUG] Aakash score=0.212
[DEBUG] Aakash score=0.167
[DEBUG] Aakash score=0.167
[Entry-2] frame=19780 faces=2
[DEBUG] Meraj score=0.672
[DEBUG] Meraj score=0.672
[DEBUG] Ravi Shankar score=0.126
[DEBUG] Ravi Shankar score=0.126
[Entry-4] frame=20180 faces=0
[Entry-1] frame=18780 faces=2
[DEBUG] Rajan score=0.177
[DEBUG] Rajan score=0.177
[DEBUG] Aditya score=0.122
[DEBUG] Aditya score=0.122
[Entry-2] frame=19790 faces=0
[Entry-4] frame=20190 faces=0
[Entry-2] frame=19800 faces=0
[Entry-1] frame=18790 faces=1
[DEBUG] Meraj score=0.115
[DEBUG] Meraj score=0.115
[Entry-4] frame=20200 faces=0
[Entry-2] frame=19810 faces=0
[Entry-1] frame=18800 faces=1
[DEBUG] Prashant Kumar score=0.155
[DEBUG] Prashant Kumar score=0.155
[Entry-4] frame=20210 faces=0
[Entry-2] frame=19820 faces=0
[Entry-1] frame=18810 faces=2
[DEBUG] Aakash score=0.124
[DEBUG] Aakash score=0.124
[DEBUG] Rajan score=0.101
[DEBUG] Rajan score=0.101
[Entry-4] frame=20220 faces=0
[Entry-2] frame=19830 faces=1
[DEBUG] Ravi Shankar score=0.151
[DEBUG] Ravi Shankar score=0.151
[Entry-1] frame=18820 faces=0
[Entry-4] frame=20230 faces=0
[Entry-2] frame=19840 faces=0
[Entry-4] frame=20240 faces=0
[Entry-1] frame=18830 faces=2
[DEBUG] Neeraj  score=0.189
[DEBUG] Neeraj  score=0.189
[DEBUG] Rajan score=0.071
[DEBUG] Rajan score=0.071
[Entry-2] frame=19850 faces=1
[DEBUG] Meraj score=0.446
[DEBUG] Meraj score=0.446
[Entry-4] frame=20250 faces=0
[Entry-1] frame=18840 faces=2
[DEBUG] Neeraj  score=0.211
[DEBUG] Neeraj  score=0.211
[DEBUG] Rajan score=0.203
[DEBUG] Rajan score=0.203
[Entry-2] frame=19860 faces=0
[Entry-4] frame=20260 faces=0
[Entry-1] frame=18850 faces=1
[DEBUG] Kuldeep score=0.113
[DEBUG] Kuldeep score=0.113
[Entry-2] frame=19870 faces=0
[Entry-4] frame=20270 faces=0
[Entry-2] frame=19880 faces=0
[Entry-1] frame=18860 faces=2
[DEBUG] Aakash score=0.147
[DEBUG] Aakash score=0.147
[DEBUG] Meraj score=0.086
[DEBUG] Meraj score=0.086
[Entry-4] frame=20280 faces=0
[Entry-2] frame=19890 faces=0
[Entry-4] frame=20290 faces=0
[Entry-1] frame=18870 faces=2
[DEBUG] Aakash score=0.244
[DEBUG] Aakash score=0.244
[DEBUG] Neeraj  score=0.107
[DEBUG] Neeraj  score=0.107
[Entry-2] frame=19900 faces=0
[Entry-4] frame=20300 faces=0
[Entry-1] frame=18880 faces=2
[DEBUG] Aakash score=0.154
[DEBUG] Aakash score=0.154
[DEBUG] Neeraj  score=0.076
[DEBUG] Neeraj  score=0.076
[Entry-2] frame=19910 faces=0
[Entry-4] frame=20310 faces=0
[Entry-1] frame=18890 faces=2
[DEBUG] Aakash score=0.342
[DEBUG] Aakash score=0.342
[DEBUG] Aakash score=0.083
[DEBUG] Aakash score=0.083
[Entry-2] frame=19920 faces=0
[Entry-4] frame=20320 faces=0
[Entry-2] frame=19930 faces=0
[Entry-4] frame=20330 faces=0
[Entry-1] frame=18900 faces=2
[DEBUG] Aakash score=0.495
[DEBUG] Aakash score=0.495
[DEBUG] Meraj score=0.083
[DEBUG] Meraj score=0.083
[Entry-2] frame=19940 faces=0
[Entry-4] frame=20340 faces=0
[Entry-1] frame=18910 faces=2
[DEBUG] Aakash score=0.521
[DEBUG] Aakash score=0.521
[DEBUG] Meraj score=0.108
[DEBUG] Meraj score=0.108
[Entry-2] frame=19950 faces=0
[Entry-4] frame=20350 faces=0
[Entry-1] frame=18920 faces=2
[DEBUG] Aakash score=0.554
[DEBUG] Aakash score=0.554
[DEBUG] Meraj score=0.113
[DEBUG] Meraj score=0.113
[Entry-2] frame=19960 faces=0
[Entry-4] frame=20360 faces=0
[Entry-4] frame=20370 faces=0
[Entry-2] frame=19970 faces=1
[DEBUG] Meraj score=0.375
[DEBUG] Meraj score=0.375
[Entry-1] frame=18930 faces=2
[DEBUG] Aakash score=0.442
[DEBUG] Aakash score=0.442
[DEBUG] Neeraj  score=0.088
[DEBUG] Neeraj  score=0.088
[Entry-4] frame=20380 faces=0
[Entry-2] frame=19980 faces=0
[Entry-1] frame=18940 faces=2
[DEBUG] Aakash score=0.492
[DEBUG] Aakash score=0.492
[DEBUG] Prashant Kumar score=0.125
[DEBUG] Prashant Kumar score=0.125
[Entry-4] frame=20390 faces=0
[Entry-2] frame=19990 faces=0
[Entry-1] frame=18950 faces=2
[DEBUG] Aakash score=0.478
[DEBUG] Aakash score=0.478
[DEBUG] Prashant Kumar score=0.120
[DEBUG] Prashant Kumar score=0.120
[Entry-4] frame=20400 faces=0
[Entry-2] frame=20000 faces=0
[Entry-4] frame=20410 faces=0
[Entry-1] frame=18960 faces=2
[DEBUG] Aakash score=0.448
[DEBUG] Aakash score=0.448
[DEBUG] Prashant Kumar score=0.129
[DEBUG] Prashant Kumar score=0.129
[Entry-2] frame=20010 faces=1
[DEBUG] Meraj score=0.617
[DEBUG] Meraj score=0.617
[Entry-4] frame=20420 faces=0
[Entry-2] frame=20020 faces=0
[Entry-1] frame=18970 faces=2
[DEBUG] Aakash score=0.300
[DEBUG] Aakash score=0.300
[DEBUG] Aditya score=0.122
[DEBUG] Aditya score=0.122
[Entry-4] frame=20430 faces=0
[Entry-2] frame=20030 faces=0
[Entry-4] frame=20440 faces=0
[Entry-1] frame=18980 faces=2
[DEBUG] Aakash score=0.434
[DEBUG] Aakash score=0.434
[DEBUG] Meraj score=0.147
[DEBUG] Meraj score=0.147
[Entry-2] frame=20040 faces=0
[Entry-4] frame=20450 faces=0
[Entry-2] frame=20050 faces=0
[Entry-1] frame=18990 faces=2
[DEBUG] Aakash score=0.606
[DEBUG] Aakash score=0.606
[DEBUG] Meraj score=0.146
[DEBUG] Meraj score=0.146
[Entry-4] frame=20460 faces=0
[Entry-2] frame=20060 faces=0
[Entry-1] frame=19000 faces=2
[DEBUG] Aakash score=0.376
[DEBUG] Aakash score=0.376
[DEBUG] Aakash score=0.150
[DEBUG] Aakash score=0.150
[Entry-4] frame=20470 faces=0
[Entry-2] frame=20070 faces=0
[Entry-4] frame=20480 faces=0
[Entry-1] frame=19010 faces=1
[DEBUG] Aakash score=0.340
[DEBUG] Aakash score=0.340
[Entry-2] frame=20080 faces=0
[Entry-4] frame=20490 faces=0
[Entry-1] frame=19020 faces=2
[DEBUG] Aakash score=0.291
[DEBUG] Aakash score=0.291
[DEBUG] Neeraj  score=0.179
[DEBUG] Neeraj  score=0.179
[Entry-2] frame=20090 faces=1
[DEBUG] Meraj score=0.553
[DEBUG] Meraj score=0.553
[Entry-4] frame=20500 faces=0
[Entry-1] frame=19030 faces=2
[DEBUG] Aakash score=0.318
[DEBUG] Aakash score=0.318
[DEBUG] Neeraj  score=0.179
[DEBUG] Neeraj  score=0.179
[Entry-2] frame=20100 faces=0
[Entry-4] frame=20510 faces=0
[Entry-2] frame=20110 faces=0
[Entry-1] frame=19040 faces=2
[DEBUG] Aakash score=0.541
[DEBUG] Aakash score=0.541
[DEBUG] Meraj score=0.099
[DEBUG] Meraj score=0.099
[Entry-4] frame=20520 faces=0
[Entry-2] frame=20120 faces=0
[Entry-1] frame=19050 faces=1
[DEBUG] Aakash score=0.583
[DEBUG] Aakash score=0.583
[Entry-4] frame=20530 faces=0
[Entry-2] frame=20130 faces=0
[Entry-4] frame=20540 faces=0
[Entry-1] frame=19060 faces=2
[DEBUG] Aakash score=0.554
[DEBUG] Aakash score=0.554
[DEBUG] Neeraj  score=0.125
[DEBUG] Neeraj  score=0.125
[Entry-2] frame=20140 faces=0
[Entry-4] frame=20550 faces=0
[Entry-2] frame=20150 faces=0
[Entry-1] frame=19070 faces=2
[DEBUG] Aakash score=0.504
[DEBUG] Aakash score=0.504
[DEBUG] Neeraj  score=0.071
[DEBUG] Neeraj  score=0.071
[Entry-4] frame=20560 faces=0
[Entry-2] frame=20160 faces=0
[Entry-1] frame=19080 faces=2
[DEBUG] Aakash score=0.440
[DEBUG] Aakash score=0.440
[DEBUG] Prashant Kumar score=0.104
[DEBUG] Prashant Kumar score=0.104
[Entry-4] frame=20570 faces=0
[Entry-2] frame=20170 faces=1
[DEBUG] Meraj score=0.648
[DEBUG] Meraj score=0.648
[Entry-4] frame=20580 faces=0
[Entry-1] frame=19090 faces=2
[DEBUG] Aakash score=0.425
[DEBUG] Aakash score=0.425
[DEBUG] Meraj score=0.139
[DEBUG] Meraj score=0.139
[Entry-2] frame=20180 faces=0
[Entry-4] frame=20590 faces=0
[Entry-1] frame=19100 faces=2
[DEBUG] Meraj score=0.029
[DEBUG] Meraj score=0.029
[DEBUG] Aakash score=0.073
[DEBUG] Aakash score=0.073
[Entry-2] frame=20190 faces=1
[DEBUG] Meraj score=0.545
[DEBUG] Meraj score=0.545
[Entry-4] frame=20600 faces=0
[Entry-2] frame=20200 faces=0
[Entry-1] frame=19110 faces=2
[DEBUG] Aakash score=0.186
[DEBUG] Aakash score=0.186
[DEBUG] Meraj score=0.158
[DEBUG] Meraj score=0.158
[Entry-4] frame=20610 faces=0
[Entry-2] frame=20210 faces=1
[DEBUG] Meraj score=0.452
[DEBUG] Meraj score=0.452
[Entry-4] frame=20620 faces=0
[Entry-1] frame=19120 faces=2
[DEBUG] Kuldeep score=0.094
[DEBUG] Kuldeep score=0.094
[DEBUG] Neeraj  score=0.125
[DEBUG] Neeraj  score=0.125
[Entry-2] frame=20220 faces=0
[Entry-4] frame=20630 faces=0
[Entry-1] frame=19130 faces=2
[DEBUG] Aakash score=0.171
[DEBUG] Aakash score=0.171
[DEBUG] Kuldeep score=0.088
[DEBUG] Kuldeep score=0.088
[Entry-2] frame=20230 faces=0
[Entry-4] frame=20640 faces=0
[Entry-2] frame=20240 faces=0
[Entry-1] frame=19140 faces=2
[DEBUG] Aakash score=0.085
[DEBUG] Aakash score=0.085
[DEBUG] Meraj score=0.126
[DEBUG] Meraj score=0.126
[Entry-4] frame=20650 faces=0
[Entry-2] frame=20250 faces=0
[Entry-4] frame=20660 faces=0
[Entry-1] frame=19150 faces=2
[DEBUG] Aakash score=0.067
[DEBUG] Aakash score=0.067
[DEBUG] Meraj score=0.092
[DEBUG] Meraj score=0.092
[Entry-2] frame=20260 faces=1
[DEBUG] Meraj score=0.477
[DEBUG] Meraj score=0.477
[Entry-4] frame=20670 faces=0
[Entry-1] frame=19160 faces=2
[DEBUG] Meraj score=0.057
[DEBUG] Meraj score=0.057
[DEBUG] Meraj score=0.115
[DEBUG] Meraj score=0.115
[Entry-4] frame=20680 faces=0
[Entry-2] frame=20270 faces=2
[DEBUG] Amitabh Prajapati score=0.459
[DEBUG] Amitabh Prajapati score=0.459
[DEBUG] Meraj score=0.459
[DEBUG] Meraj score=0.459
[Entry-1] frame=19170 faces=2
[DEBUG] Rishu Kumar score=0.144
[DEBUG] Rishu Kumar score=0.144
[DEBUG] Ravi Shankar score=0.048
[DEBUG] Ravi Shankar score=0.048
[Entry-4] frame=20690 faces=0
[Entry-2] frame=20280 faces=0
[Entry-1] frame=19180 faces=2
[DEBUG] Aakash score=0.226
[DEBUG] Aakash score=0.226
[DEBUG] Aditya score=0.164
[DEBUG] Aditya score=0.164
[Entry-4] frame=20700 faces=0
[Entry-2] frame=20290 faces=2
[DEBUG] Amitabh Prajapati score=0.262
[DEBUG] Amitabh Prajapati score=0.262
[DEBUG] Meraj score=0.512
[DEBUG] Meraj score=0.512
[Entry-4] frame=20710 faces=0
[Entry-1] frame=19190 faces=2
[DEBUG] Aakash score=0.112
[DEBUG] Aakash score=0.112
[DEBUG] Meraj score=0.139
[DEBUG] Meraj score=0.139
[Entry-2] frame=20300 faces=1
[DEBUG] Amitabh Prajapati score=0.282
[DEBUG] Amitabh Prajapati score=0.282
[reload] embeddings.pkl changed — reloading ...
[reload] ✅ embeddings.pkl reloaded — 16 employee(s) active.
[Entry-4] frame=20720 faces=0
[Entry-1] frame=19200 faces=2
[DEBUG] Aakash score=0.130
[DEBUG] Aakash score=0.130
[DEBUG] Meraj score=0.161
[DEBUG] Meraj score=0.161
[Entry-2] frame=20310 faces=0
[Entry-4] frame=20730 faces=0
[Entry-2] frame=20320 faces=1
[DEBUG] Meraj score=0.593
[DEBUG] Meraj score=0.593
[Entry-1] frame=19210 faces=2
[DEBUG] Kuldeep score=0.103
[DEBUG] Kuldeep score=0.103
[DEBUG] Meraj score=0.126
[DEBUG] Meraj score=0.126
[Entry-4] frame=20740 faces=0
[Entry-2] frame=20330 faces=0
[Entry-1] frame=19220 faces=2
[DEBUG] Aakash score=0.138
[DEBUG] Aakash score=0.138
[DEBUG] Prashant Kumar score=0.134
[DEBUG] Prashant Kumar score=0.134
[Entry-4] frame=20750 faces=0
[Entry-2] frame=20340 faces=1
[DEBUG] Amitabh Prajapati score=0.357
[DEBUG] Amitabh Prajapati score=0.357
[Entry-1] frame=19230 faces=2
[DEBUG] Aakash score=0.171
[DEBUG] Aakash score=0.171
[DEBUG] Neeraj  score=0.165
[DEBUG] Neeraj  score=0.165
[Entry-4] frame=20760 faces=0
[Entry-2] frame=20350 faces=1
[DEBUG] Amitabh Prajapati score=0.410
[DEBUG] Amitabh Prajapati score=0.410
[Entry-4] frame=20770 faces=0
[Entry-1] frame=19240 faces=2
[DEBUG] Aakash score=0.466
[DEBUG] Aakash score=0.466
[DEBUG] Neeraj  score=0.176
[DEBUG] Neeraj  score=0.176
[Entry-2] frame=20360 faces=1
[DEBUG] Amitabh Prajapati score=0.232
[DEBUG] Amitabh Prajapati score=0.232
[Entry-4] frame=20780 faces=0
[Entry-1] frame=19250 faces=2
[DEBUG] Aakash score=0.215
[DEBUG] Aakash score=0.215
[DEBUG] Aakash score=0.088
[DEBUG] Aakash score=0.088
[Entry-2] frame=20370 faces=1
[DEBUG] Amitabh Prajapati score=0.228
[DEBUG] Amitabh Prajapati score=0.228
[Entry-4] frame=20790 faces=0
[Entry-1] frame=19260 faces=2
[DEBUG] Aakash score=0.149
[DEBUG] Aakash score=0.149
[DEBUG] Aditya score=0.153
[DEBUG] Aditya score=0.153
[Entry-2] frame=20380 faces=0
[Entry-4] frame=20800 faces=0
[Entry-1] frame=19270 faces=2
[DEBUG] Aakash score=0.141
[DEBUG] Aakash score=0.141
[DEBUG] Meraj score=0.132
[DEBUG] Meraj score=0.132
[Entry-2] frame=20390 faces=0
[Entry-4] frame=20810 faces=0
[Entry-2] frame=20400 faces=0
[Entry-4] frame=20820 faces=0
[Entry-1] frame=19280 faces=2
[DEBUG] Aakash score=0.177
[DEBUG] Aakash score=0.177
[DEBUG] Kuldeep score=0.113
[DEBUG] Kuldeep score=0.113
[Entry-2] frame=20410 faces=0
[Entry-4] frame=20830 faces=0
[Entry-1] frame=19290 faces=2
[DEBUG] Aakash score=0.183
[DEBUG] Aakash score=0.183
[DEBUG] Aakash score=0.095
[DEBUG] Aakash score=0.095
[Entry-4] frame=20840 faces=0
[Entry-2] frame=20420 faces=2
[DEBUG] Meraj score=0.663
[DEBUG] Meraj score=0.663
[DEBUG] Sunny  score=0.125
[DEBUG] Sunny  score=0.125
[Entry-1] frame=19300 faces=2
[DEBUG] Aakash score=0.169
[DEBUG] Aakash score=0.169
[DEBUG] Kuldeep score=0.117
[DEBUG] Kuldeep score=0.117
[Entry-4] frame=20850 faces=0
[Entry-2] frame=20430 faces=0
[Entry-1] frame=19310 faces=2
[DEBUG] Aakash score=0.190
[DEBUG] Aakash score=0.190
[DEBUG] Meraj score=0.156
[DEBUG] Meraj score=0.156
[Entry-4] frame=20860 faces=0
[Entry-2] frame=20440 faces=0
[Entry-4] frame=20870 faces=0
[Entry-2] frame=20450 faces=0
[Entry-1] frame=19320 faces=2
[DEBUG] Aakash score=0.373
[DEBUG] Aakash score=0.373
[DEBUG] Meraj score=0.150
[DEBUG] Meraj score=0.150
[Entry-4] frame=20880 faces=0
[Entry-2] frame=20460 faces=0
[Entry-1] frame=19330 faces=2
[DEBUG] Aakash score=0.328
[DEBUG] Aakash score=0.328
[DEBUG] Meraj score=0.145
[DEBUG] Meraj score=0.145
[Entry-4] frame=20890 faces=0
[Entry-2] frame=20470 faces=0
[Entry-1] frame=19340 faces=2
[DEBUG] Aakash score=0.108
[DEBUG] Aakash score=0.108
[DEBUG] Meraj score=0.106
[DEBUG] Meraj score=0.106
[Entry-4] frame=20900 faces=0
[Entry-2] frame=20480 faces=2
[DEBUG] Meraj score=0.443
[DEBUG] Meraj score=0.443
[DEBUG] Ravi Shankar score=0.100
[DEBUG] Ravi Shankar score=0.100
[Entry-1] frame=19350 faces=2
[DEBUG] Aakash score=0.077
[DEBUG] Aakash score=0.077
[DEBUG] Meraj score=0.131
[DEBUG] Meraj score=0.131
[Entry-4] frame=20910 faces=0
[Entry-2] frame=20490 faces=2
[DEBUG] Meraj score=0.579
[DEBUG] Meraj score=0.579
[DEBUG] Amitabh Prajapati score=0.303
[DEBUG] Amitabh Prajapati score=0.303
[Entry-4] frame=20920 faces=0
[Entry-1] frame=19360 faces=2
[DEBUG] Aakash score=0.100
[DEBUG] Aakash score=0.100
[DEBUG] Kuldeep score=0.129
[DEBUG] Kuldeep score=0.129
[Entry-2] frame=20500 faces=2
[DEBUG] Amitabh Prajapati score=0.435
[DEBUG] Amitabh Prajapati score=0.435
[DEBUG] Meraj score=0.649
[DEBUG] Meraj score=0.649
[Entry-4] frame=20930 faces=0
[Entry-1] frame=19370 faces=2
[DEBUG] Aakash score=0.165
[DEBUG] Aakash score=0.165
[DEBUG] Meraj score=0.119
[DEBUG] Meraj score=0.119
[Entry-4] frame=20940 faces=0
[Entry-2] frame=20510 faces=2
[DEBUG] Meraj score=0.533
[DEBUG] Meraj score=0.533
[DEBUG] Amitabh Prajapati score=0.205
[DEBUG] Amitabh Prajapati score=0.205
[Entry-1] frame=19380 faces=2
[DEBUG] Aakash score=0.265
[DEBUG] Aakash score=0.265
[DEBUG] Kuldeep score=0.129
[DEBUG] Kuldeep score=0.129
[Entry-4] frame=20950 faces=0
[Entry-2] frame=20520 faces=2
[DEBUG] Meraj score=0.355
[DEBUG] Meraj score=0.355
[DEBUG] Praveen score=0.138
[DEBUG] Praveen score=0.138
[Entry-1] frame=19390 faces=2
[DEBUG] Aakash score=0.178
[DEBUG] Aakash score=0.178
[DEBUG] Meraj score=0.126
[DEBUG] Meraj score=0.126
[Entry-4] frame=20960 faces=0
[Entry-2] frame=20530 faces=2
[DEBUG] Amitabh Prajapati score=0.242
[DEBUG] Amitabh Prajapati score=0.242
[DEBUG] Meraj score=0.483
[DEBUG] Meraj score=0.483
[Entry-1] frame=19400 faces=2
[DEBUG] Aakash score=0.258
[DEBUG] Aakash score=0.258
[DEBUG] Neeraj  score=0.149
[DEBUG] Neeraj  score=0.149
[Entry-4] frame=20970 faces=0
[Entry-2] frame=20540 faces=1
[DEBUG] Meraj score=0.518
[DEBUG] Meraj score=0.518
[Entry-4] frame=20980 faces=0
[Entry-1] frame=19410 faces=2
[DEBUG] Aditya score=0.123
[DEBUG] Aditya score=0.123
[DEBUG] Aakash score=0.222
[DEBUG] Aakash score=0.222
[Entry-2] frame=20550 faces=2
[DEBUG] Meraj score=0.546
[DEBUG] Meraj score=0.546
[DEBUG] Amitabh Prajapati score=0.190
[DEBUG] Amitabh Prajapati score=0.190
[Entry-4] frame=20990 faces=0
[Entry-1] frame=19420 faces=2
[DEBUG] Aakash score=0.254
[DEBUG] Aakash score=0.254
[DEBUG] Prashant Kumar score=0.101
[DEBUG] Prashant Kumar score=0.101
[Entry-2] frame=20560 faces=2
[DEBUG] Meraj score=0.600
[DEBUG] Meraj score=0.600
[DEBUG] Amitabh Prajapati score=0.289
[DEBUG] Amitabh Prajapati score=0.289
[Entry-4] frame=21000 faces=0
[Entry-1] frame=19430 faces=2
[DEBUG] Aakash score=0.412
[DEBUG] Aakash score=0.412
[DEBUG] Neeraj  score=0.097
[DEBUG] Neeraj  score=0.097
[Entry-4] frame=21010 faces=0
[Entry-2] frame=20570 faces=2
[DEBUG] Meraj score=0.641
[DEBUG] Meraj score=0.641
[DEBUG] Amitabh Prajapati score=0.282
[DEBUG] Amitabh Prajapati score=0.282
[Entry-1] frame=19440 faces=2
[DEBUG] Aakash score=0.405
[DEBUG] Aakash score=0.405
[DEBUG] Amitabh Prajapati score=0.012
[DEBUG] Amitabh Prajapati score=0.012
[Entry-4] frame=21020 faces=0
[Entry-2] frame=20580 faces=0
[Entry-4] frame=21030 faces=0
[Entry-1] frame=19450 faces=1
[DEBUG] Aakash score=0.437
[DEBUG] Aakash score=0.437
[Entry-2] frame=20590 faces=2
[DEBUG] Meraj score=0.668
[DEBUG] Meraj score=0.668
[DEBUG] Amitabh Prajapati score=0.307
[DEBUG] Amitabh Prajapati score=0.307
[Entry-4] frame=21040 faces=0
[Entry-1] frame=19460 faces=2
[DEBUG] Aakash score=0.421
[DEBUG] Aakash score=0.421
[DEBUG] Kuldeep score=0.082
[DEBUG] Kuldeep score=0.082
[Entry-2] frame=20600 faces=2
[DEBUG] Meraj score=0.633
[DEBUG] Meraj score=0.633
[DEBUG] Amitabh Prajapati score=0.309
[DEBUG] Amitabh Prajapati score=0.309
[Entry-4] frame=21050 faces=0
[Entry-1] frame=19470 faces=1
[DEBUG] Aakash score=0.407
[DEBUG] Aakash score=0.407
[Entry-4] frame=21060 faces=0
[Entry-2] frame=20610 faces=1
[DEBUG] Amitabh Prajapati score=0.123
[DEBUG] Amitabh Prajapati score=0.123
[Entry-1] frame=19480 faces=2
[DEBUG] Aakash score=0.424
[DEBUG] Aakash score=0.424
[DEBUG] Rajan score=0.075
[DEBUG] Rajan score=0.075
[Entry-4] frame=21070 faces=0
[Entry-2] frame=20620 faces=1
[DEBUG] Ravi Shankar score=0.143
[DEBUG] Ravi Shankar score=0.143
[Entry-4] frame=21080 faces=0
[Entry-1] frame=19490 faces=2
[DEBUG] Aakash score=0.428
[DEBUG] Aakash score=0.428
[DEBUG] Kajal score=0.066
[DEBUG] Kajal score=0.066
[Entry-2] frame=20630 faces=1
[DEBUG] Amitabh Prajapati score=0.190
[DEBUG] Amitabh Prajapati score=0.190
[Entry-4] frame=21090 faces=0
[Entry-1] frame=19500 faces=2
[DEBUG] Aakash score=0.439
[DEBUG] Aakash score=0.439
[DEBUG] Aditya score=0.128
[DEBUG] Aditya score=0.128
[Entry-4] frame=21100 faces=0
[Entry-2] frame=20640 faces=2
[DEBUG] Amitabh Prajapati score=0.437
[DEBUG] Amitabh Prajapati score=0.437
[DEBUG] Kajal score=0.105
[DEBUG] Kajal score=0.105
[Entry-4] frame=21110 faces=0
[Entry-1] frame=19510 faces=2
[DEBUG] Aakash score=0.382
[DEBUG] Aakash score=0.382
[DEBUG] Aakash score=0.108
[DEBUG] Aakash score=0.108
[Entry-2] frame=20650 faces=2
[DEBUG] Amitabh Prajapati score=0.310
[DEBUG] Amitabh Prajapati score=0.310
[DEBUG] Meraj score=0.407
[DEBUG] Meraj score=0.407
[Entry-4] frame=21120 faces=0
[Entry-1] frame=19520 faces=2
[DEBUG] Aakash score=0.167
[DEBUG] Aakash score=0.167
[DEBUG] Prashant Kumar score=0.032
[DEBUG] Prashant Kumar score=0.032
[Entry-2] frame=20660 faces=1
[DEBUG] Amitabh Prajapati score=0.476
[DEBUG] Amitabh Prajapati score=0.476
[Entry-4] frame=21130 faces=0
[Entry-4] frame=21140 faces=0
[Entry-2] frame=20670 faces=1
[DEBUG] Amitabh Prajapati score=0.477
[DEBUG] Amitabh Prajapati score=0.477
[Entry-1] frame=19530 faces=2
[DEBUG] Aakash score=0.364
[DEBUG] Aakash score=0.364
[DEBUG] Aakash score=0.051
[DEBUG] Aakash score=0.051
[Entry-4] frame=21150 faces=0
[Entry-2] frame=20680 faces=2
[DEBUG] Meraj score=0.600
[DEBUG] Meraj score=0.600
[DEBUG] Amitabh Prajapati score=0.268
[DEBUG] Amitabh Prajapati score=0.268
[Entry-4] frame=21160 faces=0
[Entry-1] frame=19540 faces=2
[DEBUG] Aakash score=0.162
[DEBUG] Aakash score=0.162
[DEBUG] Kuldeep score=0.103
[DEBUG] Kuldeep score=0.103
[Entry-2] frame=20690 faces=1
[DEBUG] Meraj score=0.411
[DEBUG] Meraj score=0.411
[Entry-4] frame=21170 faces=0
[Entry-1] frame=19550 faces=2
[DEBUG] Aakash score=0.049
[DEBUG] Aakash score=0.049
[DEBUG] Ravi Shankar score=0.082
[DEBUG] Ravi Shankar score=0.082
[Entry-4] frame=21180 faces=0
[Entry-2] frame=20700 faces=1
[DEBUG] Meraj score=0.441
[DEBUG] Meraj score=0.441
[Entry-1] frame=19560 faces=2
[DEBUG] Kuldeep score=0.102
[DEBUG] Kuldeep score=0.102
[DEBUG] Meraj score=0.124
[DEBUG] Meraj score=0.124
[Entry-4] frame=21190 faces=0
[Entry-2] frame=20710 faces=2
[DEBUG] Meraj score=0.465
[DEBUG] Meraj score=0.465
[DEBUG] Amitabh Prajapati score=0.182
[DEBUG] Amitabh Prajapati score=0.182
[Entry-1] frame=19570 faces=2
[DEBUG] Rajan score=0.121
[DEBUG] Rajan score=0.121
[DEBUG] Meraj score=0.153
[DEBUG] Meraj score=0.153
[Entry-4] frame=21200 faces=0
[Entry-2] frame=20720 faces=2
[DEBUG] Meraj score=0.467
[DEBUG] Meraj score=0.467
[DEBUG] Ravi Shankar score=0.072
[DEBUG] Ravi Shankar score=0.072
[Entry-4] frame=21210 faces=0
[Entry-1] frame=19580 faces=2
[DEBUG] Aakash score=0.167
[DEBUG] Aakash score=0.167
[DEBUG] Meraj score=0.160
[DEBUG] Meraj score=0.160
[Entry-4] frame=21220 faces=0
[Entry-2] frame=20730 faces=2
[DEBUG] Meraj score=0.516
[DEBUG] Meraj score=0.516
[DEBUG] Amitabh Prajapati score=0.386
[DEBUG] Amitabh Prajapati score=0.386
[Entry-1] frame=19590 faces=2
[DEBUG] Aakash score=0.171
[DEBUG] Aakash score=0.171
[DEBUG] Ravi Shankar score=0.060
[DEBUG] Ravi Shankar score=0.060
[Entry-4] frame=21230 faces=0
[Entry-2] frame=20740 faces=2
[DEBUG] Meraj score=0.604
[DEBUG] Meraj score=0.604
[DEBUG] Satya  score=0.081
[DEBUG] Satya  score=0.081
[Entry-1] frame=19600 faces=2
[DEBUG] Aakash score=0.201
[DEBUG] Aakash score=0.201
[DEBUG] Ravi Shankar score=0.060
[DEBUG] Ravi Shankar score=0.060
[Entry-4] frame=21240 faces=0
[Entry-2] frame=20750 faces=1
[DEBUG] Meraj score=0.549
[DEBUG] Meraj score=0.549
[Entry-4] frame=21250 faces=0
[Entry-1] frame=19610 faces=2
[DEBUG] Rajan score=0.129
[DEBUG] Rajan score=0.129
[DEBUG] Meraj score=0.073
[DEBUG] Meraj score=0.073
[Entry-2] frame=20760 faces=0
[Entry-4] frame=21260 faces=0
[Entry-2] frame=20770 faces=1
[DEBUG] Amitabh Prajapati score=0.095
[DEBUG] Amitabh Prajapati score=0.095
[Entry-1] frame=19620 faces=2
[DEBUG] Aakash score=0.365
[DEBUG] Aakash score=0.365
[DEBUG] Prashant Kumar score=0.083
[DEBUG] Prashant Kumar score=0.083
[Entry-4] frame=21270 faces=0
[Entry-4] frame=21280 faces=0
[Entry-2] frame=20780 faces=1
[DEBUG] Amitabh Prajapati score=0.154
[DEBUG] Amitabh Prajapati score=0.154
[Entry-1] frame=19630 faces=2
[DEBUG] Aakash score=0.383
[DEBUG] Aakash score=0.383
[DEBUG] Aakash score=0.058
[DEBUG] Aakash score=0.058
[Entry-4] frame=21290 faces=0
[Entry-2] frame=20790 faces=2
[DEBUG] Amitabh Prajapati score=0.272
[DEBUG] Amitabh Prajapati score=0.272
[DEBUG] Meraj score=0.295
[DEBUG] Meraj score=0.295
[Entry-1] frame=19640 faces=2
[DEBUG] Aakash score=0.436
[DEBUG] Aakash score=0.436
[DEBUG] Neeraj  score=0.070
[DEBUG] Neeraj  score=0.070
[Entry-4] frame=21300 faces=0
[Entry-2] frame=20800 faces=2
[DEBUG] Meraj score=0.313
[DEBUG] Meraj score=0.313
[DEBUG] Amitabh Prajapati score=0.447
[DEBUG] Amitabh Prajapati score=0.447
[Entry-4] frame=21310 faces=0
[Entry-1] frame=19650 faces=2
[DEBUG] Aakash score=0.438
[DEBUG] Aakash score=0.438
[DEBUG] Aakash score=0.055
[DEBUG] Aakash score=0.055
[Entry-4] frame=21320 faces=0
[Entry-2] frame=20810 faces=2
[DEBUG] Amitabh Prajapati score=0.463
[DEBUG] Amitabh Prajapati score=0.463
[DEBUG] Meraj score=0.471
[DEBUG] Meraj score=0.471
[Entry-1] frame=19660 faces=2
[DEBUG] Aakash score=0.405
[DEBUG] Aakash score=0.405
[DEBUG] Aakash score=0.098
[DEBUG] Aakash score=0.098
[Entry-4] frame=21330 faces=0
[Entry-2] frame=20820 faces=1
[DEBUG] Amitabh Prajapati score=0.497
[DEBUG] Amitabh Prajapati score=0.497
[Entry-1] frame=19670 faces=2
[DEBUG] Prashant Kumar score=0.073
[DEBUG] Prashant Kumar score=0.073
[DEBUG] Aakash score=0.071
[DEBUG] Aakash score=0.071
[Entry-4] frame=21340 faces=0
[Entry-2] frame=20830 faces=1
[DEBUG] Amitabh Prajapati score=0.520
[DEBUG] Amitabh Prajapati score=0.520
[Entry-1] frame=19680 faces=2
[DEBUG] Ravi Shankar score=0.085
[DEBUG] Ravi Shankar score=0.085
[DEBUG] Amitabh Prajapati score=0.046
[DEBUG] Amitabh Prajapati score=0.046
[Entry-4] frame=21350 faces=0
[Entry-2] frame=20840 faces=2
[DEBUG] Amitabh Prajapati score=0.367
[DEBUG] Amitabh Prajapati score=0.367
[DEBUG] Ravi Shankar score=0.092
[DEBUG] Ravi Shankar score=0.092
[Entry-1] frame=19690 faces=2
[DEBUG] Satya  score=0.047
[DEBUG] Satya  score=0.047
[DEBUG] Rajan score=0.046
[DEBUG] Rajan score=0.046
[Entry-4] frame=21360 faces=0
[Entry-2] frame=20850 faces=1
[DEBUG] Amitabh Prajapati score=0.159
[DEBUG] Amitabh Prajapati score=0.159
[Entry-4] frame=21370 faces=0
[Entry-1] frame=19700 faces=2
[DEBUG] Amitabh Prajapati score=0.042
[DEBUG] Amitabh Prajapati score=0.042
[DEBUG] Neeraj  score=0.046
[DEBUG] Neeraj  score=0.046
[Entry-2] frame=20860 faces=1
[DEBUG] Meraj score=0.274
[DEBUG] Meraj score=0.274
[Entry-4] frame=21380 faces=0
[Entry-1] frame=19710 faces=1
[DEBUG] Satya  score=0.085
[DEBUG] Satya  score=0.085
[Entry-2] frame=20870 faces=2
[DEBUG] Meraj score=0.512
[DEBUG] Meraj score=0.512
[DEBUG] Meraj score=0.016
[DEBUG] Meraj score=0.016
[Entry-4] frame=21390 faces=0
[Entry-1] frame=19720 faces=1
[DEBUG] Meraj score=0.049
[DEBUG] Meraj score=0.049
[Entry-4] frame=21400 faces=0
[Entry-2] frame=20880 faces=1
[DEBUG] Meraj score=0.345
[DEBUG] Meraj score=0.345
[Entry-1] frame=19730 faces=1
[DEBUG] Satya  score=0.039
[DEBUG] Satya  score=0.039
[Entry-4] frame=21410 faces=0
[Entry-2] frame=20890 faces=0
[Entry-1] frame=19740 faces=0
[Entry-4] frame=21420 faces=0
[Entry-2] frame=20900 faces=0
[Entry-1] frame=19750 faces=1
[DEBUG] Ravi Shankar score=0.025
[DEBUG] Ravi Shankar score=0.025
[Entry-4] frame=21430 faces=0
[Entry-2] frame=20910 faces=0
[Entry-1] frame=19760 faces=1
[DEBUG] Ravi Shankar score=0.042
[DEBUG] Ravi Shankar score=0.042
[Entry-4] frame=21440 faces=0
[Entry-2] frame=20920 faces=1
[DEBUG] Ravi Shankar score=0.115
[DEBUG] Ravi Shankar score=0.115
[Entry-1] frame=19770 faces=2
[DEBUG] Sunny  score=0.038
[DEBUG] Sunny  score=0.038
[DEBUG] Amitabh Prajapati score=0.080
[DEBUG] Amitabh Prajapati score=0.080
[Entry-4] frame=21450 faces=0
[Entry-2] frame=20930 faces=1
[DEBUG] Praveen score=0.317
[DEBUG] Praveen score=0.317
[Entry-4] frame=21460 faces=0
[Entry-1] frame=19780 faces=2
[DEBUG] Kuldeep score=0.078
[DEBUG] Kuldeep score=0.078
[DEBUG] Neeraj  score=0.196
[DEBUG] Neeraj  score=0.196
[Entry-2] frame=20940 faces=0
[Entry-4] frame=21470 faces=0
[Entry-2] frame=20950 faces=0
[Entry-1] frame=19790 faces=2
[DEBUG] Aakash score=0.407
[DEBUG] Aakash score=0.407
[DEBUG] Kuldeep score=0.155
[DEBUG] Kuldeep score=0.155
[Entry-4] frame=21480 faces=0
[Entry-2] frame=20960 faces=1
[DEBUG] Praveen score=0.361
[DEBUG] Praveen score=0.361
[Entry-1] frame=19800 faces=2
[DEBUG] Aakash score=0.194
[DEBUG] Aakash score=0.194
[DEBUG] Aakash score=0.157
[DEBUG] Aakash score=0.157
[Entry-4] frame=21490 faces=0
[Entry-2] frame=20970 faces=2
[DEBUG] Amitabh Prajapati score=0.395
[DEBUG] Amitabh Prajapati score=0.395
[DEBUG] Praveen score=0.319
[DEBUG] Praveen score=0.319
[Entry-1] frame=19810 faces=2
[DEBUG] Aakash score=0.273
[DEBUG] Aakash score=0.273
[DEBUG] Kuldeep score=0.159
[DEBUG] Kuldeep score=0.159
[Entry-4] frame=21500 faces=0
[Entry-2] frame=20980 faces=2
[DEBUG] Amitabh Prajapati score=0.378
[DEBUG] Amitabh Prajapati score=0.378
[DEBUG] Praveen score=0.419
[DEBUG] Praveen score=0.419
[Entry-4] frame=21510 faces=0
[Entry-1] frame=19820 faces=2
[DEBUG] Prashant Kumar score=0.126
[DEBUG] Prashant Kumar score=0.126
[DEBUG] Aditya score=0.090
[DEBUG] Aditya score=0.090
[Entry-4] frame=21520 faces=0
[Entry-2] frame=20990 faces=2
[DEBUG] Amitabh Prajapati score=0.191
[DEBUG] Amitabh Prajapati score=0.191
[DEBUG] Praveen score=0.439
[DEBUG] Praveen score=0.439
[Entry-1] frame=19830 faces=2
[DEBUG] Rajan score=0.162
[DEBUG] Rajan score=0.162
[DEBUG] Aditya score=0.072
[DEBUG] Aditya score=0.072
[Entry-4] frame=21530 faces=0
[Entry-2] frame=21000 faces=0
[Entry-1] frame=19840 faces=2
[DEBUG] Rajan score=0.155
[DEBUG] Rajan score=0.155
[DEBUG] Rajan score=0.041
[DEBUG] Rajan score=0.041
[Entry-4] frame=21540 faces=0
[Entry-2] frame=21010 faces=0
[Entry-1] frame=19850 faces=1
[DEBUG] Prashant Kumar score=0.156
[DEBUG] Prashant Kumar score=0.156
[Entry-4] frame=21550 faces=0
[Entry-2] frame=21020 faces=0
[Entry-1] frame=19860 faces=1
[DEBUG] Meraj score=0.029
[DEBUG] Meraj score=0.029
[Entry-2] frame=21030 faces=0
[Entry-4] frame=21560 faces=1
[DEBUG] Rishu Kumar score=0.100
[DEBUG] Rishu Kumar score=0.100
[Entry-2] frame=21040 faces=0
[Entry-1] frame=19870 faces=2
[DEBUG] Aakash score=0.130
[DEBUG] Aakash score=0.130
[DEBUG] Kuldeep score=0.086
[DEBUG] Kuldeep score=0.086
[Entry-4] frame=21570 faces=1
[DEBUG] Ravi Shankar score=0.091
[DEBUG] Ravi Shankar score=0.091
[Entry-2] frame=21050 faces=1
[DEBUG] Amitabh Prajapati score=0.244
[DEBUG] Amitabh Prajapati score=0.244
[Entry-4] frame=21580 faces=1
[DEBUG] Rishu Kumar score=0.107
[DEBUG] Rishu Kumar score=0.107
[Entry-1] frame=19880 faces=2
[DEBUG] Aakash score=0.318
[DEBUG] Aakash score=0.318
[DEBUG] Meraj score=0.089
[DEBUG] Meraj score=0.089
[Entry-2] frame=21060 faces=1
[DEBUG] Prashant Kumar score=0.063
[DEBUG] Prashant Kumar score=0.063
[Entry-4] frame=21590 faces=0
[Entry-1] frame=19890 faces=2
[DEBUG] Vikas Sharma score=0.041
[DEBUG] Vikas Sharma score=0.041
[DEBUG] Prashant Kumar score=0.065
[DEBUG] Prashant Kumar score=0.065
[Entry-2] frame=21070 faces=0
[Entry-4] frame=21600 faces=0
[Entry-1] frame=19900 faces=2
[DEBUG] Aakash score=0.206
[DEBUG] Aakash score=0.206
[DEBUG] Prashant Kumar score=0.088
[DEBUG] Prashant Kumar score=0.088
[Entry-2] frame=21080 faces=0
[Entry-4] frame=21610 faces=0
[Entry-2] frame=21090 faces=0
[Entry-1] frame=19910 faces=2
[DEBUG] Aakash score=0.319
[DEBUG] Aakash score=0.319
[DEBUG] Kuldeep score=0.108
[DEBUG] Kuldeep score=0.108
[Entry-4] frame=21620 faces=0
[Entry-2] frame=21100 faces=1
[DEBUG] Rishu Kumar score=0.272
[DEBUG] Rishu Kumar score=0.272
[Entry-4] frame=21630 faces=0
[Entry-1] frame=19920 faces=2
[DEBUG] Meraj score=0.098
[DEBUG] Meraj score=0.098
[DEBUG] Aakash score=0.064
[DEBUG] Aakash score=0.064
[Entry-4] frame=21640 faces=0
[Entry-2] frame=21110 faces=1
[DEBUG] Rishu Kumar score=0.437
[DEBUG] Rishu Kumar score=0.437
[Entry-1] frame=19930 faces=2
[DEBUG] Prashant Kumar score=0.042
[DEBUG] Prashant Kumar score=0.042
[DEBUG] Kuldeep score=0.141
[DEBUG] Kuldeep score=0.141
[Entry-4] frame=21650 faces=0
[Entry-2] frame=21120 faces=1
[DEBUG] Rishu Kumar score=0.477
[DEBUG] Rishu Kumar score=0.477
[Entry-1] frame=19940 faces=2
[DEBUG] Aakash score=0.223
[DEBUG] Aakash score=0.223
[DEBUG] Kuldeep score=0.105
[DEBUG] Kuldeep score=0.105
[Entry-4] frame=21660 faces=0
[Entry-2] frame=21130 faces=1
[DEBUG] Rishu Kumar score=0.300
[DEBUG] Rishu Kumar score=0.300
[Entry-1] frame=19950 faces=2
[DEBUG] Satya  score=0.052
[DEBUG] Satya  score=0.052
[DEBUG] Meraj score=0.096
[DEBUG] Meraj score=0.096
[Entry-4] frame=21670 faces=0
[Entry-2] frame=21140 faces=0
[Entry-1] frame=19960 faces=1
[DEBUG] Aditya score=0.038
[DEBUG] Aditya score=0.038
[Entry-4] frame=21680 faces=0
[Entry-2] frame=21150 faces=0
[Entry-4] frame=21690 faces=0
[Entry-1] frame=19970 faces=2
[DEBUG] Meraj score=0.140
[DEBUG] Meraj score=0.140
[DEBUG] Aakash score=0.169
[DEBUG] Aakash score=0.169
[Entry-2] frame=21160 faces=0
[Entry-4] frame=21700 faces=0
[Entry-2] frame=21170 faces=0
[Entry-1] frame=19980 faces=2
[DEBUG] Aakash score=0.104
[DEBUG] Aakash score=0.104
[DEBUG] Meraj score=0.116
[DEBUG] Meraj score=0.116
[reload] embeddings.pkl changed — reloading ...
[reload] ✅ embeddings.pkl reloaded — 16 employee(s) active.
[Entry-4] frame=21710 faces=0
[Entry-2] frame=21180 faces=0
[Entry-1] frame=19990 faces=2
[DEBUG] Aakash score=0.204
[DEBUG] Aakash score=0.204
[DEBUG] Rishu Kumar score=0.193
[DEBUG] Rishu Kumar score=0.193
[Entry-4] frame=21720 faces=0
[Entry-2] frame=21190 faces=0
[Entry-1] frame=20000 faces=2
[DEBUG] Kuldeep score=0.110
[DEBUG] Kuldeep score=0.110
[DEBUG] Aakash score=0.089
[DEBUG] Aakash score=0.089
[Entry-4] frame=21730 faces=0
[Entry-2] frame=21200 faces=0
[Entry-1] frame=20010 faces=1
[DEBUG] Kuldeep score=0.102
[DEBUG] Kuldeep score=0.102
[Entry-4] frame=21740 faces=0
[Entry-2] frame=21210 faces=0
[Entry-1] frame=20020 faces=1
[DEBUG] Aakash score=0.158
[DEBUG] Aakash score=0.158
[Entry-4] frame=21750 faces=0
[Entry-2] frame=21220 faces=0
[Entry-4] frame=21760 faces=0
[Entry-1] frame=20030 faces=1
[DEBUG] Kuldeep score=0.098
[DEBUG] Kuldeep score=0.098
[Entry-2] frame=21230 faces=0
[Entry-4] frame=21770 faces=0
[Entry-1] frame=20040 faces=1
[DEBUG] Kuldeep score=0.161
[DEBUG] Kuldeep score=0.161
[Entry-2] frame=21240 faces=0
[Entry-4] frame=21780 faces=0
[Entry-1] frame=20050 faces=1
[DEBUG] Aakash score=0.130
[DEBUG] Aakash score=0.130
[Entry-2] frame=21250 faces=0
[Entry-4] frame=21790 faces=0
[Entry-2] frame=21260 faces=0
[Entry-1] frame=20060 faces=2
[DEBUG] Aakash score=0.465
[DEBUG] Aakash score=0.465
[DEBUG] Kuldeep score=0.227
[DEBUG] Kuldeep score=0.227
[Entry-4] frame=21800 faces=0
[Entry-2] frame=21270 faces=0
[Entry-1] frame=20070 faces=2
[DEBUG] Meraj score=0.158
[DEBUG] Meraj score=0.158
[DEBUG] Aakash score=0.167
[DEBUG] Aakash score=0.167
[Entry-4] frame=21810 faces=0
[Entry-2] frame=21280 faces=0
[Entry-1] frame=20080 faces=2
[DEBUG] Kuldeep score=0.114
[DEBUG] Kuldeep score=0.114
[DEBUG] Meraj score=0.048
[DEBUG] Meraj score=0.048
[Entry-4] frame=21820 faces=0
[Entry-2] frame=21290 faces=0
[Entry-1] frame=20090 faces=1
[DEBUG] Meraj score=0.093
[DEBUG] Meraj score=0.093
[Entry-4] frame=21830 faces=0
[Entry-2] frame=21300 faces=1
[DEBUG] Rajan score=0.188
[DEBUG] Rajan score=0.188
[Entry-1] frame=20100 faces=1
[DEBUG] Meraj score=0.127
[DEBUG] Meraj score=0.127
[Entry-4] frame=21840 faces=0
[Entry-2] frame=21310 faces=1
[DEBUG] Rishu Kumar score=0.553
[DEBUG] Rishu Kumar score=0.553
[Entry-1] frame=20110 faces=1
[DEBUG] Meraj score=0.138
[DEBUG] Meraj score=0.138
[Entry-4] frame=21850 faces=0
[Entry-2] frame=21320 faces=1
[DEBUG] Rishu Kumar score=0.519
[DEBUG] Rishu Kumar score=0.519
[Entry-4] frame=21860 faces=0
[Entry-1] frame=20120 faces=1
[DEBUG] Kuldeep score=0.154
[DEBUG] Kuldeep score=0.154
[Entry-2] frame=21330 faces=1
[DEBUG] Meraj score=0.238
[DEBUG] Meraj score=0.238
[Entry-4] frame=21870 faces=0
[Entry-1] frame=20130 faces=1
[DEBUG] Kuldeep score=0.110
[DEBUG] Kuldeep score=0.110
[Entry-2] frame=21340 faces=2
[DEBUG] Rishu Kumar score=0.217
[DEBUG] Rishu Kumar score=0.217
[DEBUG] Ravi Shankar score=0.110
[DEBUG] Ravi Shankar score=0.110
[Entry-4] frame=21880 faces=0
[Entry-1] frame=20140 faces=1
[DEBUG] Aditya score=0.117
[DEBUG] Aditya score=0.117
[Entry-2] frame=21350 faces=1
[DEBUG] Rishu Kumar score=0.284
[DEBUG] Rishu Kumar score=0.284
[Entry-4] frame=21890 faces=0
[Entry-1] frame=20150 faces=1
[DEBUG] Aditya score=0.109
[DEBUG] Aditya score=0.109
[Entry-2] frame=21360 faces=1
[DEBUG] Amitabh Prajapati score=0.117
[DEBUG] Amitabh Prajapati score=0.117
[Entry-4] frame=21900 faces=0
[Entry-1] frame=20160 faces=1
[DEBUG] Kuldeep score=0.129
[DEBUG] Kuldeep score=0.129
[Entry-2] frame=21370 faces=0
[Entry-4] frame=21910 faces=0
[Entry-1] frame=20170 faces=1
[DEBUG] Kuldeep score=0.079
[DEBUG] Kuldeep score=0.079
[Entry-4] frame=21920 faces=0
[Entry-2] frame=21380 faces=2
[DEBUG] Prashant Kumar score=0.177
[DEBUG] Prashant Kumar score=0.177
[DEBUG] Prashant Kumar score=0.056
[DEBUG] Prashant Kumar score=0.056
[Entry-1] frame=20180 faces=1
[DEBUG] Meraj score=0.133
[DEBUG] Meraj score=0.133
[Entry-4] frame=21930 faces=0
[Entry-2] frame=21390 faces=1
[DEBUG] Aakash score=0.075
[DEBUG] Aakash score=0.075
[Entry-1] frame=20190 faces=1
[DEBUG] Kuldeep score=0.163
[DEBUG] Kuldeep score=0.163
[Entry-4] frame=21940 faces=0
[Entry-2] frame=21400 faces=0
[Entry-1] frame=20200 faces=1
[DEBUG] Kuldeep score=0.177
[DEBUG] Kuldeep score=0.177
[Entry-4] frame=21950 faces=0
[Entry-2] frame=21410 faces=0
[Entry-1] frame=20210 faces=0
[Entry-4] frame=21960 faces=0
[Entry-2] frame=21420 faces=1
[DEBUG] Rajan score=0.044
[DEBUG] Rajan score=0.044
[Entry-1] frame=20220 faces=0
[Entry-4] frame=21970 faces=0
[Entry-2] frame=21430 faces=1
[DEBUG] Rajan score=0.056
[DEBUG] Rajan score=0.056
[Entry-1] frame=20230 faces=0
[Entry-4] frame=21980 faces=0
[Entry-2] frame=21440 faces=0
[Entry-1] frame=20240 faces=0
[Entry-4] frame=21990 faces=0
[Entry-2] frame=21450 faces=2
[DEBUG] Rajan score=0.042
[DEBUG] Rajan score=0.042
[DEBUG] Rishu Kumar score=0.092
[DEBUG] Rishu Kumar score=0.092
[Entry-1] frame=20250 faces=0
[Entry-4] frame=22000 faces=0
[Entry-2] frame=21460 faces=1
[DEBUG] Aakash score=0.058
[DEBUG] Aakash score=0.058
[Entry-1] frame=20260 faces=0
[Entry-4] frame=22010 faces=0
[Entry-2] frame=21470 faces=0
[Entry-1] frame=20270 faces=0
[Entry-4] frame=22020 faces=0
[Entry-2] frame=21480 faces=0
[Entry-1] frame=20280 faces=0
[Entry-4] frame=22030 faces=0
[Entry-2] frame=21490 faces=0
[Entry-1] frame=20290 faces=0
[Entry-4] frame=22040 faces=0
[Entry-1] frame=20300 faces=0
[Entry-2] frame=21500 faces=1
[DEBUG] Amitabh Prajapati score=0.035
[DEBUG] Amitabh Prajapati score=0.035
[Entry-4] frame=22050 faces=0
[Entry-1] frame=20310 faces=0
[Entry-2] frame=21510 faces=0
[Entry-4] frame=22060 faces=0
[Entry-2] frame=21520 faces=0
[Entry-1] frame=20320 faces=1
[DEBUG] Aditya score=0.145
[DEBUG] Aditya score=0.145
[Entry-4] frame=22070 faces=0
[Entry-2] frame=21530 faces=0
[Entry-1] frame=20330 faces=0
[Entry-4] frame=22080 faces=0
[Entry-2] frame=21540 faces=0
[Entry-1] frame=20340 faces=0
[Entry-4] frame=22090 faces=0
[Entry-2] frame=21550 faces=0
[Entry-1] frame=20350 faces=0
[Entry-4] frame=22100 faces=0
[Entry-1] frame=20360 faces=0
[Entry-2] frame=21560 faces=1
[DEBUG] Prashant Kumar score=0.068
[DEBUG] Prashant Kumar score=0.068
[Entry-4] frame=22110 faces=0
[Entry-2] frame=21570 faces=0
[Entry-1] frame=20370 faces=1
[DEBUG] Prashant Kumar score=0.140
[DEBUG] Prashant Kumar score=0.140
[Entry-4] frame=22120 faces=0
[Entry-2] frame=21580 faces=0
[Entry-1] frame=20380 faces=1
[DEBUG] Aakash score=0.138
[DEBUG] Aakash score=0.138
[Entry-4] frame=22130 faces=0
[Entry-2] frame=21590 faces=0
[Entry-1] frame=20390 faces=1
[DEBUG] Aakash score=0.135
[DEBUG] Aakash score=0.135
[Entry-4] frame=22140 faces=0
[Entry-2] frame=21600 faces=1
[DEBUG] Rishu Kumar score=0.396
[DEBUG] Rishu Kumar score=0.396
[Entry-1] frame=20400 faces=1
[DEBUG] Neeraj  score=0.146
[DEBUG] Neeraj  score=0.146
[Entry-4] frame=22150 faces=0
[Entry-2] frame=21610 faces=1
[DEBUG] Rishu Kumar score=0.318
[DEBUG] Rishu Kumar score=0.318
[Entry-4] frame=22160 faces=0
[Entry-1] frame=20410 faces=1
[DEBUG] Rajan score=0.144
[DEBUG] Rajan score=0.144
[Entry-2] frame=21620 faces=1
[DEBUG] Rishu Kumar score=0.555
[DEBUG] Rishu Kumar score=0.555
[Entry-4] frame=22170 faces=0
[Entry-1] frame=20420 faces=0
[Entry-2] frame=21630 faces=1
[DEBUG] Rishu Kumar score=0.275
[DEBUG] Rishu Kumar score=0.275
[Entry-4] frame=22180 faces=0
[Entry-1] frame=20430 faces=1
[DEBUG] Meraj score=0.080
[DEBUG] Meraj score=0.080
[Entry-4] frame=22190 faces=0
[Entry-2] frame=21640 faces=1
[DEBUG] Rishu Kumar score=0.532
[DEBUG] Rishu Kumar score=0.532
[Entry-1] frame=20440 faces=1
[DEBUG] Meraj score=0.049
[DEBUG] Meraj score=0.049
[Entry-4] frame=22200 faces=0
[Entry-2] frame=21650 faces=1
[DEBUG] Rishu Kumar score=0.370
[DEBUG] Rishu Kumar score=0.370
[Entry-1] frame=20450 faces=1
[DEBUG] Prashant Kumar score=0.134
[DEBUG] Prashant Kumar score=0.134
[Entry-4] frame=22210 faces=0
[Entry-2] frame=21660 faces=1
[DEBUG] Rishu Kumar score=0.575
[DEBUG] Rishu Kumar score=0.575
[Entry-1] frame=20460 faces=1
[DEBUG] Prashant Kumar score=0.168
[DEBUG] Prashant Kumar score=0.168
[Entry-4] frame=22220 faces=0
[Entry-2] frame=21670 faces=1
[DEBUG] Rishu Kumar score=0.245
[DEBUG] Rishu Kumar score=0.245
[Entry-1] frame=20470 faces=1
[DEBUG] Rajan score=0.138
[DEBUG] Rajan score=0.138
[Entry-4] frame=22230 faces=0
[Entry-2] frame=21680 faces=1
[DEBUG] Rishu Kumar score=0.470
[DEBUG] Rishu Kumar score=0.470
[Entry-1] frame=20480 faces=1
[DEBUG] Rajan score=0.160
[DEBUG] Rajan score=0.160
[Entry-4] frame=22240 faces=0
[Entry-2] frame=21690 faces=1
[DEBUG] Rishu Kumar score=0.420
[DEBUG] Rishu Kumar score=0.420
[Entry-1] frame=20490 faces=1
[DEBUG] Neeraj  score=0.100
[DEBUG] Neeraj  score=0.100
[Entry-4] frame=22250 faces=0
[Entry-2] frame=21700 faces=2
[DEBUG] Rishu Kumar score=0.405
[DEBUG] Rishu Kumar score=0.405
[DEBUG] Praveen score=0.061
[DEBUG] Praveen score=0.061
[Entry-1] frame=20500 faces=1
[DEBUG] Prashant Kumar score=0.162
[DEBUG] Prashant Kumar score=0.162
[Entry-4] frame=22260 faces=0
[Entry-2] frame=21710 faces=1
[DEBUG] Rishu Kumar score=0.461
[DEBUG] Rishu Kumar score=0.461
[Entry-1] frame=20510 faces=1
[DEBUG] Aditya score=0.138
[DEBUG] Aditya score=0.138
[Entry-4] frame=22270 faces=0
[Entry-2] frame=21720 faces=1
[DEBUG] Rishu Kumar score=0.531
[DEBUG] Rishu Kumar score=0.531
[Entry-4] frame=22280 faces=0
[Entry-1] frame=20520 faces=2
[DEBUG] Kajal score=0.188
[DEBUG] Kajal score=0.188
[DEBUG] Aakash score=0.144
[DEBUG] Aakash score=0.144
[Entry-4] frame=22290 faces=0
[Entry-2] frame=21730 faces=2
[DEBUG] Rishu Kumar score=0.578
[DEBUG] Rishu Kumar score=0.578
[DEBUG] Praveen score=0.083
[DEBUG] Praveen score=0.083
[Entry-1] frame=20530 faces=1
[DEBUG] Kuldeep score=0.156
[DEBUG] Kuldeep score=0.156
[Entry-4] frame=22300 faces=0
[Entry-2] frame=21740 faces=2
[DEBUG] Rishu Kumar score=0.380
[DEBUG] Rishu Kumar score=0.380
[DEBUG] Amitabh Prajapati score=0.108
[DEBUG] Amitabh Prajapati score=0.108
[Entry-1] frame=20540 faces=1
[DEBUG] Meraj score=0.035
[DEBUG] Meraj score=0.035
[Entry-4] frame=22310 faces=0
[Entry-1] frame=20550 faces=0
[Entry-2] frame=21750 faces=1
[DEBUG] Amitabh Prajapati score=0.292
[DEBUG] Amitabh Prajapati score=0.292
[Entry-4] frame=22320 faces=0
[Entry-1] frame=20560 faces=0
[Entry-2] frame=21760 faces=0
[Entry-4] frame=22330 faces=0
[Entry-1] frame=20570 faces=0
[Entry-2] frame=21770 faces=0
[Entry-4] frame=22340 faces=0
[Entry-1] frame=20580 faces=0
[Entry-2] frame=21780 faces=1
[DEBUG] Amitabh Prajapati score=0.423
[DEBUG] Amitabh Prajapati score=0.423
[Entry-4] frame=22350 faces=0
[Entry-1] frame=20590 faces=1
[DEBUG] Kuldeep score=0.081
[DEBUG] Kuldeep score=0.081
[Entry-2] frame=21790 faces=0
[Entry-4] frame=22360 faces=0
[Entry-2] frame=21800 faces=0
[Entry-1] frame=20600 faces=1
[DEBUG] Meraj score=0.065
[DEBUG] Meraj score=0.065
[Entry-4] frame=22370 faces=0
[Entry-2] frame=21810 faces=0
[Entry-1] frame=20610 faces=1
[DEBUG] Aakash score=0.089
[DEBUG] Aakash score=0.089
[Entry-4] frame=22380 faces=0
[Entry-2] frame=21820 faces=0
[Entry-1] frame=20620 faces=1
[DEBUG] Aakash score=0.107
[DEBUG] Aakash score=0.107
[Entry-4] frame=22390 faces=0
[Entry-2] frame=21830 faces=1
[DEBUG] Praveen score=0.194
[DEBUG] Praveen score=0.194
[Entry-1] frame=20630 faces=1
[DEBUG] Kuldeep score=0.121
[DEBUG] Kuldeep score=0.121
[Entry-4] frame=22400 faces=0
[Entry-2] frame=21840 faces=1
[DEBUG] Amitabh Prajapati score=0.131
[DEBUG] Amitabh Prajapati score=0.131
[Entry-1] frame=20640 faces=1
[DEBUG] Kuldeep score=0.108
[DEBUG] Kuldeep score=0.108
[Entry-4] frame=22410 faces=0
[Entry-2] frame=21850 faces=1
[DEBUG] Praveen score=0.195
[DEBUG] Praveen score=0.195
[Entry-1] frame=20650 faces=1
[DEBUG] Kuldeep score=0.084
[DEBUG] Kuldeep score=0.084
[Entry-4] frame=22420 faces=0
[Entry-2] frame=21860 faces=1
[DEBUG] Praveen score=0.400
[DEBUG] Praveen score=0.400
[Entry-1] frame=20660 faces=1
[DEBUG] Kuldeep score=0.107
[DEBUG] Kuldeep score=0.107
[Entry-4] frame=22430 faces=0
[Entry-2] frame=21870 faces=1
[DEBUG] Praveen score=0.453
[DEBUG] Praveen score=0.453
[Entry-1] frame=20670 faces=0
[Entry-4] frame=22440 faces=0
[Entry-2] frame=21880 faces=1
[DEBUG] Praveen score=0.524
[DEBUG] Praveen score=0.524
[Entry-1] frame=20680 faces=0
[Entry-4] frame=22450 faces=0
[Entry-2] frame=21890 faces=1
[DEBUG] Praveen score=0.355
[DEBUG] Praveen score=0.355
[Entry-4] frame=22460 faces=0
[Entry-1] frame=20690 faces=1
[DEBUG] Kuldeep score=0.063
[DEBUG] Kuldeep score=0.063
[Entry-2] frame=21900 faces=0
[Entry-4] frame=22470 faces=0
[Entry-1] frame=20700 faces=1
[DEBUG] Prashant Kumar score=0.075
[DEBUG] Prashant Kumar score=0.075
[Entry-2] frame=21910 faces=0
[Entry-4] frame=22480 faces=0
[Entry-1] frame=20710 faces=0
[Entry-4] frame=22490 faces=0
[Entry-2] frame=21920 faces=2
[DEBUG] Prashant Kumar score=0.019
[DEBUG] Prashant Kumar score=0.019
[DEBUG] Praveen score=0.401
[DEBUG] Praveen score=0.401
[Entry-1] frame=20720 faces=0
[Entry-4] frame=22500 faces=0
[Entry-1] frame=20730 faces=1
[DEBUG] Ravi Shankar score=0.116
[DEBUG] Ravi Shankar score=0.116
[Entry-2] frame=21930 faces=2
[DEBUG] Amitabh Prajapati score=0.340
[DEBUG] Amitabh Prajapati score=0.340
[DEBUG] Praveen score=0.449
[DEBUG] Praveen score=0.449
[Entry-4] frame=22510 faces=0
[Entry-1] frame=20740 faces=0
[Entry-2] frame=21940 faces=1
[DEBUG] Amitabh Prajapati score=0.433
[DEBUG] Amitabh Prajapati score=0.433
[Entry-4] frame=22520 faces=0
[Entry-1] frame=20750 faces=1
[DEBUG] Aakash score=0.107
[DEBUG] Aakash score=0.107
[Entry-2] frame=21950 faces=1
[DEBUG] Amitabh Prajapati score=0.102
[DEBUG] Amitabh Prajapati score=0.102
[Entry-4] frame=22530 faces=0
[Entry-1] frame=20760 faces=0
[Entry-2] frame=21960 faces=1
[DEBUG] Amitabh Prajapati score=0.172
[DEBUG] Amitabh Prajapati score=0.172
[Entry-4] frame=22540 faces=0
[Entry-1] frame=20770 faces=0
[Entry-2] frame=21970 faces=1
[DEBUG] Ravi Shankar score=0.092
[DEBUG] Ravi Shankar score=0.092
[Entry-4] frame=22550 faces=0
[Entry-1] frame=20780 faces=0
[Entry-2] frame=21980 faces=1
[DEBUG] Praveen score=0.155
[DEBUG] Praveen score=0.155
[Entry-4] frame=22560 faces=0
[Entry-1] frame=20790 faces=0
[Entry-2] frame=21990 faces=1
[DEBUG] Amitabh Prajapati score=0.382
[DEBUG] Amitabh Prajapati score=0.382
[Entry-4] frame=22570 faces=0
[Entry-1] frame=20800 faces=0
[Entry-2] frame=22000 faces=1
[DEBUG] Amitabh Prajapati score=0.228
[DEBUG] Amitabh Prajapati score=0.228
[Entry-4] frame=22580 faces=0
[Entry-1] frame=20810 faces=0
[Entry-2] frame=22010 faces=0
[Entry-4] frame=22590 faces=0
[Entry-1] frame=20820 faces=0
[Entry-2] frame=22020 faces=0
[Entry-4] frame=22600 faces=0
[Entry-1] frame=20830 faces=1
[DEBUG] Kuldeep score=0.179
[DEBUG] Kuldeep score=0.179
[Entry-2] frame=22030 faces=0
[Entry-4] frame=22610 faces=0
[Entry-1] frame=20840 faces=0
[Entry-2] frame=22040 faces=0
[Entry-4] frame=22620 faces=0
[Entry-1] frame=20850 faces=1
[DEBUG] Meraj score=0.108
[DEBUG] Meraj score=0.108
[Entry-2] frame=22050 faces=0
[Entry-4] frame=22630 faces=0
[Entry-1] frame=20860 faces=1
[DEBUG] Aakash score=0.087
[DEBUG] Aakash score=0.087
[Entry-2] frame=22060 faces=0
[Entry-4] frame=22640 faces=0
[Entry-1] frame=20870 faces=0
[Entry-4] frame=22650 faces=0
[Entry-2] frame=22070 faces=1
[DEBUG] Ravi Shankar score=0.055
[DEBUG] Ravi Shankar score=0.055
[Entry-1] frame=20880 faces=0
[Entry-4] frame=22660 faces=0
[Entry-2] frame=22080 faces=1
[DEBUG] Aditya score=0.064
[DEBUG] Aditya score=0.064
[Entry-1] frame=20890 faces=1
[DEBUG] Meraj score=0.104
[DEBUG] Meraj score=0.104
[Entry-4] frame=22670 faces=0
[Entry-2] frame=22090 faces=0
[Entry-1] frame=20900 faces=1
[DEBUG] Meraj score=0.107
[DEBUG] Meraj score=0.107
[Entry-4] frame=22680 faces=0
[Entry-2] frame=22100 faces=0
[Entry-1] frame=20910 faces=0
[Entry-4] frame=22690 faces=0
[Entry-2] frame=22110 faces=0
[Entry-1] frame=20920 faces=1
[DEBUG] Aditya score=0.136
[DEBUG] Aditya score=0.136
[Entry-4] frame=22700 faces=0
[Entry-2] frame=22120 faces=1
[DEBUG] Amitabh Prajapati score=0.321
[DEBUG] Amitabh Prajapati score=0.321
[Entry-1] frame=20930 faces=1
[DEBUG] Aditya score=0.136
[DEBUG] Aditya score=0.136
[Entry-4] frame=22710 faces=0
[Entry-2] frame=22130 faces=0
[Entry-1] frame=20940 faces=0
[Entry-4] frame=22720 faces=0
[Entry-2] frame=22140 faces=0
[Entry-1] frame=20950 faces=0
[Entry-4] frame=22730 faces=0
[Entry-2] frame=22150 faces=1
[DEBUG] Amitabh Prajapati score=0.202
[DEBUG] Amitabh Prajapati score=0.202
[Entry-1] frame=20960 faces=0
[Entry-4] frame=22740 faces=0
[Entry-2] frame=22160 faces=1
[DEBUG] Amitabh Prajapati score=0.257
[DEBUG] Amitabh Prajapati score=0.257
[Entry-1] frame=20970 faces=0
[Entry-4] frame=22750 faces=0
[Entry-2] frame=22170 faces=1
[DEBUG] Amitabh Prajapati score=0.083
[DEBUG] Amitabh Prajapati score=0.083
[Entry-1] frame=20980 faces=0
[Entry-4] frame=22760 faces=0
[Entry-2] frame=22180 faces=0
[Entry-1] frame=20990 faces=0
[Entry-4] frame=22770 faces=0
[Entry-2] frame=22190 faces=0
[Entry-1] frame=21000 faces=0
[Entry-4] frame=22780 faces=0
[Entry-2] frame=22200 faces=1
[DEBUG] Amitabh Prajapati score=0.235
[DEBUG] Amitabh Prajapati score=0.235
[Entry-1] frame=21010 faces=0
[Entry-4] frame=22790 faces=0
[Entry-2] frame=22210 faces=0
[Entry-1] frame=21020 faces=0
[Entry-4] frame=22800 faces=0
[Entry-2] frame=22220 faces=0
[Entry-1] frame=21030 faces=0
[Entry-4] frame=22810 faces=0
[Entry-2] frame=22230 faces=1
[DEBUG] Amitabh Prajapati score=0.275
[DEBUG] Amitabh Prajapati score=0.275
[Entry-1] frame=21040 faces=0
[Entry-4] frame=22820 faces=0
[Entry-2] frame=22240 faces=0
[Entry-1] frame=21050 faces=0
[Entry-4] frame=22830 faces=0
[Entry-2] frame=22250 faces=0
[Entry-1] frame=21060 faces=0
[Entry-4] frame=22840 faces=0
[Entry-2] frame=22260 faces=1
[DEBUG] Amitabh Prajapati score=0.173
[DEBUG] Amitabh Prajapati score=0.173
[Entry-1] frame=21070 faces=0
[Entry-4] frame=22850 faces=0
[Entry-2] frame=22270 faces=2
[DEBUG] Praveen score=0.468
[DEBUG] Praveen score=0.468
[DEBUG] Aakash score=0.053
[DEBUG] Aakash score=0.053
[Entry-1] frame=21080 faces=0
[Entry-4] frame=22860 faces=0
[Entry-1] frame=21090 faces=0
[Entry-4] frame=22870 faces=0
[Entry-2] frame=22280 faces=2
[DEBUG] Praveen score=0.422
[DEBUG] Praveen score=0.422
[DEBUG] Amitabh Prajapati score=0.095
[DEBUG] Amitabh Prajapati score=0.095
[Entry-4] frame=22880 faces=0
[Entry-1] frame=21100 faces=1
[DEBUG] Meraj score=0.172
[DEBUG] Meraj score=0.172
[Entry-2] frame=22290 faces=0
[Entry-4] frame=22890 faces=0
[Entry-1] frame=21110 faces=1
[DEBUG] Aakash score=0.133
[DEBUG] Aakash score=0.133
[Entry-2] frame=22300 faces=3
[DEBUG] Amitabh Prajapati score=0.217
[DEBUG] Amitabh Prajapati score=0.217
[DEBUG] Praveen score=0.313
[DEBUG] Praveen score=0.313
[DEBUG] Satya  score=0.084
[DEBUG] Satya  score=0.084
[Entry-4] frame=22900 faces=0
[Entry-1] frame=21120 faces=1
[DEBUG] Rajan score=0.091
[DEBUG] Rajan score=0.091
[Entry-2] frame=22310 faces=1
[DEBUG] Praveen score=0.581
[DEBUG] Praveen score=0.581
[Entry-4] frame=22910 faces=0
[Entry-1] frame=21130 faces=1
[DEBUG] Aakash score=0.173
[DEBUG] Aakash score=0.173
[Entry-2] frame=22320 faces=1
[DEBUG] Praveen score=0.609
[DEBUG] Praveen score=0.609
[Entry-4] frame=22920 faces=0
[Entry-1] frame=21140 faces=1
[DEBUG] Meraj score=0.101
[DEBUG] Meraj score=0.101
[Entry-2] frame=22330 faces=1
[DEBUG] Praveen score=0.603
[DEBUG] Praveen score=0.603
[Entry-4] frame=22930 faces=0
[Entry-1] frame=21150 faces=1
[DEBUG] Rishu Kumar score=0.187
[DEBUG] Rishu Kumar score=0.187
[Entry-2] frame=22340 faces=1
[DEBUG] Praveen score=0.533
[DEBUG] Praveen score=0.533
[Entry-4] frame=22940 faces=0
[Entry-1] frame=21160 faces=1
[DEBUG] Rajan score=0.203
[DEBUG] Rajan score=0.203
[Entry-2] frame=22350 faces=1
[DEBUG] Praveen score=0.576
[DEBUG] Praveen score=0.576
[Entry-4] frame=22950 faces=0
[Entry-1] frame=21170 faces=1
[DEBUG] Rajan score=0.210
[DEBUG] Rajan score=0.210
[Entry-2] frame=22360 faces=1
[DEBUG] Praveen score=0.630
[DEBUG] Praveen score=0.630
[Entry-4] frame=22960 faces=0
[Entry-1] frame=21180 faces=2
[DEBUG] Rajan score=0.211
[DEBUG] Rajan score=0.211
[DEBUG] Aakash score=0.640
[DEBUG] Aakash score=0.640
[Entry-4] frame=22970 faces=0
[Entry-2] frame=22370 faces=2
[DEBUG] Praveen score=0.642
[DEBUG] Praveen score=0.642
[DEBUG] Amitabh Prajapati score=0.397
[DEBUG] Amitabh Prajapati score=0.397
[Entry-1] frame=21190 faces=1
[DEBUG] Meraj score=0.148
[DEBUG] Meraj score=0.148
[Entry-4] frame=22980 faces=0
[Entry-2] frame=22380 faces=3
[DEBUG] Praveen score=0.639
[DEBUG] Praveen score=0.639
[DEBUG] Prashant Kumar score=0.389
[DEBUG] Prashant Kumar score=0.389
[DEBUG] Amitabh Prajapati score=0.229
[DEBUG] Amitabh Prajapati score=0.229
[Entry-1] frame=21200 faces=1
[DEBUG] Rishu Kumar score=0.130
[DEBUG] Rishu Kumar score=0.130
[Entry-4] frame=22990 faces=0
[Entry-2] frame=22390 faces=2
[DEBUG] Prashant Kumar score=0.413
[DEBUG] Prashant Kumar score=0.413
[DEBUG] Praveen score=0.606
[DEBUG] Praveen score=0.606
[Entry-1] frame=21210 faces=1
[DEBUG] Kuldeep score=0.141
[DEBUG] Kuldeep score=0.141
[Entry-4] frame=23000 faces=0
[Entry-2] frame=22400 faces=2
[DEBUG] Praveen score=0.641
[DEBUG] Praveen score=0.641
[DEBUG] Prashant Kumar score=0.284
[DEBUG] Prashant Kumar score=0.284
[Entry-1] frame=21220 faces=1
[DEBUG] Rajan score=0.152
[DEBUG] Rajan score=0.152
[Entry-4] frame=23010 faces=1
[DEBUG] Kajal score=0.162
[DEBUG] Kajal score=0.162
[Entry-2] frame=22410 faces=2
[DEBUG] Amitabh Prajapati score=0.482
[DEBUG] Amitabh Prajapati score=0.482
[DEBUG] Praveen score=0.631
[DEBUG] Praveen score=0.631
[Entry-4] frame=23020 faces=0
[Entry-1] frame=21230 faces=1
[DEBUG] Rajan score=0.171
[DEBUG] Rajan score=0.171
[Entry-2] frame=22420 faces=2
[DEBUG] Praveen score=0.582
[DEBUG] Praveen score=0.582
[DEBUG] Amitabh Prajapati score=0.254
[DEBUG] Amitabh Prajapati score=0.254
[Entry-4] frame=23030 faces=0
[Entry-1] frame=21240 faces=1
[DEBUG] Rajan score=0.160
[DEBUG] Rajan score=0.160
[Entry-4] frame=23040 faces=0
[Entry-2] frame=22430 faces=1
[DEBUG] Praveen score=0.595
[DEBUG] Praveen score=0.595
[Entry-1] frame=21250 faces=1
[DEBUG] Rishu Kumar score=0.181
[DEBUG] Rishu Kumar score=0.181
[Entry-4] frame=23050 faces=0
[Entry-2] frame=22440 faces=1
[DEBUG] Praveen score=0.440
[DEBUG] Praveen score=0.440
[Entry-1] frame=21260 faces=1
[DEBUG] Meraj score=0.098
[DEBUG] Meraj score=0.098
[Entry-4] frame=23060 faces=0
[Entry-2] frame=22450 faces=1
[DEBUG] Praveen score=0.445
[DEBUG] Praveen score=0.445
[Entry-1] frame=21270 faces=1
[DEBUG] Neeraj  score=0.110
[DEBUG] Neeraj  score=0.110
[Entry-4] frame=23070 faces=0
[Entry-2] frame=22460 faces=0
[Entry-1] frame=21280 faces=1
[DEBUG] Prashant Kumar score=0.123
[DEBUG] Prashant Kumar score=0.123
[Entry-4] frame=23080 faces=0
[Entry-2] frame=22470 faces=2
[DEBUG] Praveen score=0.231
[DEBUG] Praveen score=0.231
[DEBUG] Ravi Shankar score=0.094
[DEBUG] Ravi Shankar score=0.094
[Entry-1] frame=21290 faces=1
[DEBUG] Neeraj  score=0.182
[DEBUG] Neeraj  score=0.182
[Entry-4] frame=23090 faces=0
[Entry-2] frame=22480 faces=1
[DEBUG] Praveen score=0.360
[DEBUG] Praveen score=0.360
[Entry-1] frame=21300 faces=1
[DEBUG] Aakash score=0.050
[DEBUG] Aakash score=0.050
[Entry-4] frame=23100 faces=0
[Entry-2] frame=22490 faces=2
[DEBUG] Praveen score=0.372
[DEBUG] Praveen score=0.372
[DEBUG] Aditya score=0.042
[DEBUG] Aditya score=0.042
[Entry-1] frame=21310 faces=1
[DEBUG] Kuldeep score=0.137
[DEBUG] Kuldeep score=0.137
[Entry-4] frame=23110 faces=0
[Entry-1] frame=21320 faces=1
[DEBUG] Rajan score=0.151
[DEBUG] Rajan score=0.151
[Entry-4] frame=23120 faces=0
[Entry-2] frame=22500 faces=3
[DEBUG] Meraj score=0.485
[DEBUG] Meraj score=0.485
[DEBUG] Praveen score=0.203
[DEBUG] Praveen score=0.203
[DEBUG] Amitabh Prajapati score=0.247
[DEBUG] Amitabh Prajapati score=0.247
[Entry-1] frame=21330 faces=0
[Entry-4] frame=23130 faces=0
[Entry-2] frame=22510 faces=3
[DEBUG] Meraj score=0.456
[DEBUG] Meraj score=0.456
[DEBUG] Praveen score=0.297
[DEBUG] Praveen score=0.297
[DEBUG] Amitabh Prajapati score=0.184
[DEBUG] Amitabh Prajapati score=0.184
[Entry-1] frame=21340 faces=0
[Entry-4] frame=23140 faces=0
[Entry-2] frame=22520 faces=3
[DEBUG] Meraj score=0.480
[DEBUG] Meraj score=0.480
[DEBUG] Amitabh Prajapati score=0.459
[DEBUG] Amitabh Prajapati score=0.459
[DEBUG] Praveen score=0.369
[DEBUG] Praveen score=0.369
[Entry-1] frame=21350 faces=0
[Entry-4] frame=23150 faces=0
[Entry-2] frame=22530 faces=2
[DEBUG] Amitabh Prajapati score=0.471
[DEBUG] Amitabh Prajapati score=0.471
[DEBUG] Praveen score=0.449
[DEBUG] Praveen score=0.449
[Entry-1] frame=21360 faces=0
[Entry-4] frame=23160 faces=0
[Entry-1] frame=21370 faces=0
[Entry-4] frame=23170 faces=0
[Entry-2] frame=22540 faces=2
[DEBUG] Amitabh Prajapati score=0.213
[DEBUG] Amitabh Prajapati score=0.213
[DEBUG] Praveen score=0.432
[DEBUG] Praveen score=0.432
[Entry-1] frame=21380 faces=0
[Entry-4] frame=23180 faces=0
[Entry-2] frame=22550 faces=2
[DEBUG] Meraj score=0.369
[DEBUG] Meraj score=0.369
[DEBUG] Praveen score=0.396
[DEBUG] Praveen score=0.396
[Entry-1] frame=21390 faces=0
[Entry-4] frame=23190 faces=0
[Entry-2] frame=22560 faces=1
[DEBUG] Praveen score=0.393
[DEBUG] Praveen score=0.393
[Entry-1] frame=21400 faces=0
[Entry-4] frame=23200 faces=0
[Entry-2] frame=22570 faces=1
[DEBUG] Praveen score=0.459
[DEBUG] Praveen score=0.459
[Entry-1] frame=21410 faces=0
[Entry-4] frame=23210 faces=0
[Entry-2] frame=22580 faces=2
[DEBUG] Meraj score=0.443
[DEBUG] Meraj score=0.443
[DEBUG] Praveen score=0.481
[DEBUG] Praveen score=0.481
[Entry-1] frame=21420 faces=0
[Entry-4] frame=23220 faces=0
[Entry-2] frame=22590 faces=1
[DEBUG] Praveen score=0.468
[DEBUG] Praveen score=0.468
[Entry-1] frame=21430 faces=0
[Entry-4] frame=23230 faces=0
[Entry-2] frame=22600 faces=1
[DEBUG] Praveen score=0.463
[DEBUG] Praveen score=0.463
[Entry-4] frame=23240 faces=0
[Entry-1] frame=21440 faces=1
[DEBUG] Meraj score=0.110
[DEBUG] Meraj score=0.110
[Entry-2] frame=22610 faces=1
[DEBUG] Praveen score=0.461
[DEBUG] Praveen score=0.461
[Entry-4] frame=23250 faces=0
[Entry-1] frame=21450 faces=1
[DEBUG] Aditya score=0.154
[DEBUG] Aditya score=0.154
[Entry-2] frame=22620 faces=2
[DEBUG] Amitabh Prajapati score=0.300
[DEBUG] Amitabh Prajapati score=0.300
[DEBUG] Praveen score=0.576
[DEBUG] Praveen score=0.576
[Entry-4] frame=23260 faces=0
[Entry-1] frame=21460 faces=1
[DEBUG] Rajan score=0.110
[DEBUG] Rajan score=0.110
[Entry-4] frame=23270 faces=0
[Entry-2] frame=22630 faces=2
[DEBUG] Amitabh Prajapati score=0.266
[DEBUG] Amitabh Prajapati score=0.266
[DEBUG] Praveen score=0.511
[DEBUG] Praveen score=0.511
[Entry-1] frame=21470 faces=1
[DEBUG] Rajan score=0.120
[DEBUG] Rajan score=0.120
[Entry-4] frame=23280 faces=0
[Entry-2] frame=22640 faces=1
[DEBUG] Praveen score=0.403
[DEBUG] Praveen score=0.403
[Entry-1] frame=21480 faces=1
[DEBUG] Prashant Kumar score=0.123
[DEBUG] Prashant Kumar score=0.123
[Entry-4] frame=23290 faces=0
[Entry-1] frame=21490 faces=1
[DEBUG] Prashant Kumar score=0.126
[DEBUG] Prashant Kumar score=0.126
[Entry-2] frame=22650 faces=2
[DEBUG] Amitabh Prajapati score=0.420
[DEBUG] Amitabh Prajapati score=0.420
[DEBUG] Praveen score=0.462
[DEBUG] Praveen score=0.462
[Entry-4] frame=23300 faces=0
[Entry-1] frame=21500 faces=1
[DEBUG] Prashant Kumar score=0.074
[DEBUG] Prashant Kumar score=0.074
[Entry-2] frame=22660 faces=2
[DEBUG] Amitabh Prajapati score=0.544
[DEBUG] Amitabh Prajapati score=0.544
[DEBUG] Praveen score=0.424
[DEBUG] Praveen score=0.424
[Entry-4] frame=23310 faces=0
[Entry-1] frame=21510 faces=1
[DEBUG] Rajan score=0.163
[DEBUG] Rajan score=0.163
[Entry-2] frame=22670 faces=1
[DEBUG] Praveen score=0.311
[DEBUG] Praveen score=0.311
[Entry-4] frame=23320 faces=0
[Entry-1] frame=21520 faces=1
[DEBUG] Neeraj  score=0.186
[DEBUG] Neeraj  score=0.186
[Entry-4] frame=23330 faces=0
[Entry-2] frame=22680 faces=2
[DEBUG] Praveen score=0.484
[DEBUG] Praveen score=0.484
[DEBUG] Amitabh Prajapati score=0.338
[DEBUG] Amitabh Prajapati score=0.338
[Entry-1] frame=21530 faces=1
[DEBUG] Kuldeep score=0.125
[DEBUG] Kuldeep score=0.125
[Entry-4] frame=23340 faces=0
[Entry-2] frame=22690 faces=0
[Entry-1] frame=21540 faces=1
[DEBUG] Rishu Kumar score=0.064
[DEBUG] Rishu Kumar score=0.064
[Entry-4] frame=23350 faces=0
[Entry-2] frame=22700 faces=0
[Entry-1] frame=21550 faces=1
[DEBUG] Prashant Kumar score=0.070
[DEBUG] Prashant Kumar score=0.070
[Entry-4] frame=23360 faces=0
[Entry-2] frame=22710 faces=0
[Entry-1] frame=21560 faces=1
[DEBUG] Meraj score=0.106
[DEBUG] Meraj score=0.106
[Entry-4] frame=23370 faces=0
[Entry-2] frame=22720 faces=0
[Entry-4] frame=23380 faces=0
[Entry-2] frame=22730 faces=0
[Entry-1] frame=21570 faces=1
[DEBUG] Meraj score=0.169
[DEBUG] Meraj score=0.169
[Entry-4] frame=23390 faces=0
[Entry-2] frame=22740 faces=0
[Entry-1] frame=21580 faces=1
[DEBUG] Neeraj  score=0.186
[DEBUG] Neeraj  score=0.186
[Entry-4] frame=23400 faces=0
[Entry-2] frame=22750 faces=0
[Entry-1] frame=21590 faces=1
[DEBUG] Prashant Kumar score=0.215
[DEBUG] Prashant Kumar score=0.215
[Entry-4] frame=23410 faces=0
[Entry-2] frame=22760 faces=0
[Entry-1] frame=21600 faces=1
[DEBUG] Prashant Kumar score=0.146
[DEBUG] Prashant Kumar score=0.146
[Entry-4] frame=23420 faces=0
[Entry-2] frame=22770 faces=0
[Entry-1] frame=21610 faces=1
[DEBUG] Neeraj  score=0.142
[DEBUG] Neeraj  score=0.142
[Entry-4] frame=23430 faces=0
[Entry-2] frame=22780 faces=1
[DEBUG] Amitabh Prajapati score=0.208
[DEBUG] Amitabh Prajapati score=0.208
[Entry-1] frame=21620 faces=1
[DEBUG] Aakash score=0.128
[DEBUG] Aakash score=0.128
[Entry-4] frame=23440 faces=0
[Entry-2] frame=22790 faces=1
[DEBUG] Amitabh Prajapati score=0.392
[DEBUG] Amitabh Prajapati score=0.392
[Entry-1] frame=21630 faces=1
[DEBUG] Rajan score=0.179
[DEBUG] Rajan score=0.179
[Entry-4] frame=23450 faces=0
[Entry-2] frame=22800 faces=0
[Entry-1] frame=21640 faces=1
[DEBUG] Prashant Kumar score=0.166
[DEBUG] Prashant Kumar score=0.166
[Entry-4] frame=23460 faces=0
[Entry-2] frame=22810 faces=0
[Entry-1] frame=21650 faces=1
[DEBUG] Neeraj  score=0.180
[DEBUG] Neeraj  score=0.180
[Entry-4] frame=23470 faces=0
[Entry-2] frame=22820 faces=0
[Entry-1] frame=21660 faces=1
[DEBUG] Neeraj  score=0.170
[DEBUG] Neeraj  score=0.170
[Entry-4] frame=23480 faces=0
[Entry-2] frame=22830 faces=0
[Entry-1] frame=21670 faces=1
[DEBUG] Prashant Kumar score=0.137
[DEBUG] Prashant Kumar score=0.137
[Entry-4] frame=23490 faces=0
[Entry-2] frame=22840 faces=0
[Entry-1] frame=21680 faces=1
[DEBUG] Prashant Kumar score=0.145
[DEBUG] Prashant Kumar score=0.145
[Entry-4] frame=23500 faces=0
[Entry-2] frame=22850 faces=0
[Entry-1] frame=21690 faces=1
[DEBUG] Neeraj  score=0.145
[DEBUG] Neeraj  score=0.145
[Entry-4] frame=23510 faces=0
[Entry-2] frame=22860 faces=0
[Entry-1] frame=21700 faces=1
[DEBUG] Rajan score=0.118
[DEBUG] Rajan score=0.118
[Entry-4] frame=23520 faces=0
[Entry-2] frame=22870 faces=0
[Entry-4] frame=23530 faces=0
[Entry-2] frame=22880 faces=0
[Entry-1] frame=21710 faces=1
[DEBUG] Prashant Kumar score=0.186
[DEBUG] Prashant Kumar score=0.186
[Entry-4] frame=23540 faces=0
[Entry-2] frame=22890 faces=0
[Entry-1] frame=21720 faces=0
[Entry-4] frame=23550 faces=0
[Entry-2] frame=22900 faces=0
[Entry-1] frame=21730 faces=1
[DEBUG] Prashant Kumar score=0.138
[DEBUG] Prashant Kumar score=0.138
[Entry-4] frame=23560 faces=0
[Entry-2] frame=22910 faces=0
[Entry-1] frame=21740 faces=1
[DEBUG] Prashant Kumar score=0.150
[DEBUG] Prashant Kumar score=0.150
[Entry-4] frame=23570 faces=0
[Entry-2] frame=22920 faces=0
[Entry-1] frame=21750 faces=1
[DEBUG] Neeraj  score=0.113
[DEBUG] Neeraj  score=0.113
[Entry-4] frame=23580 faces=0
[Entry-2] frame=22930 faces=0
[Entry-1] frame=21760 faces=1
[DEBUG] Aditya score=0.103
[DEBUG] Aditya score=0.103
[Entry-4] frame=23590 faces=0
[Entry-2] frame=22940 faces=0
[Entry-1] frame=21770 faces=1
[DEBUG] Meraj score=0.087
[DEBUG] Meraj score=0.087
[Entry-4] frame=23600 faces=0
[Entry-2] frame=22950 faces=0
[Entry-1] frame=21780 faces=0
[Entry-4] frame=23610 faces=0
[Entry-2] frame=22960 faces=0
[Entry-1] frame=21790 faces=1
[DEBUG] Rajan score=0.132
[DEBUG] Rajan score=0.132
[Entry-4] frame=23620 faces=0
[Entry-2] frame=22970 faces=0
[Entry-1] frame=21800 faces=0
[Entry-4] frame=23630 faces=0
[Entry-2] frame=22980 faces=0
[Entry-1] frame=21810 faces=0
[Entry-4] frame=23640 faces=0
[Entry-2] frame=22990 faces=0
[Entry-1] frame=21820 faces=0
[Entry-4] frame=23650 faces=0
[Entry-2] frame=23000 faces=0
[Entry-1] frame=21830 faces=0
[Entry-4] frame=23660 faces=0
[Entry-2] frame=23010 faces=0
[Entry-1] frame=21840 faces=1
[DEBUG] Rajan score=0.149
[DEBUG] Rajan score=0.149
[Entry-4] frame=23670 faces=0
[Entry-2] frame=23020 faces=0
[Entry-1] frame=21850 faces=0
[Entry-4] frame=23680 faces=0
[Entry-2] frame=23030 faces=0
[Entry-1] frame=21860 faces=0
[Entry-4] frame=23690 faces=0
[Entry-2] frame=23040 faces=0
[Entry-1] frame=21870 faces=1
[DEBUG] Meraj score=0.110
[DEBUG] Meraj score=0.110
[Entry-4] frame=23700 faces=0
[Entry-2] frame=23050 faces=1
[DEBUG] Amitabh Prajapati score=0.404
[DEBUG] Amitabh Prajapati score=0.404
[Entry-1] frame=21880 faces=1
[DEBUG] Prashant Kumar score=0.117
[DEBUG] Prashant Kumar score=0.117
[Entry-4] frame=23710 faces=0
[Entry-2] frame=23060 faces=1
[DEBUG] Amitabh Prajapati score=0.476
[DEBUG] Amitabh Prajapati score=0.476
[Entry-1] frame=21890 faces=1
[DEBUG] Amitabh Prajapati score=0.083
[DEBUG] Amitabh Prajapati score=0.083
[Entry-4] frame=23720 faces=0
[Entry-2] frame=23070 faces=1
[DEBUG] Amitabh Prajapati score=0.393
[DEBUG] Amitabh Prajapati score=0.393
[Entry-1] frame=21900 faces=0
[Entry-4] frame=23730 faces=0
[Entry-2] frame=23080 faces=1
[DEBUG] Amitabh Prajapati score=0.485
[DEBUG] Amitabh Prajapati score=0.485
[Entry-1] frame=21910 faces=0
[Entry-4] frame=23740 faces=0
[Entry-2] frame=23090 faces=0
[Entry-1] frame=21920 faces=1
[DEBUG] Aakash score=0.123
[DEBUG] Aakash score=0.123
[Entry-4] frame=23750 faces=0
[Entry-2] frame=23100 faces=0
[Entry-4] frame=23760 faces=0
[Entry-1] frame=21930 faces=1
[DEBUG] Prashant Kumar score=0.147
[DEBUG] Prashant Kumar score=0.147
[Entry-2] frame=23110 faces=0
[Entry-4] frame=23770 faces=0
[Entry-1] frame=21940 faces=1
[DEBUG] Prashant Kumar score=0.139
[DEBUG] Prashant Kumar score=0.139
[Entry-2] frame=23120 faces=0
[Entry-4] frame=23780 faces=0
[Entry-1] frame=21950 faces=1
[DEBUG] Prashant Kumar score=0.118
[DEBUG] Prashant Kumar score=0.118
[Entry-2] frame=23130 faces=0
[Entry-4] frame=23790 faces=0
[Entry-1] frame=21960 faces=1
[DEBUG] Prashant Kumar score=0.200
[DEBUG] Prashant Kumar score=0.200
[Entry-2] frame=23140 faces=0
[Entry-4] frame=23800 faces=0
[Entry-1] frame=21970 faces=1
[DEBUG] Prashant Kumar score=0.165
[DEBUG] Prashant Kumar score=0.165
[Entry-2] frame=23150 faces=0
[Entry-4] frame=23810 faces=0
[Entry-1] frame=21980 faces=1
[DEBUG] Aakash score=0.060
[DEBUG] Aakash score=0.060
[Entry-2] frame=23160 faces=0
[Entry-4] frame=23820 faces=0
[Entry-1] frame=21990 faces=1
[DEBUG] Rishu Kumar score=0.109
[DEBUG] Rishu Kumar score=0.109
[Entry-2] frame=23170 faces=1
[DEBUG] Amitabh Prajapati score=0.455
[DEBUG] Amitabh Prajapati score=0.455
[Entry-4] frame=23830 faces=0
[Entry-2] frame=23180 faces=0
[Entry-1] frame=22000 faces=1
[DEBUG] Ravi Shankar score=0.063
[DEBUG] Ravi Shankar score=0.063
[Entry-4] frame=23840 faces=0
[Entry-2] frame=23190 faces=1
[DEBUG] Amitabh Prajapati score=0.157
[DEBUG] Amitabh Prajapati score=0.157
[Entry-1] frame=22010 faces=1
[DEBUG] Neeraj  score=0.097
[DEBUG] Neeraj  score=0.097
[Entry-4] frame=23850 faces=0
[Entry-2] frame=23200 faces=0
[Entry-1] frame=22020 faces=0
[Entry-4] frame=23860 faces=0
[Entry-2] frame=23210 faces=1
[DEBUG] Amitabh Prajapati score=0.250
[DEBUG] Amitabh Prajapati score=0.250
[Entry-1] frame=22030 faces=1
[DEBUG] Neeraj  score=0.067
[DEBUG] Neeraj  score=0.067
[Entry-4] frame=23870 faces=0
[Entry-1] frame=22040 faces=0
[Entry-2] frame=23220 faces=1
[DEBUG] Amitabh Prajapati score=0.260
[DEBUG] Amitabh Prajapati score=0.260
[Entry-4] frame=23880 faces=0
[Entry-1] frame=22050 faces=0
[Entry-2] frame=23230 faces=1
[DEBUG] Amitabh Prajapati score=0.531
[DEBUG] Amitabh Prajapati score=0.531
[Entry-4] frame=23890 faces=0
[Entry-1] frame=22060 faces=1
[DEBUG] Meraj score=0.102
[DEBUG] Meraj score=0.102
[Entry-2] frame=23240 faces=0
[Entry-4] frame=23900 faces=0
[Entry-1] frame=22070 faces=0
[Entry-2] frame=23250 faces=0
[Entry-4] frame=23910 faces=0
[Entry-2] frame=23260 faces=0
[Entry-1] frame=22080 faces=1
[DEBUG] Prashant Kumar score=0.174
[DEBUG] Prashant Kumar score=0.174
[Entry-4] frame=23920 faces=0
[Entry-2] frame=23270 faces=0
[Entry-1] frame=22090 faces=1
[DEBUG] Neeraj  score=0.141
[DEBUG] Neeraj  score=0.141
[Entry-4] frame=23930 faces=0
[Entry-2] frame=23280 faces=0
[Entry-1] frame=22100 faces=0
[Entry-4] frame=23940 faces=0
[Entry-2] frame=23290 faces=0
[Entry-1] frame=22110 faces=0
[Entry-4] frame=23950 faces=0
[Entry-2] frame=23300 faces=0
[Entry-1] frame=22120 faces=0
[Entry-4] frame=23960 faces=0
[Entry-2] frame=23310 faces=0
[Entry-1] frame=22130 faces=0
[Entry-4] frame=23970 faces=0
[Entry-2] frame=23320 faces=0
[Entry-1] frame=22140 faces=0
[Entry-4] frame=23980 faces=0
[Entry-2] frame=23330 faces=0
[Entry-1] frame=22150 faces=0
[Entry-4] frame=23990 faces=0
[Entry-2] frame=23340 faces=0
[Entry-1] frame=22160 faces=0
[Entry-4] frame=24000 faces=0
[Entry-2] frame=23350 faces=0
[Entry-1] frame=22170 faces=0
[Entry-4] frame=24010 faces=0
[Entry-2] frame=23360 faces=0
[Entry-1] frame=22180 faces=0
[Entry-4] frame=24020 faces=0
[Entry-2] frame=23370 faces=0
[Entry-1] frame=22190 faces=0
[Entry-4] frame=24030 faces=0
[Entry-2] frame=23380 faces=0
[Entry-1] frame=22200 faces=0
[Entry-4] frame=24040 faces=0
[Entry-2] frame=23390 faces=0
[Entry-1] frame=22210 faces=0
[Entry-4] frame=24050 faces=0
[Entry-2] frame=23400 faces=1
[DEBUG] Amitabh Prajapati score=0.186
[DEBUG] Amitabh Prajapati score=0.186
[Entry-1] frame=22220 faces=0
[Entry-4] frame=24060 faces=0
[Entry-1] frame=22230 faces=0
[Entry-2] frame=23410 faces=1
[DEBUG] Amitabh Prajapati score=0.108
[DEBUG] Amitabh Prajapati score=0.108
[Entry-4] frame=24070 faces=0
[Entry-1] frame=22240 faces=0
[Entry-2] frame=23420 faces=0
[Entry-4] frame=24080 faces=0
[Entry-1] frame=22250 faces=0
[Entry-2] frame=23430 faces=0
[Entry-4] frame=24090 faces=0
[Entry-1] frame=22260 faces=0
[Entry-2] frame=23440 faces=0
[Entry-4] frame=24100 faces=0
[Entry-1] frame=22270 faces=0
[Entry-2] frame=23450 faces=0
[Entry-4] frame=24110 faces=0
[Entry-1] frame=22280 faces=0
[Entry-2] frame=23460 faces=0
[Entry-4] frame=24120 faces=0
[Entry-2] frame=23470 faces=0
[Entry-4] frame=24130 faces=0
[Entry-1] frame=22290 faces=1
[DEBUG] Prashant Kumar score=0.116
[DEBUG] Prashant Kumar score=0.116
[Entry-2] frame=23480 faces=0
[Entry-4] frame=24140 faces=0
[Entry-1] frame=22300 faces=0
[Entry-2] frame=23490 faces=0
[Entry-4] frame=24150 faces=0
[Entry-1] frame=22310 faces=1
[DEBUG] Prashant Kumar score=0.164
[DEBUG] Prashant Kumar score=0.164
[Entry-2] frame=23500 faces=0
[Entry-4] frame=24160 faces=0
[Entry-1] frame=22320 faces=1
[DEBUG] Prashant Kumar score=0.109
[DEBUG] Prashant Kumar score=0.109
[Entry-2] frame=23510 faces=0
[Entry-4] frame=24170 faces=0
[Entry-1] frame=22330 faces=1
[DEBUG] Meraj score=0.141
[DEBUG] Meraj score=0.141
[Entry-2] frame=23520 faces=0
[Entry-4] frame=24180 faces=0
[Entry-1] frame=22340 faces=0
[Entry-2] frame=23530 faces=0
[Entry-4] frame=24190 faces=0
[Entry-1] frame=22350 faces=0
[Entry-2] frame=23540 faces=0
[Entry-4] frame=24200 faces=0
[Entry-1] frame=22360 faces=0
[Entry-2] frame=23550 faces=0
[Entry-4] frame=24210 faces=0
[Entry-1] frame=22370 faces=1
[DEBUG] Kuldeep score=0.098
[DEBUG] Kuldeep score=0.098
[Entry-2] frame=23560 faces=0
[Entry-4] frame=24220 faces=0
[Entry-1] frame=22380 faces=1
[DEBUG] Aakash score=0.079
[DEBUG] Aakash score=0.079
[Entry-2] frame=23570 faces=0
[Entry-4] frame=24230 faces=0
[Entry-1] frame=22390 faces=1
[DEBUG] Meraj score=0.134
[DEBUG] Meraj score=0.134
[Entry-2] frame=23580 faces=0
[Entry-4] frame=24240 faces=0
[Entry-1] frame=22400 faces=1
[DEBUG] Neeraj  score=0.162
[DEBUG] Neeraj  score=0.162
[Entry-2] frame=23590 faces=0
[Entry-4] frame=24250 faces=0
[Entry-1] frame=22410 faces=1
[DEBUG] Aakash score=0.135
[DEBUG] Aakash score=0.135
[Entry-2] frame=23600 faces=0
[Entry-4] frame=24260 faces=0
[Entry-1] frame=22420 faces=1
[DEBUG] Neeraj  score=0.146
[DEBUG] Neeraj  score=0.146
[Entry-2] frame=23610 faces=0
[Entry-4] frame=24270 faces=0
[Entry-1] frame=22430 faces=2
[DEBUG] Neeraj  score=0.116
[DEBUG] Neeraj  score=0.116
[DEBUG] Aakash score=0.531
[DEBUG] Aakash score=0.531
[Entry-2] frame=23620 faces=0[Entry-4] frame=24280 faces=0

[Entry-2] frame=23630 faces=0
[Entry-4] frame=24290 faces=0
[Entry-1] frame=22440 faces=1
[DEBUG] Rajan score=0.244
[DEBUG] Rajan score=0.244
[Entry-2] frame=23640 faces=0
[Entry-4] frame=24300 faces=0
[Entry-1] frame=22450 faces=2
[DEBUG] Rajan score=0.166
[DEBUG] Rajan score=0.166
[DEBUG] Aakash score=0.619
[DEBUG] Aakash score=0.619
[Entry-2] frame=23650 faces=0
[Entry-4] frame=24310 faces=0
[Entry-1] frame=22460 faces=0
[Entry-2] frame=23660 faces=0
[Entry-4] frame=24320 faces=0
[Entry-1] frame=22470 faces=1
[DEBUG] Neeraj  score=0.216
[DEBUG] Neeraj  score=0.216
[Entry-2] frame=23670 faces=0
[Entry-4] frame=24330 faces=0
[Entry-1] frame=22480 faces=0
[Entry-2] frame=23680 faces=0
[Entry-4] frame=24340 faces=0
[Entry-1] frame=22490 faces=0
[Entry-2] frame=23690 faces=0
[Entry-4] frame=24350 faces=0
[Entry-1] frame=22500 faces=1
[DEBUG] Rajan score=0.184
[DEBUG] Rajan score=0.184
[Entry-2] frame=23700 faces=0
[Entry-4] frame=24360 faces=0
[Entry-1] frame=22510 faces=1
[DEBUG] Neeraj  score=0.196
[DEBUG] Neeraj  score=0.196
[Entry-2] frame=23710 faces=0
[Entry-4] frame=24370 faces=0
[Entry-1] frame=22520 faces=1
[DEBUG] Meraj score=0.151
[DEBUG] Meraj score=0.151
[Entry-2] frame=23720 faces=0
[Entry-4] frame=24380 faces=0
[Entry-1] frame=22530 faces=1
[DEBUG] Aakash score=0.209
[DEBUG] Aakash score=0.209
[Entry-2] frame=23730 faces=0
[Entry-4] frame=24390 faces=0
[Entry-1] frame=22540 faces=0
[Entry-2] frame=23740 faces=0
[Entry-4] frame=24400 faces=0
[Entry-1] frame=22550 faces=1
[DEBUG] Rajan score=0.167
[DEBUG] Rajan score=0.167
[Entry-2] frame=23750 faces=0
[Entry-4] frame=24410 faces=0
[Entry-1] frame=22560 faces=1
[DEBUG] Meraj score=0.152
[DEBUG] Meraj score=0.152
[Entry-2] frame=23760 faces=0
[Entry-4] frame=24420 faces=0
[Entry-2] frame=23770 faces=0
[Entry-4] frame=24430 faces=0
[Entry-1] frame=22570 faces=1
[DEBUG] Aakash score=0.205
[DEBUG] Aakash score=0.205
[Entry-2] frame=23780 faces=0
[Entry-4] frame=24440 faces=0
[Entry-1] frame=22580 faces=1
[DEBUG] Neeraj  score=0.136
[DEBUG] Neeraj  score=0.136
[Entry-2] frame=23790 faces=0
[Entry-4] frame=24450 faces=0
[Entry-1] frame=22590 faces=1
[DEBUG] Neeraj  score=0.210
[DEBUG] Neeraj  score=0.210
[Entry-2] frame=23800 faces=0
[Entry-4] frame=24460 faces=0
[Entry-1] frame=22600 faces=1
[DEBUG] Neeraj  score=0.156
[DEBUG] Neeraj  score=0.156
[Entry-2] frame=23810 faces=0
[Entry-4] frame=24470 faces=0
[Entry-1] frame=22610 faces=1
[DEBUG] Neeraj  score=0.176
[DEBUG] Neeraj  score=0.176
[Entry-2] frame=23820 faces=0
[Entry-4] frame=24480 faces=0
[Entry-1] frame=22620 faces=1
[DEBUG] Sunny  score=0.035
[DEBUG] Sunny  score=0.035
[Entry-2] frame=23830 faces=0
[Entry-4] frame=24490 faces=0
[Entry-1] frame=22630 faces=0
[Entry-2] frame=23840 faces=0
[Entry-4] frame=24500 faces=0
[Entry-1] frame=22640 faces=0
[Entry-2] frame=23850 faces=0
[Entry-4] frame=24510 faces=0
[Entry-1] frame=22650 faces=0
[Entry-2] frame=23860 faces=0
[Entry-4] frame=24520 faces=0
[Entry-1] frame=22660 faces=1
[DEBUG] Amitabh Prajapati score=0.066
[DEBUG] Amitabh Prajapati score=0.066
[Entry-2] frame=23870 faces=0
[Entry-4] frame=24530 faces=0
[Entry-1] frame=22670 faces=1
[DEBUG] Rajan score=0.043
[DEBUG] Rajan score=0.043
[Entry-2] frame=23880 faces=0
[Entry-4] frame=24540 faces=0
[Entry-1] frame=22680 faces=0
[Entry-2] frame=23890 faces=0
[Entry-4] frame=24550 faces=0
[Entry-1] frame=22690 faces=1
[DEBUG] Rajan score=0.066
[DEBUG] Rajan score=0.066
[Entry-2] frame=23900 faces=0
[Entry-4] frame=24560 faces=0
[Entry-1] frame=22700 faces=1
[DEBUG] Kuldeep score=0.074
[DEBUG] Kuldeep score=0.074
[Entry-2] frame=23910 faces=0
[Entry-4] frame=24570 faces=0
[Entry-1] frame=22710 faces=0
[Entry-2] frame=23920 faces=0
[Entry-4] frame=24580 faces=0
[Entry-1] frame=22720 faces=0
[Entry-2] frame=23930 faces=0
[Entry-4] frame=24590 faces=0
[Entry-1] frame=22730 faces=0
[Entry-2] frame=23940 faces=0
[Entry-4] frame=24600 faces=0
[Entry-1] frame=22740 faces=0
[Entry-2] frame=23950 faces=0
[Entry-4] frame=24610 faces=0
[Entry-1] frame=22750 faces=0
[Entry-2] frame=23960 faces=0
[Entry-4] frame=24620 faces=0
[Entry-1] frame=22760 faces=0
[Entry-4] frame=24630 faces=0
[Entry-2] frame=23970 faces=0
[Entry-1] frame=22770 faces=0
[Entry-2] frame=23980 faces=0
[Entry-4] frame=24640 faces=0
[Entry-1] frame=22780 faces=1
[DEBUG] Rajan score=0.107
[DEBUG] Rajan score=0.107
[Entry-2] frame=23990 faces=0[Entry-4] frame=24650 faces=0

[Entry-1] frame=22790 faces=0
[Entry-2] frame=24000 faces=0
[Entry-4] frame=24660 faces=0
[Entry-4] frame=24670 faces=0[Entry-2] frame=24010 faces=0

[Entry-1] frame=22800 faces=1
[DEBUG] Rishu Kumar score=0.163
[DEBUG] Rishu Kumar score=0.163
[Entry-4] frame=24680 faces=0
[Entry-2] frame=24020 faces=1
[DEBUG] Praveen score=0.612
[DEBUG] Praveen score=0.612
[Entry-1] frame=22810 faces=1
[DEBUG] Meraj score=0.181
[DEBUG] Meraj score=0.181
[Entry-4] frame=24690 faces=0
[Entry-2] frame=24030 faces=0
[Entry-1] frame=22820 faces=0
[Entry-4] frame=24700 faces=0
[Entry-2] frame=24040 faces=0
[Entry-1] frame=22830 faces=0
[Entry-4] frame=24710 faces=0
[Entry-2] frame=24050 faces=1
[DEBUG] Neeraj  score=0.097
[DEBUG] Neeraj  score=0.097
[Entry-1] frame=22840 faces=1
[DEBUG] Aakash score=0.151
[DEBUG] Aakash score=0.151
[Entry-4] frame=24720 faces=0
[Entry-2] frame=24060 faces=0
[Entry-1] frame=22850 faces=0
[Entry-4] frame=24730 faces=0
[Entry-2] frame=24070 faces=0
[Entry-1] frame=22860 faces=0
[Entry-4] frame=24740 faces=0
[Entry-2] frame=24080 faces=0
[Entry-1] frame=22870 faces=1
[DEBUG] Rajan score=0.140
[DEBUG] Rajan score=0.140
[Entry-4] frame=24750 faces=0
[Entry-2] frame=24090 faces=0
[Entry-1] frame=22880 faces=1
[DEBUG] Aditya score=0.196
[DEBUG] Aditya score=0.196
[Entry-4] frame=24760 faces=0
[Entry-2] frame=24100 faces=0
[Entry-1] frame=22890 faces=1
[DEBUG] Neeraj  score=0.096
[DEBUG] Neeraj  score=0.096
[Entry-4] frame=24770 faces=0
[Entry-2] frame=24110 faces=1
[DEBUG] Vikas Sharma score=0.028
[DEBUG] Vikas Sharma score=0.028
[Entry-1] frame=22900 faces=1
[DEBUG] Rajan score=0.133
[DEBUG] Rajan score=0.133
[Entry-4] frame=24780 faces=0
[Entry-2] frame=24120 faces=0
[Entry-1] frame=22910 faces=1
[DEBUG] Kuldeep score=0.143
[DEBUG] Kuldeep score=0.143
[Entry-4] frame=24790 faces=0
[Entry-2] frame=24130 faces=0
[Entry-1] frame=22920 faces=0
[Entry-4] frame=24800 faces=0
[Entry-2] frame=24140 faces=0
[Entry-1] frame=22930 faces=0
[Entry-4] frame=24810 faces=0
[Entry-2] frame=24150 faces=0
[Entry-1] frame=22940 faces=0
[Entry-4] frame=24820 faces=0
[Entry-2] frame=24160 faces=0
[Entry-1] frame=22950 faces=0
[Entry-4] frame=24830 faces=0
[Entry-2] frame=24170 faces=1
[DEBUG] Amitabh Prajapati score=0.394
[DEBUG] Amitabh Prajapati score=0.394
[Entry-4] frame=24840 faces=0
[Entry-1] frame=22960 faces=1
[DEBUG] Neeraj  score=0.151
[DEBUG] Neeraj  score=0.151
[Entry-2] frame=24180 faces=2
[DEBUG] Praveen score=0.529
[DEBUG] Praveen score=0.529
[DEBUG] Amitabh Prajapati score=0.327
[DEBUG] Amitabh Prajapati score=0.327
[Entry-4] frame=24850 faces=0
[Entry-1] frame=22970 faces=1
[DEBUG] Neeraj  score=0.155
[DEBUG] Neeraj  score=0.155
[Entry-4] frame=24860 faces=0
[Entry-2] frame=24190 faces=2
[DEBUG] Praveen score=0.623
[DEBUG] Praveen score=0.623
[DEBUG] Amitabh Prajapati score=0.377
[DEBUG] Amitabh Prajapati score=0.377
[Entry-1] frame=22980 faces=1
[DEBUG] Neeraj  score=0.165
[DEBUG] Neeraj  score=0.165
[Entry-4] frame=24870 faces=0
[Entry-2] frame=24200 faces=2
[DEBUG] Praveen score=0.598
[DEBUG] Praveen score=0.598
[DEBUG] Amitabh Prajapati score=0.460
[DEBUG] Amitabh Prajapati score=0.460
[Entry-1] frame=22990 faces=1
[DEBUG] Neeraj  score=0.231
[DEBUG] Neeraj  score=0.231
[Entry-4] frame=24880 faces=0
[Entry-2] frame=24210 faces=1
[DEBUG] Praveen score=0.589
[DEBUG] Praveen score=0.589
[Entry-1] frame=23000 faces=1
[DEBUG] Kuldeep score=0.121
[DEBUG] Kuldeep score=0.121
[Entry-4] frame=24890 faces=0
[Entry-2] frame=24220 faces=1
[DEBUG] Praveen score=0.618
[DEBUG] Praveen score=0.618
[Entry-1] frame=23010 faces=1
[DEBUG] Rajan score=0.096
[DEBUG] Rajan score=0.096
[Entry-4] frame=24900 faces=0
[Entry-2] frame=24230 faces=1
[DEBUG] Amitabh Prajapati score=0.455
[DEBUG] Amitabh Prajapati score=0.455
[Entry-4] frame=24910 faces=0
[Entry-1] frame=23020 faces=1
[DEBUG] Prashant Kumar score=0.087
[DEBUG] Prashant Kumar score=0.087
[Entry-2] frame=24240 faces=0
[Entry-4] frame=24920 faces=0
[Entry-1] frame=23030 faces=0
[Entry-2] frame=24250 faces=0
[Entry-4] frame=24930 faces=0
[Entry-1] frame=23040 faces=1
[DEBUG] Prashant Kumar score=0.201
[DEBUG] Prashant Kumar score=0.201
[Entry-4] frame=24940 faces=0
[Entry-2] frame=24260 faces=1
[DEBUG] Prashant Kumar score=0.410
[DEBUG] Prashant Kumar score=0.410
[Entry-1] frame=23050 faces=1
[DEBUG] Prashant Kumar score=0.154
[DEBUG] Prashant Kumar score=0.154
[Entry-4] frame=24950 faces=0
[Entry-2] frame=24270 faces=1
[DEBUG] Prashant Kumar score=0.226
[DEBUG] Prashant Kumar score=0.226
[Entry-1] frame=23060 faces=1
[DEBUG] Neeraj  score=0.097
[DEBUG] Neeraj  score=0.097
[Entry-4] frame=24960 faces=0
[Entry-2] frame=24280 faces=1
[DEBUG] Amitabh Prajapati score=0.421
[DEBUG] Amitabh Prajapati score=0.421
[Entry-1] frame=23070 faces=1
[DEBUG] Neeraj  score=0.204
[DEBUG] Neeraj  score=0.204
[Entry-4] frame=24970 faces=0
[Entry-2] frame=24290 faces=0
[Entry-1] frame=23080 faces=1
[DEBUG] Prashant Kumar score=0.164
[DEBUG] Prashant Kumar score=0.164
[Entry-4] frame=24980 faces=0
[Entry-2] frame=24300 faces=0
[Entry-1] frame=23090 faces=0
[Entry-4] frame=24990 faces=0
[Entry-2] frame=24310 faces=0
[Entry-1] frame=23100 faces=0
[Entry-4] frame=25000 faces=0
[Entry-2] frame=24320 faces=0
[Entry-1] frame=23110 faces=1
[DEBUG] Prashant Kumar score=0.176
[DEBUG] Prashant Kumar score=0.176
[Entry-4] frame=25010 faces=0
[Entry-2] frame=24330 faces=0
[Entry-1] frame=23120 faces=1
[DEBUG] Prashant Kumar score=0.152
[DEBUG] Prashant Kumar score=0.152
[Entry-4] frame=25020 faces=1
[DEBUG] Kuldeep score=0.161
[DEBUG] Kuldeep score=0.161
[Entry-2] frame=24340 faces=0
[Entry-1] frame=23130 faces=1
[DEBUG] Neeraj  score=0.180
[DEBUG] Neeraj  score=0.180
[Entry-4] frame=25030 faces=0
[Entry-2] frame=24350 faces=0
[Entry-1] frame=23140 faces=1
[DEBUG] Aakash score=0.146
[DEBUG] Aakash score=0.146
[Entry-4] frame=25040 faces=0
[Entry-2] frame=24360 faces=0
[Entry-1] frame=23150 faces=1
[DEBUG] Neeraj  score=0.117
[DEBUG] Neeraj  score=0.117
[Entry-4] frame=25050 faces=1
[DEBUG] Kuldeep score=0.475
[DEBUG] Kuldeep score=0.475
[Entry-2] frame=24370 faces=1
[DEBUG] Rishu Kumar score=0.416
[DEBUG] Rishu Kumar score=0.416
[Entry-1] frame=23160 faces=0
[Entry-4] frame=25060 faces=1
[DEBUG] Kuldeep score=0.232
[DEBUG] Kuldeep score=0.232
[Entry-2] frame=24380 faces=1
[DEBUG] Amitabh Prajapati score=0.064
[DEBUG] Amitabh Prajapati score=0.064
[Entry-1] frame=23170 faces=1
[DEBUG] Neeraj  score=0.137
[DEBUG] Neeraj  score=0.137
[Entry-4] frame=25070 faces=1
[DEBUG] Ravi Shankar score=0.086
[DEBUG] Ravi Shankar score=0.086
[Entry-2] frame=24390 faces=0
[Entry-1] frame=23180 faces=1
[DEBUG] Neeraj  score=0.162
[DEBUG] Neeraj  score=0.162
[Entry-4] frame=25080 faces=0
[Entry-2] frame=24400 faces=0
[Entry-1] frame=23190 faces=1
[DEBUG] Prashant Kumar score=0.166
[DEBUG] Prashant Kumar score=0.166
[Entry-2] frame=24410 faces=0
[Entry-4] frame=25090 faces=1
[DEBUG] Kuldeep score=0.079
[DEBUG] Kuldeep score=0.079
[Entry-1] frame=23200 faces=0
[Entry-4] frame=25100 faces=0
[Entry-2] frame=24420 faces=1
[DEBUG] Amitabh Prajapati score=0.280
[DEBUG] Amitabh Prajapati score=0.280
[Entry-1] frame=23210 faces=0
[Entry-4] frame=25110 faces=1
[DEBUG] Kuldeep score=0.193
[DEBUG] Kuldeep score=0.193
[Entry-2] frame=24430 faces=1
[DEBUG] Amitabh Prajapati score=0.368
[DEBUG] Amitabh Prajapati score=0.368
[Entry-1] frame=23220 faces=1
[DEBUG] Prashant Kumar score=0.174
[DEBUG] Prashant Kumar score=0.174
[Entry-4] frame=25120 faces=0
[Entry-2] frame=24440 faces=0
[Entry-1] frame=23230 faces=1
[DEBUG] Prashant Kumar score=0.185
[DEBUG] Prashant Kumar score=0.185
[Entry-4] frame=25130 faces=0
[Entry-2] frame=24450 faces=1
[DEBUG] Meraj score=0.090
[DEBUG] Meraj score=0.090
[Entry-1] frame=23240 faces=1
[DEBUG] Neeraj  score=0.165
[DEBUG] Neeraj  score=0.165
[Entry-4] frame=25140 faces=0
[Entry-2] frame=24460 faces=1
[DEBUG] Rishu Kumar score=0.057
[DEBUG] Rishu Kumar score=0.057
[Entry-1] frame=23250 faces=1
[DEBUG] Aakash score=0.134
[DEBUG] Aakash score=0.134
[Entry-4] frame=25150 faces=0
[Entry-2] frame=24470 faces=0
[Entry-4] frame=25160 faces=0
[Entry-1] frame=23260 faces=1
[DEBUG] Neeraj  score=0.161
[DEBUG] Neeraj  score=0.161
[Entry-2] frame=24480 faces=0
[Entry-4] frame=25170 faces=0
[Entry-1] frame=23270 faces=1
[DEBUG] Neeraj  score=0.143
[DEBUG] Neeraj  score=0.143
[Entry-2] frame=24490 faces=0
[Entry-4] frame=25180 faces=0
[Entry-1] frame=23280 faces=1
[DEBUG] Prashant Kumar score=0.194
[DEBUG] Prashant Kumar score=0.194
[Entry-2] frame=24500 faces=1
[DEBUG] Amitabh Prajapati score=0.244
[DEBUG] Amitabh Prajapati score=0.244
[Entry-4] frame=25190 faces=0
[Entry-2] frame=24510 faces=0
[Entry-1] frame=23290 faces=1
[DEBUG] Neeraj  score=0.181
[DEBUG] Neeraj  score=0.181
[Entry-4] frame=25200 faces=0
[Entry-2] frame=24520 faces=1
[DEBUG] Ravi Shankar score=0.049
[DEBUG] Ravi Shankar score=0.049
[Entry-1] frame=23300 faces=1
[DEBUG] Neeraj  score=0.232
[DEBUG] Neeraj  score=0.232
[Entry-4] frame=25210 faces=0
[Entry-2] frame=24530 faces=0
[Entry-1] frame=23310 faces=1
[DEBUG] Neeraj  score=0.224
[DEBUG] Neeraj  score=0.224
[Entry-4] frame=25220 faces=0
[Entry-2] frame=24540 faces=0
[Entry-1] frame=23320 faces=1
[DEBUG] Prashant Kumar score=0.186
[DEBUG] Prashant Kumar score=0.186
[Entry-4] frame=25230 faces=0
[Entry-2] frame=24550 faces=0
[Entry-4] frame=25240 faces=0
[Entry-1] frame=23330 faces=1
[DEBUG] Neeraj  score=0.161
[DEBUG] Neeraj  score=0.161
[Entry-2] frame=24560 faces=1
[DEBUG] Amitabh Prajapati score=0.166
[DEBUG] Amitabh Prajapati score=0.166
[Entry-4] frame=25250 faces=0
[Entry-1] frame=23340 faces=0
[Entry-2] frame=24570 faces=1
[DEBUG] Praveen score=0.101
[DEBUG] Praveen score=0.101
[Entry-4] frame=25260 faces=0
[Entry-1] frame=23350 faces=0
[Entry-2] frame=24580 faces=1
[DEBUG] Amitabh Prajapati score=0.165
[DEBUG] Amitabh Prajapati score=0.165
[Entry-4] frame=25270 faces=0
[Entry-1] frame=23360 faces=0
[Entry-2] frame=24590 faces=0
[Entry-4] frame=25280 faces=0
[Entry-1] frame=23370 faces=0
[Entry-2] frame=24600 faces=0
[Entry-4] frame=25290 faces=0
[Entry-1] frame=23380 faces=0
[Entry-2] frame=24610 faces=0
[Entry-4] frame=25300 faces=0
[Entry-1] frame=23390 faces=0
[Entry-2] frame=24620 faces=0
[Entry-4] frame=25310 faces=0
[Entry-1] frame=23400 faces=1
[DEBUG] Meraj score=0.172
[DEBUG] Meraj score=0.172
[Entry-2] frame=24630 faces=0
[Entry-4] frame=25320 faces=0
[Entry-1] frame=23410 faces=0
[Entry-2] frame=24640 faces=0
[Entry-4] frame=25330 faces=0
[Entry-1] frame=23420 faces=0
[Entry-2] frame=24650 faces=0
[Entry-4] frame=25340 faces=0
[Entry-1] frame=23430 faces=0
[Entry-2] frame=24660 faces=0
[Entry-4] frame=25350 faces=0
[Entry-1] frame=23440 faces=1
[DEBUG] Praveen score=0.081
[DEBUG] Praveen score=0.081
[Entry-2] frame=24670 faces=0
[Entry-4] frame=25360 faces=0
[Entry-1] frame=23450 faces=0
[Entry-2] frame=24680 faces=0
[Entry-4] frame=25370 faces=0
[Entry-1] frame=23460 faces=0
[Entry-2] frame=24690 faces=0
[Entry-4] frame=25380 faces=0
[Entry-1] frame=23470 faces=1
[DEBUG] Aakash score=0.064
[DEBUG] Aakash score=0.064
[Entry-2] frame=24700 faces=1
[DEBUG] Ravi Shankar score=0.155
[DEBUG] Ravi Shankar score=0.155
[Entry-4] frame=25390 faces=0
[Entry-1] frame=23480 faces=1
[DEBUG] Meraj score=0.051
[DEBUG] Meraj score=0.051
[Entry-2] frame=24710 faces=0
[Entry-4] frame=25400 faces=0
[Entry-1] frame=23490 faces=1
[DEBUG] Meraj score=0.105
[DEBUG] Meraj score=0.105
[Entry-2] frame=24720 faces=0
[Entry-4] frame=25410 faces=0
[Entry-1] frame=23500 faces=1
[DEBUG] Meraj score=0.107
[DEBUG] Meraj score=0.107
[Entry-2] frame=24730 faces=0
[Entry-4] frame=25420 faces=0
[Entry-1] frame=23510 faces=0
[Entry-2] frame=24740 faces=0
[Entry-4] frame=25430 faces=0
[Entry-1] frame=23520 faces=0
[Entry-2] frame=24750 faces=1
[DEBUG] Amitabh Prajapati score=0.195
[DEBUG] Amitabh Prajapati score=0.195
[Entry-4] frame=25440 faces=0
[Entry-1] frame=23530 faces=1
[DEBUG] Kajal score=0.079
[DEBUG] Kajal score=0.079
[Entry-2] frame=24760 faces=1
[DEBUG] Amitabh Prajapati score=0.310
[DEBUG] Amitabh Prajapati score=0.310
[Entry-4] frame=25450 faces=0
[Entry-1] frame=23540 faces=1
[DEBUG] Rajan score=0.087
[DEBUG] Rajan score=0.087
[Entry-4] frame=25460 faces=0
[Entry-2] frame=24770 faces=1
[DEBUG] Amitabh Prajapati score=0.333
[DEBUG] Amitabh Prajapati score=0.333
[Entry-1] frame=23550 faces=1
[DEBUG] Meraj score=0.063
[DEBUG] Meraj score=0.063
[Entry-4] frame=25470 faces=0
[Entry-2] frame=24780 faces=0
[Entry-1] frame=23560 faces=0
[Entry-4] frame=25480 faces=0
[Entry-2] frame=24790 faces=0
[Entry-1] frame=23570 faces=1
[DEBUG] Aditya score=0.112
[DEBUG] Aditya score=0.112
[Entry-4] frame=25490 faces=0
[Entry-2] frame=24800 faces=0
[Entry-1] frame=23580 faces=1
[DEBUG] Meraj score=0.168
[DEBUG] Meraj score=0.168
[Entry-4] frame=25500 faces=0
[Entry-2] frame=24810 faces=1
[DEBUG] Amitabh Prajapati score=0.365
[DEBUG] Amitabh Prajapati score=0.365
[Entry-1] frame=23590 faces=1
[DEBUG] Ravi Shankar score=0.071
[DEBUG] Ravi Shankar score=0.071
[Entry-4] frame=25510 faces=0
[Entry-2] frame=24820 faces=1
[DEBUG] Ravi Shankar score=0.073
[DEBUG] Ravi Shankar score=0.073
[Entry-1] frame=23600 faces=1
[DEBUG] Prashant Kumar score=0.079
[DEBUG] Prashant Kumar score=0.079
[Entry-4] frame=25520 faces=0
[Entry-2] frame=24830 faces=1
[DEBUG] Amitabh Prajapati score=0.155
[DEBUG] Amitabh Prajapati score=0.155
[Entry-1] frame=23610 faces=1
[DEBUG] Neeraj  score=0.081
[DEBUG] Neeraj  score=0.081
[Entry-4] frame=25530 faces=0
[Entry-2] frame=24840 faces=1
[DEBUG] Ravi Shankar score=0.037
[DEBUG] Ravi Shankar score=0.037
[Entry-4] frame=25540 faces=0
[Entry-1] frame=23620 faces=1
[DEBUG] Praveen score=0.086
[DEBUG] Praveen score=0.086
[Entry-2] frame=24850 faces=1
[DEBUG] Kuldeep score=0.283
[DEBUG] Kuldeep score=0.283
[Entry-4] frame=25550 faces=0
[Entry-1] frame=23630 faces=1
[DEBUG] Rajan score=0.064
[DEBUG] Rajan score=0.064
[Entry-2] frame=24860 faces=1
[DEBUG] Kuldeep score=0.231
[DEBUG] Kuldeep score=0.231
[Entry-4] frame=25560 faces=0
[Entry-1] frame=23640 faces=0
[Entry-2] frame=24870 faces=1
[DEBUG] Praveen score=0.201
[DEBUG] Praveen score=0.201
[Entry-4] frame=25570 faces=0
[Entry-1] frame=23650 faces=1
[DEBUG] Meraj score=0.163
[DEBUG] Meraj score=0.163
[Entry-2] frame=24880 faces=0
[Entry-4] frame=25580 faces=0
[Entry-1] frame=23660 faces=1
[DEBUG] Neeraj  score=0.108
[DEBUG] Neeraj  score=0.108
[Entry-2] frame=24890 faces=0
[Entry-4] frame=25590 faces=0
[Entry-1] frame=23670 faces=0
[Entry-2] frame=24900 faces=0
[Entry-4] frame=25600 faces=0
[Entry-1] frame=23680 faces=1
[DEBUG] Neeraj  score=0.062
[DEBUG] Neeraj  score=0.062
[Entry-2] frame=24910 faces=0
[Entry-4] frame=25610 faces=0
[Entry-1] frame=23690 faces=1
[DEBUG] Prashant Kumar score=0.198
[DEBUG] Prashant Kumar score=0.198
[Entry-2] frame=24920 faces=1
[DEBUG] Amitabh Prajapati score=0.186
[DEBUG] Amitabh Prajapati score=0.186
[Entry-4] frame=25620 faces=0
[Entry-1] frame=23700 faces=1
[DEBUG] Prashant Kumar score=0.145
[DEBUG] Prashant Kumar score=0.145
[Entry-2] frame=24930 faces=0
[Entry-4] frame=25630 faces=0
[Entry-1] frame=23710 faces=0
[Entry-2] frame=24940 faces=1
[DEBUG] Prashant Kumar score=0.492
[DEBUG] Prashant Kumar score=0.492
[Entry-4] frame=25640 faces=0
[Entry-1] frame=23720 faces=1
[DEBUG] Prashant Kumar score=0.199
[DEBUG] Prashant Kumar score=0.199
[Entry-2] frame=24950 faces=1
[DEBUG] Prashant Kumar score=0.433
[DEBUG] Prashant Kumar score=0.433
[Entry-4] frame=25650 faces=0
[Entry-1] frame=23730 faces=0
[Entry-2] frame=24960 faces=1
[DEBUG] Prashant Kumar score=0.439
[DEBUG] Prashant Kumar score=0.439
[Entry-4] frame=25660 faces=0
[Entry-1] frame=23740 faces=0
[Entry-2] frame=24970 faces=0
[Entry-4] frame=25670 faces=0
[Entry-1] frame=23750 faces=0
[Entry-2] frame=24980 faces=0
[Entry-4] frame=25680 faces=0
[Entry-1] frame=23760 faces=0
[Entry-2] frame=24990 faces=0
[Entry-4] frame=25690 faces=0
[Entry-1] frame=23770 faces=0
[Entry-2] frame=25000 faces=0
[Entry-4] frame=25700 faces=0
[Entry-1] frame=23780 faces=0
[Entry-2] frame=25010 faces=0
[Entry-4] frame=25710 faces=0
[Entry-1] frame=23790 faces=0
[Entry-2] frame=25020 faces=0
[Entry-4] frame=25720 faces=0
[Entry-1] frame=23800 faces=0
[Entry-2] frame=25030 faces=0
[Entry-4] frame=25730 faces=0
[Entry-1] frame=23810 faces=1
[DEBUG] Prashant Kumar score=0.065
[DEBUG] Prashant Kumar score=0.065
[Entry-2] frame=25040 faces=0
[Entry-4] frame=25740 faces=0
[Entry-1] frame=23820 faces=1
[DEBUG] Aakash score=0.066
[DEBUG] Aakash score=0.066
[Entry-4] frame=25750 faces=0
[Entry-2] frame=25050 faces=1
[DEBUG] Amitabh Prajapati score=0.259
[DEBUG] Amitabh Prajapati score=0.259
[Entry-1] frame=23830 faces=1
[DEBUG] Prashant Kumar score=0.046
[DEBUG] Prashant Kumar score=0.046
[Entry-4] frame=25760 faces=0
[Entry-2] frame=25060 faces=0
[Entry-1] frame=23840 faces=0
[Entry-4] frame=25770 faces=0
[Entry-2] frame=25070 faces=0
[Entry-1] frame=23850 faces=0
[Entry-2] frame=25080 faces=0
[Entry-4] frame=25780 faces=1
[DEBUG] Kajal score=0.182
[DEBUG] Kajal score=0.182
[Entry-1] frame=23860 faces=0
[Entry-4] frame=25790 faces=0
[Entry-2] frame=25090 faces=2
[DEBUG] Amitabh Prajapati score=0.317
[DEBUG] Amitabh Prajapati score=0.317
[DEBUG] Prashant Kumar score=0.267
[DEBUG] Prashant Kumar score=0.267
[Entry-1] frame=23870 faces=1
[DEBUG] Meraj score=0.144
[DEBUG] Meraj score=0.144
[Entry-4] frame=25800 faces=0
[Entry-2] frame=25100 faces=1
[DEBUG] Prashant Kumar score=0.249
[DEBUG] Prashant Kumar score=0.249
[Entry-4] frame=25810 faces=0
[Entry-1] frame=23880 faces=1
[DEBUG] Prashant Kumar score=0.191
[DEBUG] Prashant Kumar score=0.191
[Entry-2] frame=25110 faces=1
[DEBUG] Rajan score=0.057
[DEBUG] Rajan score=0.057
[Entry-4] frame=25820 faces=0
[Entry-1] frame=23890 faces=1
[DEBUG] Prashant Kumar score=0.163
[DEBUG] Prashant Kumar score=0.163
[Entry-2] frame=25120 faces=0
[Entry-4] frame=25830 faces=0
[Entry-1] frame=23900 faces=1
[DEBUG] Aditya score=0.089
[DEBUG] Aditya score=0.089
[Entry-2] frame=25130 faces=0
[Entry-4] frame=25840 faces=1
[DEBUG] Prashant Kumar score=0.069
[DEBUG] Prashant Kumar score=0.069
[Entry-1] frame=23910 faces=1
[DEBUG] Aakash score=0.071
[DEBUG] Aakash score=0.071
[Entry-2] frame=25140 faces=1
[DEBUG] Kajal score=0.409
[DEBUG] Kajal score=0.409
[Entry-4] frame=25850 faces=1
[DEBUG] Meraj score=0.311
[DEBUG] Meraj score=0.311
[Entry-1] frame=23920 faces=1
[DEBUG] Aakash score=0.061
[DEBUG] Aakash score=0.061
[Entry-2] frame=25150 faces=0
[Entry-4] frame=25860 faces=1
[DEBUG] Meraj score=0.087
[DEBUG] Meraj score=0.087
[Entry-2] frame=25160 faces=0
[Entry-1] frame=23930 faces=1
[DEBUG] Meraj score=0.113
[DEBUG] Meraj score=0.113
[Entry-4] frame=25870 faces=0
[Entry-2] frame=25170 faces=0
[Entry-1] frame=23940 faces=1
[DEBUG] Neeraj  score=0.102
[DEBUG] Neeraj  score=0.102
[Entry-4] frame=25880 faces=0
[Entry-2] frame=25180 faces=0
[Entry-1] frame=23950 faces=1
[DEBUG] Neeraj  score=0.117
[DEBUG] Neeraj  score=0.117
[Entry-4] frame=25890 faces=0
[Entry-2] frame=25190 faces=0
[Entry-1] frame=23960 faces=1
[DEBUG] Rajan score=0.077
[DEBUG] Rajan score=0.077
[Entry-4] frame=25900 faces=0
[Entry-2] frame=25200 faces=0
[Entry-1] frame=23970 faces=1
[DEBUG] Aditya score=0.165
[DEBUG] Aditya score=0.165
[Entry-4] frame=25910 faces=0
[Entry-2] frame=25210 faces=0
[Entry-1] frame=23980 faces=1
[DEBUG] Neeraj  score=0.173
[DEBUG] Neeraj  score=0.173
[Entry-4] frame=25920 faces=0
[Entry-2] frame=25220 faces=0
[Entry-1] frame=23990 faces=1
[DEBUG] Aakash score=0.170
[DEBUG] Aakash score=0.170
[Entry-4] frame=25930 faces=0
[Entry-2] frame=25230 faces=1
[DEBUG] Meraj score=0.370
[DEBUG] Meraj score=0.370
[Entry-1] frame=24000 faces=1
[DEBUG] Meraj score=0.129
[DEBUG] Meraj score=0.129
[Entry-4] frame=25940 faces=0
[Entry-2] frame=25240 faces=1
[DEBUG] Meraj score=0.416
[DEBUG] Meraj score=0.416
[Entry-1] frame=24010 faces=1
[DEBUG] Neeraj  score=0.158
[DEBUG] Neeraj  score=0.158
[Entry-4] frame=25950 faces=0
[Entry-2] frame=25250 faces=2
[DEBUG] Meraj score=0.198
[DEBUG] Meraj score=0.198
[DEBUG] Amitabh Prajapati score=0.047
[DEBUG] Amitabh Prajapati score=0.047
[Entry-4] frame=25960 faces=0
[Entry-1] frame=24020 faces=1
[DEBUG] Prashant Kumar score=0.154
[DEBUG] Prashant Kumar score=0.154
[Entry-2] frame=25260 faces=0
[Entry-4] frame=25970 faces=0
[Entry-1] frame=24030 faces=1
[DEBUG] Prashant Kumar score=0.198
[DEBUG] Prashant Kumar score=0.198
[Entry-2] frame=25270 faces=2
[DEBUG] Meraj score=0.326
[DEBUG] Meraj score=0.326
[DEBUG] Sunny  score=0.098
[DEBUG] Sunny  score=0.098
[Entry-4] frame=25980 faces=0
[Entry-1] frame=24040 faces=1
[DEBUG] Ravi Shankar score=0.070
[DEBUG] Ravi Shankar score=0.070
[Entry-2] frame=25280 faces=1
[DEBUG] Amitabh Prajapati score=0.320
[DEBUG] Amitabh Prajapati score=0.320
[Entry-4] frame=25990 faces=0
[Entry-1] frame=24050 faces=1
[DEBUG] Aditya score=0.125
[DEBUG] Aditya score=0.125
[Entry-4] frame=26000 faces=0
[Entry-2] frame=25290 faces=1
[DEBUG] Amitabh Prajapati score=0.277
[DEBUG] Amitabh Prajapati score=0.277
[Entry-1] frame=24060 faces=1
[DEBUG] Aditya score=0.165
[DEBUG] Aditya score=0.165
[Entry-4] frame=26010 faces=0
[Entry-2] frame=25300 faces=0
[Entry-1] frame=24070 faces=1
[DEBUG] Aditya score=0.182
[DEBUG] Aditya score=0.182
[Entry-4] frame=26020 faces=0
[Entry-2] frame=25310 faces=1
[DEBUG] Meraj score=0.402
[DEBUG] Meraj score=0.402
[Entry-1] frame=24080 faces=1
[DEBUG] Meraj score=0.132
[DEBUG] Meraj score=0.132
[Entry-4] frame=26030 faces=0
[Entry-2] frame=25320 faces=0
[Entry-1] frame=24090 faces=1
[DEBUG] Prashant Kumar score=0.224
[DEBUG] Prashant Kumar score=0.224
[Entry-4] frame=26040 faces=0
[Entry-2] frame=25330 faces=0
[Entry-1] frame=24100 faces=1
[DEBUG] Prashant Kumar score=0.126
[DEBUG] Prashant Kumar score=0.126
[Entry-4] frame=26050 faces=0
[Entry-2] frame=25340 faces=0
[Entry-4] frame=26060 faces=0
[Entry-1] frame=24110 faces=1
[DEBUG] Aditya score=0.132
[DEBUG] Aditya score=0.132
[Entry-2] frame=25350 faces=0
[Entry-4] frame=26070 faces=0
[Entry-1] frame=24120 faces=1
[DEBUG] Aditya score=0.120
[DEBUG] Aditya score=0.120
[Entry-2] frame=25360 faces=0
[Entry-4] frame=26080 faces=0
[Entry-1] frame=24130 faces=1
[DEBUG] Aditya score=0.107
[DEBUG] Aditya score=0.107
[Entry-2] frame=25370 faces=0
[Entry-4] frame=26090 faces=0
[Entry-2] frame=25380 faces=0
[Entry-1] frame=24140 faces=1
[DEBUG] Prashant Kumar score=0.131
[DEBUG] Prashant Kumar score=0.131
[Entry-4] frame=26100 faces=0
[Entry-2] frame=25390 faces=0
[Entry-1] frame=24150 faces=1
[DEBUG] Prashant Kumar score=0.163
[DEBUG] Prashant Kumar score=0.163
[Entry-4] frame=26110 faces=0
[Entry-2] frame=25400 faces=0
[Entry-1] frame=24160 faces=1
[DEBUG] Prashant Kumar score=0.123
[DEBUG] Prashant Kumar score=0.123
[Entry-4] frame=26120 faces=0
[Entry-2] frame=25410 faces=0
[Entry-1] frame=24170 faces=1
[DEBUG] Prashant Kumar score=0.115
[DEBUG] Prashant Kumar score=0.115
[Entry-4] frame=26130 faces=0
[Entry-2] frame=25420 faces=0
[Entry-1] frame=24180 faces=1
[DEBUG] Prashant Kumar score=0.135
[DEBUG] Prashant Kumar score=0.135
[Entry-4] frame=26140 faces=0
[Entry-2] frame=25430 faces=0
[Entry-1] frame=24190 faces=1
[DEBUG] Aakash score=0.071
[DEBUG] Aakash score=0.071
[Entry-4] frame=26150 faces=0
[Entry-2] frame=25440 faces=0
[Entry-4] frame=26160 faces=0
[Entry-1] frame=24200 faces=1
[DEBUG] Aakash score=0.110
[DEBUG] Aakash score=0.110
[Entry-2] frame=25450 faces=1
[DEBUG] Meraj score=0.371
[DEBUG] Meraj score=0.371
[Entry-4] frame=26170 faces=0
[Entry-1] frame=24210 faces=1
[DEBUG] Aakash score=0.103
[DEBUG] Aakash score=0.103
[Entry-2] frame=25460 faces=0
[Entry-4] frame=26180 faces=0
[Entry-1] frame=24220 faces=1
[DEBUG] Aakash score=0.134
[DEBUG] Aakash score=0.134
[Entry-2] frame=25470 faces=0
[Entry-4] frame=26190 faces=0
[Entry-1] frame=24230 faces=1
[DEBUG] Kuldeep score=0.172
[DEBUG] Kuldeep score=0.172
[Entry-2] frame=25480 faces=0
[Entry-4] frame=26200 faces=0
[Entry-2] frame=25490 faces=0
[Entry-1] frame=24240 faces=1
[DEBUG] Meraj score=0.172
[DEBUG] Meraj score=0.172
[Entry-4] frame=26210 faces=0
[Entry-2] frame=25500 faces=0
[Entry-1] frame=24250 faces=1
[DEBUG] Prashant Kumar score=0.105
[DEBUG] Prashant Kumar score=0.105
[Entry-4] frame=26220 faces=0
[Entry-2] frame=25510 faces=1
[DEBUG] Meraj score=0.501
[DEBUG] Meraj score=0.501
[Entry-1] frame=24260 faces=1
[DEBUG] Prashant Kumar score=0.163
[DEBUG] Prashant Kumar score=0.163
[Entry-4] frame=26230 faces=0
[Entry-2] frame=25520 faces=0
[Entry-1] frame=24270 faces=1
[DEBUG] Aditya score=0.195
[DEBUG] Aditya score=0.195
[Entry-4] frame=26240 faces=0
[Entry-2] frame=25530 faces=0
[Entry-1] frame=24280 faces=1
[DEBUG] Satya  score=0.157
[DEBUG] Satya  score=0.157
[Entry-4] frame=26250 faces=0
[Entry-2] frame=25540 faces=0
[Entry-4] frame=26260 faces=0
[Entry-1] frame=24290 faces=1
[DEBUG] Meraj score=0.134
[DEBUG] Meraj score=0.134
[Entry-2] frame=25550 faces=0
[Entry-4] frame=26270 faces=0
[Entry-1] frame=24300 faces=1
[DEBUG] Aakash score=0.186
[DEBUG] Aakash score=0.186
[Entry-2] frame=25560 faces=0
[Entry-4] frame=26280 faces=0
[Entry-1] frame=24310 faces=1
[DEBUG] Meraj score=0.166
[DEBUG] Meraj score=0.166
[Entry-2] frame=25570 faces=0
[Entry-4] frame=26290 faces=0
[Entry-1] frame=24320 faces=1
[DEBUG] Rajan score=0.158
[DEBUG] Rajan score=0.158
[Entry-2] frame=25580 faces=0
[Entry-4] frame=26300 faces=0
[Entry-1] frame=24330 faces=1
[DEBUG] Meraj score=0.165
[DEBUG] Meraj score=0.165
[Entry-2] frame=25590 faces=2
[DEBUG] Meraj score=0.559
[DEBUG] Meraj score=0.559
[DEBUG] Ravi Shankar score=0.031
[DEBUG] Ravi Shankar score=0.031
[Entry-4] frame=26310 faces=0
[Entry-1] frame=24340 faces=1
[DEBUG] Meraj score=0.191
[DEBUG] Meraj score=0.191
[Entry-2] frame=25600 faces=1
[DEBUG] Prashant Kumar score=0.453
[DEBUG] Prashant Kumar score=0.453
[Entry-4] frame=26320 faces=0
[Entry-1] frame=24350 faces=1
[DEBUG] Meraj score=0.113
[DEBUG] Meraj score=0.113
[Entry-4] frame=26330 faces=0
[Entry-2] frame=25610 faces=1
[DEBUG] Prashant Kumar score=0.478
[DEBUG] Prashant Kumar score=0.478
[Entry-1] frame=24360 faces=1
[DEBUG] Prashant Kumar score=0.168
[DEBUG] Prashant Kumar score=0.168
[Entry-4] frame=26340 faces=0
[Entry-2] frame=25620 faces=1
[DEBUG] Prashant Kumar score=0.601
[DEBUG] Prashant Kumar score=0.601
[Entry-1] frame=24370 faces=1
[DEBUG] Neeraj  score=0.179
[DEBUG] Neeraj  score=0.179
[Entry-4] frame=26350 faces=0
[Entry-2] frame=25630 faces=1
[DEBUG] Prashant Kumar score=0.652
[DEBUG] Prashant Kumar score=0.652
[Entry-4] frame=26360 faces=0
[Entry-1] frame=24380 faces=1
[DEBUG] Neeraj  score=0.144
[DEBUG] Neeraj  score=0.144
[Entry-2] frame=25640 faces=0
[Entry-1] frame=24390 faces=0
[Entry-4] frame=26370 faces=0
[Entry-2] frame=25650 faces=1
[DEBUG] Meraj score=0.709
[DEBUG] Meraj score=0.709
[Entry-1] frame=24400 faces=0
[Entry-4] frame=26380 faces=0
[Entry-2] frame=25660 faces=0
[Entry-1] frame=24410 faces=0
[Entry-4] frame=26390 faces=0
[Entry-2] frame=25670 faces=0
[Entry-1] frame=24420 faces=0
[Entry-4] frame=26400 faces=0
[Entry-2] frame=25680 faces=0
[Entry-1] frame=24430 faces=0
[Entry-4] frame=26410 faces=0
[Entry-2] frame=25690 faces=0
[Entry-1] frame=24440 faces=0
[Entry-4] frame=26420 faces=0
[Entry-2] frame=25700 faces=1
[DEBUG] Meraj score=0.295
[DEBUG] Meraj score=0.295
[Entry-1] frame=24450 faces=0
[Entry-4] frame=26430 faces=0
[Entry-2] frame=25710 faces=2
[DEBUG] Meraj score=0.332
[DEBUG] Meraj score=0.332
[DEBUG] Prashant Kumar score=0.244
[DEBUG] Prashant Kumar score=0.244
[Entry-1] frame=24460 faces=0
[Entry-4] frame=26440 faces=0
[Entry-2] frame=25720 faces=1
[DEBUG] Meraj score=0.388
[DEBUG] Meraj score=0.388
[Entry-1] frame=24470 faces=0
[Entry-4] frame=26450 faces=0
[Entry-2] frame=25730 faces=1
[DEBUG] Prashant Kumar score=0.077
[DEBUG] Prashant Kumar score=0.077
[Entry-1] frame=24480 faces=0
[Entry-4] frame=26460 faces=0
[Entry-2] frame=25740 faces=0
[Entry-1] frame=24490 faces=0
[Entry-4] frame=26470 faces=0
[Entry-2] frame=25750 faces=0
[Entry-1] frame=24500 faces=0
[Entry-4] frame=26480 faces=0
[Entry-2] frame=25760 faces=0
[Entry-1] frame=24510 faces=0
[Entry-4] frame=26490 faces=0
[Entry-2] frame=25770 faces=0
[Entry-1] frame=24520 faces=0
[Entry-4] frame=26500 faces=0
[Entry-2] frame=25780 faces=1
[DEBUG] Amitabh Prajapati score=0.565
[DEBUG] Amitabh Prajapati score=0.565
[Entry-1] frame=24530 faces=0
[Entry-4] frame=26510 faces=0
[Entry-1] frame=24540 faces=0
[Entry-4] frame=26520 faces=0
[Entry-2] frame=25790 faces=2
[DEBUG] Amitabh Prajapati score=0.741
[DEBUG] Amitabh Prajapati score=0.741
[DEBUG] Prashant Kumar score=0.133
[DEBUG] Prashant Kumar score=0.133
[Entry-1] frame=24550 faces=0
[Entry-4] frame=26530 faces=0
[Entry-2] frame=25800 faces=1
[DEBUG] Meraj score=0.374
[DEBUG] Meraj score=0.374
[Entry-1] frame=24560 faces=0
[Entry-4] frame=26540 faces=0
[Entry-2] frame=25810 faces=0
[Entry-4] frame=26550 faces=0
[Entry-1] frame=24570 faces=1
[DEBUG] Praveen score=0.088
[DEBUG] Praveen score=0.088
[Entry-2] frame=25820 faces=1
[DEBUG] Meraj score=0.639
[DEBUG] Meraj score=0.639
[Entry-4] frame=26560 faces=0
[Entry-1] frame=24580 faces=1
[DEBUG] Neeraj  score=0.087
[DEBUG] Neeraj  score=0.087
[Entry-2] frame=25830 faces=1
[DEBUG] Meraj score=0.653
[DEBUG] Meraj score=0.653
[Entry-4] frame=26570 faces=0
[Entry-1] frame=24590 faces=1
[DEBUG] Meraj score=0.064
[DEBUG] Meraj score=0.064
[Entry-2] frame=25840 faces=1
[DEBUG] Meraj score=0.615
[DEBUG] Meraj score=0.615
[Entry-4] frame=26580 faces=0
[Entry-1] frame=24600 faces=1
[DEBUG] Meraj score=0.072
[DEBUG] Meraj score=0.072
[Entry-2] frame=25850 faces=1
[DEBUG] Meraj score=0.652
[DEBUG] Meraj score=0.652
[Entry-4] frame=26590 faces=0
[Entry-1] frame=24610 faces=1
[DEBUG] Kuldeep score=0.121
[DEBUG] Kuldeep score=0.121
[Entry-2] frame=25860 faces=1
[DEBUG] Meraj score=0.558
[DEBUG] Meraj score=0.558
[Entry-4] frame=26600 faces=0
[Entry-1] frame=24620 faces=0
[Entry-2] frame=25870 faces=0
[Entry-4] frame=26610 faces=0
[Entry-1] frame=24630 faces=1
[DEBUG] Aakash score=0.094
[DEBUG] Aakash score=0.094
[Entry-2] frame=25880 faces=1
[DEBUG] Meraj score=0.694
[DEBUG] Meraj score=0.694
[Entry-4] frame=26620 faces=0
[Entry-1] frame=24640 faces=0
[Entry-2] frame=25890 faces=0
[Entry-4] frame=26630 faces=0
[Entry-1] frame=24650 faces=0
[Entry-2] frame=25900 faces=1
[DEBUG] Amitabh Prajapati score=0.487
[DEBUG] Amitabh Prajapati score=0.487
[Entry-4] frame=26640 faces=0
[Entry-1] frame=24660 faces=1
[DEBUG] Ravi Shankar score=0.053
[DEBUG] Ravi Shankar score=0.053
[Entry-4] frame=26650 faces=0
[Entry-2] frame=25910 faces=1
[DEBUG] Meraj score=0.305
[DEBUG] Meraj score=0.305
[Entry-1] frame=24670 faces=0
[Entry-2] frame=25920 faces=0
[Entry-4] frame=26660 faces=0
[Entry-1] frame=24680 faces=1
[DEBUG] Aakash score=0.122
[DEBUG] Aakash score=0.122
[Entry-2] frame=25930 faces=0
[Entry-4] frame=26670 faces=0
[Entry-1] frame=24690 faces=0
[Entry-2] frame=25940 faces=0
[Entry-4] frame=26680 faces=0
[Entry-1] frame=24700 faces=1
[DEBUG] Rajan score=0.067
[DEBUG] Rajan score=0.067
[Entry-4] frame=26690 faces=0
[Entry-2] frame=25950 faces=1
[DEBUG] Meraj score=0.644
[DEBUG] Meraj score=0.644
[Entry-1] frame=24710 faces=1
[DEBUG] Neeraj  score=0.134
[DEBUG] Neeraj  score=0.134
[Entry-4] frame=26700 faces=0
[Entry-2] frame=25960 faces=0
[Entry-1] frame=24720 faces=0
[Entry-4] frame=26710 faces=0
[Entry-2] frame=25970 faces=0
[Entry-1] frame=24730 faces=0
[Entry-4] frame=26720 faces=0
[Entry-2] frame=25980 faces=0
[Entry-1] frame=24740 faces=0
[Entry-4] frame=26730 faces=0
[Entry-2] frame=25990 faces=1
[DEBUG] Amitabh Prajapati score=0.227
[DEBUG] Amitabh Prajapati score=0.227
[Entry-1] frame=24750 faces=0
[Entry-4] frame=26740 faces=0
[Entry-2] frame=26000 faces=1
[DEBUG] Amitabh Prajapati score=0.288
[DEBUG] Amitabh Prajapati score=0.288
[Entry-1] frame=24760 faces=0
[Entry-4] frame=26750 faces=0
[Entry-2] frame=26010 faces=1
[DEBUG] Amitabh Prajapati score=0.429
[DEBUG] Amitabh Prajapati score=0.429
[Entry-1] frame=24770 faces=0
[Entry-4] frame=26760 faces=0
[Entry-2] frame=26020 faces=1
[DEBUG] Amitabh Prajapati score=0.295
[DEBUG] Amitabh Prajapati score=0.295
[Entry-4] frame=26770 faces=0
[Entry-1] frame=24780 faces=1
[DEBUG] Aakash score=0.135
[DEBUG] Aakash score=0.135
[Entry-2] frame=26030 faces=1
[DEBUG] Amitabh Prajapati score=0.389
[DEBUG] Amitabh Prajapati score=0.389
[Entry-4] frame=26780 faces=0
[Entry-1] frame=24790 faces=0
[Entry-2] frame=26040 faces=1
[DEBUG] Amitabh Prajapati score=0.258
[DEBUG] Amitabh Prajapati score=0.258
[Entry-1] frame=24800 faces=0
[Entry-4] frame=26790 faces=0
[Entry-2] frame=26050 faces=1
[DEBUG] Amitabh Prajapati score=0.431
[DEBUG] Amitabh Prajapati score=0.431
[Entry-4] frame=26800 faces=0
[Entry-1] frame=24810 faces=0
[Entry-2] frame=26060 faces=1
[DEBUG] Amitabh Prajapati score=0.173
[DEBUG] Amitabh Prajapati score=0.173
[Entry-4] frame=26810 faces=0
[Entry-1] frame=24820 faces=0
[Entry-2] frame=26070 faces=0
[Entry-4] frame=26820 faces=0
[Entry-1] frame=24830 faces=0
[Entry-2] frame=26080 faces=0
[Entry-4] frame=26830 faces=0
[Entry-1] frame=24840 faces=0
[Entry-2] frame=26090 faces=0
[Entry-4] frame=26840 faces=0
[Entry-1] frame=24850 faces=0
[Entry-2] frame=26100 faces=0
[Entry-4] frame=26850 faces=0
[Entry-1] frame=24860 faces=0
[Entry-2] frame=26110 faces=0
[Entry-4] frame=26860 faces=0
[Entry-1] frame=24870 faces=1
[DEBUG] Rajan score=0.090
[DEBUG] Rajan score=0.090
[Entry-2] frame=26120 faces=0
[Entry-4] frame=26870 faces=0
[Entry-1] frame=24880 faces=0
[Entry-2] frame=26130 faces=0
[Entry-4] frame=26880 faces=0
[Entry-1] frame=24890 faces=1
[DEBUG] Neeraj  score=0.089
[DEBUG] Neeraj  score=0.089
[Entry-2] frame=26140 faces=0
[Entry-4] frame=26890 faces=0
[Entry-1] frame=24900 faces=1
[DEBUG] Neeraj  score=0.109
[DEBUG] Neeraj  score=0.109
[Entry-2] frame=26150 faces=0
[Entry-4] frame=26900 faces=0
[Entry-1] frame=24910 faces=0
[Entry-2] frame=26160 faces=0
[Entry-4] frame=26910 faces=0
[Entry-1] frame=24920 faces=0
[Entry-2] frame=26170 faces=0
[Entry-4] frame=26920 faces=0
[Entry-1] frame=24930 faces=0
[Entry-2] frame=26180 faces=0
[Entry-4] frame=26930 faces=0
[Entry-1] frame=24940 faces=1
[DEBUG] Aakash score=0.627
[DEBUG] Aakash score=0.627
[Entry-2] frame=26190 faces=0
[Entry-4] frame=26940 faces=0
[Entry-1] frame=24950 faces=1
[DEBUG] Aakash score=0.629
[DEBUG] Aakash score=0.629
[Entry-2] frame=26200 faces=0
[Entry-4] frame=26950 faces=0
[Entry-1] frame=24960 faces=1
[DEBUG] Aakash score=0.656
[DEBUG] Aakash score=0.656
[Entry-2] frame=26210 faces=0
[Entry-4] frame=26960 faces=0
[Entry-1] frame=24970 faces=1
[DEBUG] Neeraj  score=0.078
[DEBUG] Neeraj  score=0.078
[Entry-2] frame=26220 faces=0
[Entry-4] frame=26970 faces=0
[Entry-1] frame=24980 faces=0
[Entry-2] frame=26230 faces=0
[Entry-4] frame=26980 faces=0
[Entry-2] frame=26240 faces=0
[Entry-1] frame=24990 faces=1
[DEBUG] Aakash score=0.532
[DEBUG] Aakash score=0.532
[Entry-4] frame=26990 faces=0
[Entry-2] frame=26250 faces=0
[Entry-1] frame=25000 faces=0
[Entry-4] frame=27000 faces=0
[Entry-2] frame=26260 faces=0
[Entry-4] frame=27010 faces=0
[Entry-1] frame=25010 faces=2
[DEBUG] Aakash score=0.282
[DEBUG] Aakash score=0.282
[DEBUG] Prashant Kumar score=0.059
[DEBUG] Prashant Kumar score=0.059
[Entry-2] frame=26270 faces=0
[Entry-4] frame=27020 faces=0
[Entry-1] frame=25020 faces=2
[DEBUG] Aakash score=0.372
[DEBUG] Aakash score=0.372
[DEBUG] Meraj score=0.172
[DEBUG] Meraj score=0.172
[Entry-2] frame=26280 faces=0
[Entry-4] frame=27030 faces=0
[Entry-1] frame=25030 faces=1
[DEBUG] Kajal score=0.053
[DEBUG] Kajal score=0.053
[Entry-2] frame=26290 faces=0
[Entry-4] frame=27040 faces=0
[Entry-1] frame=25040 faces=0
[Entry-2] frame=26300 faces=0
[Entry-4] frame=27050 faces=0
[Entry-1] frame=25050 faces=1
[DEBUG] Meraj score=0.070
[DEBUG] Meraj score=0.070
[Entry-2] frame=26310 faces=0
[Entry-4] frame=27060 faces=0
[Entry-2] frame=26320 faces=0
[Entry-1] frame=25060 faces=1
[DEBUG] Neeraj  score=0.076
[DEBUG] Neeraj  score=0.076
[Entry-4] frame=27070 faces=0
[Entry-2] frame=26330 faces=0
[Entry-1] frame=25070 faces=1
[DEBUG] Neeraj  score=0.096
[DEBUG] Neeraj  score=0.096
[Entry-4] frame=27080 faces=0
[Entry-2] frame=26340 faces=0
[Entry-4] frame=27090 faces=0
[Entry-1] frame=25080 faces=1
[DEBUG] Prashant Kumar score=0.036
[DEBUG] Prashant Kumar score=0.036
[Entry-2] frame=26350 faces=0
[Entry-4] frame=27100 faces=0
[Entry-1] frame=25090 faces=0
[Entry-2] frame=26360 faces=0
[Entry-4] frame=27110 faces=0
[Entry-1] frame=25100 faces=0
[Entry-2] frame=26370 faces=0
[Entry-4] frame=27120 faces=0
[Entry-1] frame=25110 faces=0
[Entry-2] frame=26380 faces=0
[Entry-4] frame=27130 faces=0
[Entry-1] frame=25120 faces=0
[Entry-2] frame=26390 faces=0
[Entry-4] frame=27140 faces=0
[Entry-1] frame=25130 faces=0
[Entry-2] frame=26400 faces=0
[Entry-4] frame=27150 faces=0
[Entry-1] frame=25140 faces=0
[Entry-2] frame=26410 faces=0
[Entry-4] frame=27160 faces=0
[Entry-1] frame=25150 faces=0
[Entry-2] frame=26420 faces=0
[Entry-4] frame=27170 faces=0
[Entry-1] frame=25160 faces=1
[DEBUG] Aakash score=0.166
[DEBUG] Aakash score=0.166
[Entry-2] frame=26430 faces=0
[Entry-4] frame=27180 faces=0
[Entry-1] frame=25170 faces=0
[Entry-2] frame=26440 faces=0
[Entry-4] frame=27190 faces=0
[Entry-1] frame=25180 faces=0
[Entry-2] frame=26450 faces=0
[Entry-4] frame=27200 faces=0
[Entry-1] frame=25190 faces=0
[Entry-2] frame=26460 faces=0
[Entry-4] frame=27210 faces=0
[Entry-1] frame=25200 faces=1
[DEBUG] Rajan score=0.163
[DEBUG] Rajan score=0.163
[Entry-2] frame=26470 faces=0
[Entry-4] frame=27220 faces=0
[Entry-1] frame=25210 faces=1
[DEBUG] Prashant Kumar score=0.181
[DEBUG] Prashant Kumar score=0.181
[Entry-2] frame=26480 faces=0
[Entry-4] frame=27230 faces=0
[Entry-1] frame=25220 faces=1
[DEBUG] Prashant Kumar score=0.199
[DEBUG] Prashant Kumar score=0.199
[Entry-2] frame=26490 faces=0
[Entry-4] frame=27240 faces=0
[Entry-1] frame=25230 faces=1
[DEBUG] Prashant Kumar score=0.136
[DEBUG] Prashant Kumar score=0.136
[Entry-2] frame=26500 faces=0
[Entry-4] frame=27250 faces=0
[Entry-1] frame=25240 faces=1
[DEBUG] Neeraj  score=0.097
[DEBUG] Neeraj  score=0.097
[Entry-2] frame=26510 faces=0
[Entry-4] frame=27260 faces=0
[Entry-1] frame=25250 faces=1
[DEBUG] Aakash score=0.083
[DEBUG] Aakash score=0.083
[Entry-2] frame=26520 faces=0
[Entry-4] frame=27270 faces=0
[Entry-1] frame=25260 faces=1
[DEBUG] Prashant Kumar score=0.122
[DEBUG] Prashant Kumar score=0.122
[Entry-2] frame=26530 faces=0
[Entry-4] frame=27280 faces=0
[Entry-1] frame=25270 faces=1
[DEBUG] Prashant Kumar score=0.146
[DEBUG] Prashant Kumar score=0.146
[Entry-2] frame=26540 faces=0
[Entry-4] frame=27290 faces=0
[Entry-2] frame=26550 faces=0
[Entry-1] frame=25280 faces=1
[DEBUG] Aditya score=0.168
[DEBUG] Aditya score=0.168
[Entry-4] frame=27300 faces=0
[Entry-2] frame=26560 faces=0
[Entry-1] frame=25290 faces=0
[Entry-4] frame=27310 faces=0
[Entry-2] frame=26570 faces=0
[Entry-1] frame=25300 faces=1
[DEBUG] Ravi Shankar score=0.046
[DEBUG] Ravi Shankar score=0.046
[Entry-4] frame=27320 faces=0
[Entry-2] frame=26580 faces=0
[Entry-1] frame=25310 faces=0
[Entry-4] frame=27330 faces=0
[Entry-2] frame=26590 faces=0
[Entry-1] frame=25320 faces=1
[DEBUG] Meraj score=0.197
[DEBUG] Meraj score=0.197
[Entry-4] frame=27340 faces=0
[Entry-2] frame=26600 faces=0
[Entry-1] frame=25330 faces=1
[DEBUG] Meraj score=0.161
[DEBUG] Meraj score=0.161
[Entry-4] frame=27350 faces=0
[Entry-2] frame=26610 faces=0
[Entry-1] frame=25340 faces=0
[Entry-4] frame=27360 faces=0
[Entry-2] frame=26620 faces=0
[Entry-4] frame=27370 faces=0
[Entry-1] frame=25350 faces=1
[DEBUG] Rajan score=0.070
[DEBUG] Rajan score=0.070
[Entry-2] frame=26630 faces=0
[Entry-4] frame=27380 faces=0
[Entry-1] frame=25360 faces=1
[DEBUG] Ravi Shankar score=0.044
[DEBUG] Ravi Shankar score=0.044
[Entry-2] frame=26640 faces=0
[Entry-4] frame=27390 faces=0
[Entry-1] frame=25370 faces=1
[DEBUG] Rajan score=0.065
[DEBUG] Rajan score=0.065
[Entry-2] frame=26650 faces=0
[Entry-4] frame=27400 faces=0
[Entry-1] frame=25380 faces=1
[DEBUG] Meraj score=0.069
[DEBUG] Meraj score=0.069
[Entry-2] frame=26660 faces=0
[Entry-4] frame=27410 faces=0
[Entry-1] frame=25390 faces=1
[DEBUG] Neeraj  score=0.052
[DEBUG] Neeraj  score=0.052
[Entry-2] frame=26670 faces=0
[Entry-4] frame=27420 faces=0
[Entry-1] frame=25400 faces=1
[DEBUG] Rajan score=0.047
[DEBUG] Rajan score=0.047
[Entry-2] frame=26680 faces=0
[Entry-4] frame=27430 faces=0
[Entry-1] frame=25410 faces=1
[DEBUG] Praveen score=0.061
[DEBUG] Praveen score=0.061
[Entry-2] frame=26690 faces=0
[Entry-4] frame=27440 faces=0
[Entry-1] frame=25420 faces=1
[DEBUG] Neeraj  score=0.089
[DEBUG] Neeraj  score=0.089
[Entry-2] frame=26700 faces=0
[Entry-4] frame=27450 faces=0
[Entry-1] frame=25430 faces=0
[Entry-2] frame=26710 faces=0
[Entry-4] frame=27460 faces=0
[Entry-1] frame=25440 faces=1
[DEBUG] Aditya score=0.119
[DEBUG] Aditya score=0.119
[Entry-2] frame=26720 faces=0
[Entry-4] frame=27470 faces=0
[Entry-1] frame=25450 faces=1
[DEBUG] Praveen score=0.094
[DEBUG] Praveen score=0.094
[Entry-2] frame=26730 faces=0
[Entry-4] frame=27480 faces=0
[Entry-1] frame=25460 faces=0
[Entry-2] frame=26740 faces=0
[Entry-4] frame=27490 faces=0
[Entry-1] frame=25470 faces=0
[Entry-2] frame=26750 faces=0
[Entry-4] frame=27500 faces=0
[Entry-1] frame=25480 faces=0
[Entry-2] frame=26760 faces=0
[Entry-4] frame=27510 faces=0
[Entry-1] frame=25490 faces=0
[Entry-2] frame=26770 faces=0
[Entry-4] frame=27520 faces=0
[Entry-2] frame=26780 faces=0
[Entry-1] frame=25500 faces=1
[DEBUG] Meraj score=0.111
[DEBUG] Meraj score=0.111
[Entry-4] frame=27530 faces=0
[Entry-2] frame=26790 faces=0
[Entry-1] frame=25510 faces=1
[DEBUG] Meraj score=0.083
[DEBUG] Meraj score=0.083
[Entry-4] frame=27540 faces=0
[Entry-2] frame=26800 faces=0
[Entry-1] frame=25520 faces=1
[DEBUG] Aakash score=0.108
[DEBUG] Aakash score=0.108
[Entry-4] frame=27550 faces=0
[Entry-2] frame=26810 faces=0
[Entry-4] frame=27560 faces=0
[Entry-1] frame=25530 faces=1
[DEBUG] Aakash score=0.062
[DEBUG] Aakash score=0.062
[Entry-2] frame=26820 faces=0
[Entry-4] frame=27570 faces=0
[Entry-1] frame=25540 faces=0
[Entry-2] frame=26830 faces=0
[Entry-4] frame=27580 faces=0
[Entry-1] frame=25550 faces=0
[Entry-2] frame=26840 faces=0
[Entry-4] frame=27590 faces=0
[Entry-1] frame=25560 faces=1
[DEBUG] Aakash score=0.102
[DEBUG] Aakash score=0.102
[Entry-2] frame=26850 faces=0
[Entry-4] frame=27600 faces=0
[Entry-1] frame=25570 faces=1
[DEBUG] Praveen score=0.051
[DEBUG] Praveen score=0.051
[Entry-2] frame=26860 faces=0
[Entry-4] frame=27610 faces=0
[Entry-1] frame=25580 faces=1
[DEBUG] Aakash score=0.041
[DEBUG] Aakash score=0.041
[Entry-2] frame=26870 faces=0
[Entry-4] frame=27620 faces=0
[Entry-1] frame=25590 faces=1
[DEBUG] Rajan score=0.114
[DEBUG] Rajan score=0.114
[Entry-2] frame=26880 faces=0
[Entry-4] frame=27630 faces=0
[Entry-1] frame=25600 faces=1
[DEBUG] Kuldeep score=0.135
[DEBUG] Kuldeep score=0.135
[Entry-2] frame=26890 faces=0
[Entry-4] frame=27640 faces=0
[Entry-1] frame=25610 faces=1
[DEBUG] Amitabh Prajapati score=0.085
[DEBUG] Amitabh Prajapati score=0.085
[Entry-2] frame=26900 faces=0
[Entry-4] frame=27650 faces=0
[Entry-1] frame=25620 faces=0
[Entry-2] frame=26910 faces=0
[Entry-4] frame=27660 faces=0
[Entry-1] frame=25630 faces=1
[DEBUG] Prashant Kumar score=0.085
[DEBUG] Prashant Kumar score=0.085
[Entry-2] frame=26920 faces=0
[Entry-4] frame=27670 faces=0
[Entry-1] frame=25640 faces=1
[DEBUG] Meraj score=0.115
[DEBUG] Meraj score=0.115
[Entry-2] frame=26930 faces=0
[Entry-4] frame=27680 faces=0
[Entry-1] frame=25650 faces=1
[DEBUG] Meraj score=0.092
[DEBUG] Meraj score=0.092
[Entry-2] frame=26940 faces=0
[Entry-4] frame=27690 faces=0
[Entry-1] frame=25660 faces=1
[DEBUG] Meraj score=0.145
[DEBUG] Meraj score=0.145
[Entry-2] frame=26950 faces=0
[Entry-4] frame=27700 faces=0
[Entry-2] frame=26960 faces=0
[Entry-1] frame=25670 faces=1
[DEBUG] Meraj score=0.141
[DEBUG] Meraj score=0.141
[Entry-4] frame=27710 faces=0
[Entry-2] frame=26970 faces=0
[Entry-1] frame=25680 faces=1
[DEBUG] Meraj score=0.127
[DEBUG] Meraj score=0.127
[Entry-4] frame=27720 faces=0
[Entry-2] frame=26980 faces=0
[Entry-1] frame=25690 faces=1
[DEBUG] Prashant Kumar score=0.040
[DEBUG] Prashant Kumar score=0.040
[Entry-4] frame=27730 faces=0
[Entry-2] frame=26990 faces=0
[Entry-1] frame=25700 faces=1
[DEBUG] Prashant Kumar score=0.072
[DEBUG] Prashant Kumar score=0.072
[Entry-4] frame=27740 faces=0
[Entry-2] frame=27000 faces=0
[Entry-4] frame=27750 faces=0
[Entry-1] frame=25710 faces=1
[DEBUG] Prashant Kumar score=0.065
[DEBUG] Prashant Kumar score=0.065
[Entry-2] frame=27010 faces=0
[Entry-4] frame=27760 faces=0
[Entry-1] frame=25720 faces=1
[DEBUG] Meraj score=0.094
[DEBUG] Meraj score=0.094
[Entry-2] frame=27020 faces=0
[Entry-4] frame=27770 faces=0
[Entry-1] frame=25730 faces=1
[DEBUG] Prashant Kumar score=0.075
[DEBUG] Prashant Kumar score=0.075
[Entry-2] frame=27030 faces=0
[Entry-4] frame=27780 faces=0
[Entry-1] frame=25740 faces=1
[DEBUG] Prashant Kumar score=0.085
[DEBUG] Prashant Kumar score=0.085
[Entry-2] frame=27040 faces=0
[Entry-4] frame=27790 faces=0
[Entry-1] frame=25750 faces=1
[DEBUG] Kuldeep score=0.135
[DEBUG] Kuldeep score=0.135
[Entry-2] frame=27050 faces=0
[Entry-4] frame=27800 faces=0
[Entry-1] frame=25760 faces=1
[DEBUG] Prashant Kumar score=0.113
[DEBUG] Prashant Kumar score=0.113
[Entry-2] frame=27060 faces=0
[Entry-4] frame=27810 faces=0
[Entry-1] frame=25770 faces=1
[DEBUG] Aakash score=0.112
[DEBUG] Aakash score=0.112
[Entry-2] frame=27070 faces=0
[Entry-4] frame=27820 faces=0
[Entry-1] frame=25780 faces=1
[DEBUG] Neeraj  score=0.111
[DEBUG] Neeraj  score=0.111
[Entry-2] frame=27080 faces=0
[Entry-4] frame=27830 faces=0
[Entry-1] frame=25790 faces=0
[Entry-2] frame=27090 faces=0
[Entry-4] frame=27840 faces=0
[Entry-1] frame=25800 faces=1
[DEBUG] Prashant Kumar score=0.168
[DEBUG] Prashant Kumar score=0.168
[Entry-2] frame=27100 faces=0
[Entry-4] frame=27850 faces=0
[Entry-1] frame=25810 faces=0
[Entry-2] frame=27110 faces=0
[Entry-4] frame=27860 faces=0
[Entry-1] frame=25820 faces=1
[DEBUG] Rajan score=0.190
[DEBUG] Rajan score=0.190
[Entry-2] frame=27120 faces=0
[Entry-4] frame=27870 faces=0
[Entry-1] frame=25830 faces=1
[DEBUG] Rajan score=0.184
[DEBUG] Rajan score=0.184
[Entry-2] frame=27130 faces=0
[Entry-4] frame=27880 faces=0
[Entry-2] frame=27140 faces=0
[Entry-1] frame=25840 faces=1
[DEBUG] Prashant Kumar score=0.123
[DEBUG] Prashant Kumar score=0.123
[Entry-4] frame=27890 faces=0
[Entry-2] frame=27150 faces=0
[Entry-1] frame=25850 faces=1
[DEBUG] Prashant Kumar score=0.133
[DEBUG] Prashant Kumar score=0.133
[Entry-4] frame=27900 faces=0
[Entry-2] frame=27160 faces=0
[Entry-1] frame=25860 faces=1
[DEBUG] Prashant Kumar score=0.157
[DEBUG] Prashant Kumar score=0.157
[Entry-4] frame=27910 faces=0
[Entry-2] frame=27170 faces=0
[Entry-1] frame=25870 faces=0
[Entry-4] frame=27920 faces=0
[Entry-2] frame=27180 faces=0
[Entry-1] frame=25880 faces=0
[Entry-4] frame=27930 faces=0
[Entry-2] frame=27190 faces=0
[Entry-4] frame=27940 faces=0
[Entry-1] frame=25890 faces=1
[DEBUG] Prashant Kumar score=0.145
[DEBUG] Prashant Kumar score=0.145
[Entry-2] frame=27200 faces=0
[Entry-4] frame=27950 faces=0
[Entry-1] frame=25900 faces=1
[DEBUG] Prashant Kumar score=0.082
[DEBUG] Prashant Kumar score=0.082
[Entry-2] frame=27210 faces=0
[Entry-4] frame=27960 faces=0
[Entry-1] frame=25910 faces=1
[DEBUG] Neeraj  score=0.103
[DEBUG] Neeraj  score=0.103
[Entry-2] frame=27220 faces=0
[Entry-4] frame=27970 faces=0
[Entry-1] frame=25920 faces=1
[DEBUG] Meraj score=0.104
[DEBUG] Meraj score=0.104
[Entry-2] frame=27230 faces=0
[Entry-4] frame=27980 faces=0
[Entry-1] frame=25930 faces=1
[DEBUG] Prashant Kumar score=0.133
[DEBUG] Prashant Kumar score=0.133
[Entry-2] frame=27240 faces=0
[Entry-4] frame=27990 faces=0
[Entry-1] frame=25940 faces=1
[DEBUG] Neeraj  score=0.120
[DEBUG] Neeraj  score=0.120
[Entry-2] frame=27250 faces=0
[Entry-4] frame=28000 faces=0
[Entry-1] frame=25950 faces=1
[DEBUG] Rajan score=0.117
[DEBUG] Rajan score=0.117
[Entry-2] frame=27260 faces=0
[Entry-4] frame=28010 faces=0
[Entry-1] frame=25960 faces=1
[DEBUG] Prashant Kumar score=0.126
[DEBUG] Prashant Kumar score=0.126
[Entry-2] frame=27270 faces=0
[Entry-4] frame=28020 faces=0
[Entry-1] frame=25970 faces=1
[DEBUG] Prashant Kumar score=0.164
[DEBUG] Prashant Kumar score=0.164
[Entry-2] frame=27280 faces=0
[Entry-4] frame=28030 faces=0
[Entry-1] frame=25980 faces=1
[DEBUG] Neeraj  score=0.125
[DEBUG] Neeraj  score=0.125
[Entry-2] frame=27290 faces=0
[Entry-4] frame=28040 faces=0
[Entry-1] frame=25990 faces=1
[DEBUG] Prashant Kumar score=0.069
[DEBUG] Prashant Kumar score=0.069
[Entry-2] frame=27300 faces=0
[Entry-4] frame=28050 faces=0
[Entry-1] frame=26000 faces=1
[DEBUG] Meraj score=0.067
[DEBUG] Meraj score=0.067
[Entry-2] frame=27310 faces=0
[Entry-4] frame=28060 faces=0
[Entry-2] frame=27320 faces=0
[Entry-1] frame=26010 faces=1
[DEBUG] Meraj score=0.085
[DEBUG] Meraj score=0.085
[Entry-4] frame=28070 faces=0
[Entry-2] frame=27330 faces=0
[Entry-1] frame=26020 faces=1
[DEBUG] Meraj score=0.088
[DEBUG] Meraj score=0.088
[Entry-4] frame=28080 faces=0
[Entry-2] frame=27340 faces=0
[Entry-1] frame=26030 faces=1
[DEBUG] Meraj score=0.078
[DEBUG] Meraj score=0.078
[Entry-4] frame=28090 faces=0
[Entry-2] frame=27350 faces=0
[Entry-1] frame=26040 faces=0
[Entry-4] frame=28100 faces=0
[Entry-2] frame=27360 faces=0
[Entry-4] frame=28110 faces=0
[Entry-1] frame=26050 faces=1
[DEBUG] Praveen score=0.114
[DEBUG] Praveen score=0.114
[Entry-2] frame=27370 faces=0
[Entry-4] frame=28120 faces=0
[Entry-1] frame=26060 faces=1
[DEBUG] Kuldeep score=0.099
[DEBUG] Kuldeep score=0.099
[Entry-2] frame=27380 faces=0
[Entry-4] frame=28130 faces=0
[Entry-1] frame=26070 faces=1
[DEBUG] Meraj score=0.091
[DEBUG] Meraj score=0.091
[Entry-2] frame=27390 faces=0
[Entry-4] frame=28140 faces=0
[Entry-1] frame=26080 faces=1
[DEBUG] Aditya score=0.093
[DEBUG] Aditya score=0.093
[Entry-2] frame=27400 faces=0
[Entry-4] frame=28150 faces=0
[Entry-1] frame=26090 faces=1
[DEBUG] Ravi Shankar score=0.081
[DEBUG] Ravi Shankar score=0.081
[Entry-2] frame=27410 faces=0
[Entry-4] frame=28160 faces=0
[Entry-1] frame=26100 faces=1
[DEBUG] Aditya score=0.184
[DEBUG] Aditya score=0.184
[Entry-2] frame=27420 faces=0
[Entry-4] frame=28170 faces=0
[Entry-1] frame=26110 faces=1
[DEBUG] Aditya score=0.143
[DEBUG] Aditya score=0.143
[Entry-2] frame=27430 faces=0
[Entry-4] frame=28180 faces=0
[Entry-1] frame=26120 faces=0
[Entry-2] frame=27440 faces=0
[Entry-4] frame=28190 faces=0
[Entry-1] frame=26130 faces=1
[DEBUG] Aditya score=0.172
[DEBUG] Aditya score=0.172
[Entry-2] frame=27450 faces=0
[Entry-4] frame=28200 faces=0
[Entry-1] frame=26140 faces=1
[DEBUG] Prashant Kumar score=0.123
[DEBUG] Prashant Kumar score=0.123
[Entry-2] frame=27460 faces=0
[Entry-4] frame=28210 faces=0
[Entry-1] frame=26150 faces=1
[DEBUG] Aditya score=0.177
[DEBUG] Aditya score=0.177
[Entry-2] frame=27470 faces=0
[Entry-4] frame=28220 faces=0
[Entry-2] frame=27480 faces=0
[Entry-1] frame=26160 faces=1
[DEBUG] Aditya score=0.131
[DEBUG] Aditya score=0.131
[Entry-4] frame=28230 faces=0
[Entry-2] frame=27490 faces=0
[Entry-1] frame=26170 faces=1
[DEBUG] Prashant Kumar score=0.135
[DEBUG] Prashant Kumar score=0.135
[Entry-4] frame=28240 faces=0
[Entry-2] frame=27500 faces=0
[Entry-1] frame=26180 faces=1
[DEBUG] Prashant Kumar score=0.188
[DEBUG] Prashant Kumar score=0.188
[Entry-4] frame=28250 faces=0
[Entry-2] frame=27510 faces=0
[Entry-4] frame=28260 faces=0
[Entry-1] frame=26190 faces=1
[DEBUG] Aditya score=0.105
[DEBUG] Aditya score=0.105
[Entry-2] frame=27520 faces=0
[Entry-4] frame=28270 faces=0
[Entry-1] frame=26200 faces=1
[DEBUG] Meraj score=0.064
[DEBUG] Meraj score=0.064
[Entry-2] frame=27530 faces=0
[Entry-4] frame=28280 faces=0
[Entry-1] frame=26210 faces=1
[DEBUG] Neeraj  score=0.106
[DEBUG] Neeraj  score=0.106
[Entry-2] frame=27540 faces=0
[Entry-4] frame=28290 faces=0
[Entry-1] frame=26220 faces=1
[DEBUG] Prashant Kumar score=0.123
[DEBUG] Prashant Kumar score=0.123
[Entry-2] frame=27550 faces=0
[Entry-4] frame=28300 faces=0
[Entry-1] frame=26230 faces=1
[DEBUG] Prashant Kumar score=0.135
[DEBUG] Prashant Kumar score=0.135
[Entry-2] frame=27560 faces=0
[Entry-4] frame=28310 faces=0
[Entry-1] frame=26240 faces=1
[DEBUG] Prashant Kumar score=0.132
[DEBUG] Prashant Kumar score=0.132
[Entry-2] frame=27570 faces=0
[Entry-4] frame=28320 faces=0
[Entry-1] frame=26250 faces=1
[DEBUG] Aditya score=0.121
[DEBUG] Aditya score=0.121
[Entry-2] frame=27580 faces=0
[Entry-4] frame=28330 faces=0
[Entry-1] frame=26260 faces=1
[DEBUG] Prashant Kumar score=0.092
[DEBUG] Prashant Kumar score=0.092
[Entry-2] frame=27590 faces=0
[Entry-4] frame=28340 faces=0
[Entry-1] frame=26270 faces=1
[DEBUG] Prashant Kumar score=0.104
[DEBUG] Prashant Kumar score=0.104
[Entry-2] frame=27600 faces=0
[Entry-4] frame=28350 faces=0
[Entry-1] frame=26280 faces=1
[DEBUG] Prashant Kumar score=0.096
[DEBUG] Prashant Kumar score=0.096
[Entry-2] frame=27610 faces=0
[Entry-4] frame=28360 faces=0
[Entry-1] frame=26290 faces=1
[DEBUG] Aditya score=0.120
[DEBUG] Aditya score=0.120
[Entry-2] frame=27620 faces=0
[Entry-4] frame=28370 faces=0
[Entry-1] frame=26300 faces=0
[Entry-2] frame=27630 faces=0
[Entry-4] frame=28380 faces=0
[Entry-1] frame=26310 faces=1
[DEBUG] Rishu Kumar score=0.168
[DEBUG] Rishu Kumar score=0.168
[Entry-2] frame=27640 faces=0
[Entry-4] frame=28390 faces=0
[Entry-2] frame=27650 faces=0
[Entry-1] frame=26320 faces=1
[DEBUG] Meraj score=0.138
[DEBUG] Meraj score=0.138
[Entry-4] frame=28400 faces=0
[Entry-2] frame=27660 faces=0
[Entry-1] frame=26330 faces=1
[DEBUG] Aditya score=0.113
[DEBUG] Aditya score=0.113
[Entry-4] frame=28410 faces=0
[Entry-2] frame=27670 faces=0
[Entry-1] frame=26340 faces=1
[DEBUG] Prashant Kumar score=0.138
[DEBUG] Prashant Kumar score=0.138
[Entry-4] frame=28420 faces=0
[Entry-2] frame=27680 faces=0
[Entry-1] frame=26350 faces=1
[DEBUG] Aditya score=0.153
[DEBUG] Aditya score=0.153
[Entry-4] frame=28430 faces=0
[Entry-2] frame=27690 faces=0
[Entry-1] frame=26360 faces=0
[Entry-4] frame=28440 faces=0
[Entry-2] frame=27700 faces=0
[Entry-4] frame=28450 faces=0
[Entry-1] frame=26370 faces=1
[DEBUG] Aditya score=0.150
[DEBUG] Aditya score=0.150
[Entry-2] frame=27710 faces=0
[Entry-4] frame=28460 faces=0
[Entry-1] frame=26380 faces=0
[Entry-2] frame=27720 faces=0
[Entry-4] frame=28470 faces=0
[Entry-1] frame=26390 faces=0
[Entry-2] frame=27730 faces=0
[Entry-4] frame=28480 faces=0
[Entry-1] frame=26400 faces=0
[Entry-2] frame=27740 faces=0
[Entry-4] frame=28490 faces=0
[Entry-1] frame=26410 faces=0
[Entry-2] frame=27750 faces=0
[Entry-4] frame=28500 faces=0
[Entry-1] frame=26420 faces=1
[DEBUG] Satya  score=0.186
[DEBUG] Satya  score=0.186
[Entry-2] frame=27760 faces=0
[Entry-4] frame=28510 faces=0
[Entry-1] frame=26430 faces=1
[DEBUG] Prashant Kumar score=0.223
[DEBUG] Prashant Kumar score=0.223
[Entry-2] frame=27770 faces=0
[Entry-4] frame=28520 faces=0
[Entry-1] frame=26440 faces=1
[DEBUG] Aditya score=0.175
[DEBUG] Aditya score=0.175
[Entry-2] frame=27780 faces=0
[Entry-4] frame=28530 faces=0
[Entry-1] frame=26450 faces=1
[DEBUG] Aakash score=0.161
[DEBUG] Aakash score=0.161
[Entry-2] frame=27790 faces=0
[Entry-4] frame=28540 faces=0
[Entry-1] frame=26460 faces=1
[DEBUG] Meraj score=0.168
[DEBUG] Meraj score=0.168
[Entry-2] frame=27800 faces=0
[Entry-4] frame=28550 faces=0
[Entry-1] frame=26470 faces=1
[DEBUG] Meraj score=0.082
[DEBUG] Meraj score=0.082
[Entry-2] frame=27810 faces=0
[Entry-4] frame=28560 faces=0
[Entry-1] frame=26480 faces=2
[DEBUG] Aakash score=0.191
[DEBUG] Aakash score=0.191
[DEBUG] Meraj score=0.156
[DEBUG] Meraj score=0.156
[Entry-2] frame=27820 faces=0
[Entry-4] frame=28570 faces=0
[Entry-1] frame=26490 faces=1
[DEBUG] Aakash score=0.496
[DEBUG] Aakash score=0.496
[Entry-2] frame=27830 faces=0
[Entry-4] frame=28580 faces=0
[Entry-1] frame=26500 faces=1
[DEBUG] Aakash score=0.579
[DEBUG] Aakash score=0.579
[Entry-2] frame=27840 faces=0
[Entry-4] frame=28590 faces=0
[Entry-2] frame=27850 faces=0
[Entry-1] frame=26510 faces=2
[DEBUG] Aakash score=0.631
[DEBUG] Aakash score=0.631
[DEBUG] Vikas Sharma score=0.113
[DEBUG] Vikas Sharma score=0.113
[Entry-4] frame=28600 faces=0
[Entry-2] frame=27860 faces=0
[Entry-4] frame=28610 faces=0
[Entry-1] frame=26520 faces=2
[DEBUG] Kuldeep score=0.114
[DEBUG] Kuldeep score=0.114
[DEBUG] Meraj score=0.174
[DEBUG] Meraj score=0.174
[Entry-2] frame=27870 faces=0
[Entry-4] frame=28620 faces=0
[Entry-1] frame=26530 faces=2
[DEBUG] Prashant Kumar score=0.228
[DEBUG] Prashant Kumar score=0.228
[DEBUG] Aakash score=0.276
[DEBUG] Aakash score=0.276
[Entry-2] frame=27880 faces=0
[Entry-4] frame=28630 faces=0
[Entry-1] frame=26540 faces=2
[DEBUG] Prashant Kumar score=0.223
[DEBUG] Prashant Kumar score=0.223
[DEBUG] Aakash score=0.195
[DEBUG] Aakash score=0.195
[Entry-2] frame=27890 faces=0
[Entry-4] frame=28640 faces=0
[Entry-1] frame=26550 faces=1
[DEBUG] Meraj score=0.103
[DEBUG] Meraj score=0.103
[Entry-2] frame=27900 faces=0
[Entry-4] frame=28650 faces=0
[Entry-1] frame=26560 faces=0
[Entry-2] frame=27910 faces=0
[Entry-4] frame=28660 faces=0
[Entry-2] frame=27920 faces=0
[Entry-1] frame=26570 faces=1
[DEBUG] Kuldeep score=0.121
[DEBUG] Kuldeep score=0.121
[Entry-4] frame=28670 faces=0
[Entry-2] frame=27930 faces=0
[Entry-1] frame=26580 faces=1
[DEBUG] Aakash score=0.144
[DEBUG] Aakash score=0.144
[Entry-4] frame=28680 faces=0
[Entry-2] frame=27940 faces=0
[Entry-1] frame=26590 faces=1
[DEBUG] Prashant Kumar score=0.113
[DEBUG] Prashant Kumar score=0.113
[Entry-4] frame=28690 faces=0
[Entry-2] frame=27950 faces=0
[Entry-4] frame=28700 faces=0
[Entry-1] frame=26600 faces=1
[DEBUG] Kuldeep score=0.110
[DEBUG] Kuldeep score=0.110
[Entry-2] frame=27960 faces=0
[Entry-4] frame=28710 faces=0
[Entry-1] frame=26610 faces=1
[DEBUG] Meraj score=0.185
[DEBUG] Meraj score=0.185
[Entry-2] frame=27970 faces=0
[Entry-4] frame=28720 faces=0
[Entry-1] frame=26620 faces=1
[DEBUG] Neeraj  score=0.196
[DEBUG] Neeraj  score=0.196
[Entry-2] frame=27980 faces=0
[Entry-4] frame=28730 faces=0
[Entry-1] frame=26630 faces=1
[DEBUG] Neeraj  score=0.187
[DEBUG] Neeraj  score=0.187
[Entry-2] frame=27990 faces=0
[Entry-4] frame=28740 faces=0
[Entry-1] frame=26640 faces=1
[DEBUG] Neeraj  score=0.220
[DEBUG] Neeraj  score=0.220
[Entry-2] frame=28000 faces=0
[Entry-4] frame=28750 faces=0
[Entry-1] frame=26650 faces=1
[DEBUG] Aakash score=0.156
[DEBUG] Aakash score=0.156
[Entry-2] frame=28010 faces=0
[Entry-4] frame=28760 faces=0
[Entry-1] frame=26660 faces=1
[DEBUG] Neeraj  score=0.165
[DEBUG] Neeraj  score=0.165
[Entry-2] frame=28020 faces=0
[Entry-4] frame=28770 faces=0
[Entry-1] frame=26670 faces=1
[DEBUG] Meraj score=0.110
[DEBUG] Meraj score=0.110
[Entry-2] frame=28030 faces=0
[Entry-4] frame=28780 faces=0
[Entry-1] frame=26680 faces=1
[DEBUG] Neeraj  score=0.115
[DEBUG] Neeraj  score=0.115
[Entry-2] frame=28040 faces=0
[Entry-4] frame=28790 faces=0
[Entry-1] frame=26690 faces=0
[Entry-2] frame=28050 faces=0
[Entry-4] frame=28800 faces=0
[Entry-2] frame=28060 faces=0
[Entry-1] frame=26700 faces=1
[DEBUG] Aakash score=0.044
[DEBUG] Aakash score=0.044
[Entry-4] frame=28810 faces=0
[Entry-2] frame=28070 faces=0
[Entry-1] frame=26710 faces=0
[Entry-4] frame=28820 faces=0
[Entry-2] frame=28080 faces=0
[Entry-1] frame=26720 faces=1
[DEBUG] Aakash score=0.076
[DEBUG] Aakash score=0.076
[Entry-4] frame=28830 faces=0
[Entry-2] frame=28090 faces=0
[Entry-1] frame=26730 faces=1
[DEBUG] Aakash score=0.039
[DEBUG] Aakash score=0.039
[Entry-4] frame=28840 faces=0
[Entry-2] frame=28100 faces=0
[Entry-1] frame=26740 faces=0
[Entry-4] frame=28850 faces=0
[Entry-2] frame=28110 faces=0
[Entry-1] frame=26750 faces=0
[Entry-4] frame=28860 faces=0
[Entry-2] frame=28120 faces=0
[Entry-4] frame=28870 faces=0
[Entry-1] frame=26760 faces=1
[DEBUG] Praveen score=0.029
[DEBUG] Praveen score=0.029
[Entry-2] frame=28130 faces=0
[Entry-4] frame=28880 faces=0
[Entry-1] frame=26770 faces=1
[DEBUG] Prashant Kumar score=0.035
[DEBUG] Prashant Kumar score=0.035
[Entry-2] frame=28140 faces=0
[Entry-4] frame=28890 faces=0
[Entry-1] frame=26780 faces=1
[DEBUG] Kuldeep score=0.181
[DEBUG] Kuldeep score=0.181
[Entry-2] frame=28150 faces=0
[Entry-4] frame=28900 faces=0
[Entry-1] frame=26790 faces=1
[DEBUG] Ravi Shankar score=0.071
[DEBUG] Ravi Shankar score=0.071
[Entry-2] frame=28160 faces=0
[Entry-4] frame=28910 faces=0
[Entry-1] frame=26800 faces=1
[DEBUG] Kuldeep score=0.157
[DEBUG] Kuldeep score=0.157
[Entry-2] frame=28170 faces=0
[Entry-4] frame=28920 faces=0
[Entry-1] frame=26810 faces=1
[DEBUG] Kuldeep score=0.120
[DEBUG] Kuldeep score=0.120
[Entry-2] frame=28180 faces=0
[Entry-4] frame=28930 faces=0
[Entry-1] frame=26820 faces=1
[DEBUG] Meraj score=0.154
[DEBUG] Meraj score=0.154
[Entry-2] frame=28190 faces=0
[Entry-4] frame=28940 faces=0
[Entry-1] frame=26830 faces=1
[DEBUG] Prashant Kumar score=0.042
[DEBUG] Prashant Kumar score=0.042
[Entry-2] frame=28200 faces=0
[Entry-4] frame=28950 faces=0
[Entry-1] frame=26840 faces=1
[DEBUG] Prashant Kumar score=0.051
[DEBUG] Prashant Kumar score=0.051
[Entry-2] frame=28210 faces=0
[Entry-4] frame=28960 faces=0
[Entry-1] frame=26850 faces=1
[DEBUG] Meraj score=0.135
[DEBUG] Meraj score=0.135
[Entry-2] frame=28220 faces=1
[DEBUG] Prashant Kumar score=0.275
[DEBUG] Prashant Kumar score=0.275
[Entry-4] frame=28970 faces=0
[Entry-1] frame=26860 faces=1
[DEBUG] Neeraj  score=0.161
[DEBUG] Neeraj  score=0.161
[Entry-4] frame=28980 faces=0
[Entry-2] frame=28230 faces=1
[DEBUG] Amitabh Prajapati score=0.119
[DEBUG] Amitabh Prajapati score=0.119
[Entry-1] frame=26870 faces=1
[DEBUG] Meraj score=0.123
[DEBUG] Meraj score=0.123
[Entry-4] frame=28990 faces=0
[Entry-2] frame=28240 faces=1
[DEBUG] Prashant Kumar score=0.485
[DEBUG] Prashant Kumar score=0.485
[Entry-1] frame=26880 faces=0
[Entry-4] frame=29000 faces=0
[Entry-2] frame=28250 faces=1
[DEBUG] Prashant Kumar score=0.582
[DEBUG] Prashant Kumar score=0.582
[Entry-4] frame=29010 faces=0
[Entry-1] frame=26890 faces=1
[DEBUG] Neeraj  score=0.059
[DEBUG] Neeraj  score=0.059
[Entry-2] frame=28260 faces=1
[DEBUG] Prashant Kumar score=0.583
[DEBUG] Prashant Kumar score=0.583
[Entry-4] frame=29020 faces=0
[Entry-1] frame=26900 faces=1
[DEBUG] Aakash score=0.129
[DEBUG] Aakash score=0.129
[Entry-2] frame=28270 faces=0
[Entry-4] frame=29030 faces=0
[Entry-1] frame=26910 faces=0
[Entry-2] frame=28280 faces=0
[Entry-4] frame=29040 faces=0
[Entry-1] frame=26920 faces=1
[DEBUG] Prashant Kumar score=0.047
[DEBUG] Prashant Kumar score=0.047
[Entry-2] frame=28290 faces=0
[Entry-4] frame=29050 faces=0
[Entry-2] frame=28300 faces=0
[Entry-1] frame=26930 faces=1
[DEBUG] Amitabh Prajapati score=0.033
[DEBUG] Amitabh Prajapati score=0.033
[Entry-4] frame=29060 faces=0
[Entry-2] frame=28310 faces=0
[Entry-1] frame=26940 faces=1
[DEBUG] Amitabh Prajapati score=0.041
[DEBUG] Amitabh Prajapati score=0.041
[Entry-4] frame=29070 faces=0
[Entry-2] frame=28320 faces=0
[Entry-1] frame=26950 faces=1
[DEBUG] Prashant Kumar score=0.113
[DEBUG] Prashant Kumar score=0.113
[Entry-4] frame=29080 faces=0
[Entry-2] frame=28330 faces=1
[DEBUG] Satya  score=0.157
[DEBUG] Satya  score=0.157
[Entry-1] frame=26960 faces=1
[DEBUG] Neeraj  score=0.052
[DEBUG] Neeraj  score=0.052
[Entry-4] frame=29090 faces=0
[Entry-2] frame=28340 faces=0
[Entry-1] frame=26970 faces=1
[DEBUG] Neeraj  score=0.065
[DEBUG] Neeraj  score=0.065
[Entry-4] frame=29100 faces=0
[Entry-2] frame=28350 faces=1
[DEBUG] Prashant Kumar score=0.492
[DEBUG] Prashant Kumar score=0.492
[Entry-1] frame=26980 faces=1
[DEBUG] Neeraj  score=0.079
[DEBUG] Neeraj  score=0.079
[Entry-4] frame=29110 faces=0
[Entry-2] frame=28360 faces=0
[Entry-1] frame=26990 faces=1
[DEBUG] Neeraj  score=0.087
[DEBUG] Neeraj  score=0.087
[Entry-4] frame=29120 faces=0
[Entry-2] frame=28370 faces=0
[Entry-1] frame=27000 faces=1
[DEBUG] Ravi Shankar score=0.063
[DEBUG] Ravi Shankar score=0.063
[Entry-4] frame=29130 faces=0
[Entry-2] frame=28380 faces=0
[Entry-1] frame=27010 faces=1
[DEBUG] Ravi Shankar score=0.054
[DEBUG] Ravi Shankar score=0.054
[Entry-4] frame=29140 faces=0
[Entry-2] frame=28390 faces=0
[Entry-4] frame=29150 faces=0
[Entry-1] frame=27020 faces=1
[DEBUG] Praveen score=0.055
[DEBUG] Praveen score=0.055
[Entry-2] frame=28400 faces=0
[Entry-4] frame=29160 faces=0
[Entry-1] frame=27030 faces=1
[DEBUG] Aakash score=0.029
[DEBUG] Aakash score=0.029
[Entry-2] frame=28410 faces=0
[Entry-4] frame=29170 faces=0
[Entry-1] frame=27040 faces=1
[DEBUG] Neeraj  score=0.064
[DEBUG] Neeraj  score=0.064
[Entry-2] frame=28420 faces=0
[Entry-4] frame=29180 faces=0
[Entry-1] frame=27050 faces=0
[Entry-2] frame=28430 faces=0
[Entry-4] frame=29190 faces=0
[Entry-1] frame=27060 faces=1
[DEBUG] Aakash score=0.156
[DEBUG] Aakash score=0.156
[Entry-2] frame=28440 faces=0
[Entry-4] frame=29200 faces=0
[Entry-1] frame=27070 faces=1
[DEBUG] Neeraj  score=0.179
[DEBUG] Neeraj  score=0.179
[Entry-2] frame=28450 faces=0
[Entry-4] frame=29210 faces=0
[Entry-2] frame=28460 faces=0
[Entry-1] frame=27080 faces=1
[DEBUG] Neeraj  score=0.188
[DEBUG] Neeraj  score=0.188
[Entry-4] frame=29220 faces=0
[Entry-2] frame=28470 faces=0
[Entry-1] frame=27090 faces=0
[Entry-4] frame=29230 faces=0
[Entry-2] frame=28480 faces=0
[Entry-1] frame=27100 faces=1
[DEBUG] Aakash score=0.157
[DEBUG] Aakash score=0.157
[Entry-4] frame=29240 faces=0
[Entry-2] frame=28490 faces=0
[Entry-1] frame=27110 faces=1
[DEBUG] Neeraj  score=0.239
[DEBUG] Neeraj  score=0.239
[Entry-4] frame=29250 faces=0
[Entry-2] frame=28500 faces=0
[Entry-1] frame=27120 faces=1
[DEBUG] Meraj score=0.117
[DEBUG] Meraj score=0.117
[Entry-4] frame=29260 faces=0
[Entry-2] frame=28510 faces=0
[Entry-1] frame=27130 faces=1
[DEBUG] Kuldeep score=0.153
[DEBUG] Kuldeep score=0.153
[Entry-4] frame=29270 faces=0
[Entry-2] frame=28520 faces=0
[Entry-1] frame=27140 faces=0
[Entry-4] frame=29280 faces=0
[Entry-2] frame=28530 faces=0
[Entry-1] frame=27150 faces=1
[DEBUG] Neeraj  score=0.160
[DEBUG] Neeraj  score=0.160
[Entry-4] frame=29290 faces=0
[Entry-2] frame=28540 faces=0
[Entry-4] frame=29300 faces=0
[Entry-1] frame=27160 faces=1
[DEBUG] Meraj score=0.161
[DEBUG] Meraj score=0.161
[Entry-2] frame=28550 faces=0
[Entry-4] frame=29310 faces=0
[Entry-1] frame=27170 faces=1
[DEBUG] Ravi Shankar score=0.062
[DEBUG] Ravi Shankar score=0.062
[Entry-2] frame=28560 faces=0
[Entry-4] frame=29320 faces=0
[Entry-1] frame=27180 faces=0
[Entry-2] frame=28570 faces=0
[Entry-4] frame=29330 faces=0
[Entry-1] frame=27190 faces=1
[DEBUG] Aakash score=0.096
[DEBUG] Aakash score=0.096
[Entry-2] frame=28580 faces=0
[Entry-4] frame=29340 faces=0
[Entry-1] frame=27200 faces=1
[DEBUG] Prashant Kumar score=0.180
[DEBUG] Prashant Kumar score=0.180
[Entry-2] frame=28590 faces=0
[Entry-4] frame=29350 faces=0
[Entry-2] frame=28600 faces=0
[Entry-1] frame=27210 faces=1
[DEBUG] Aditya score=0.106
[DEBUG] Aditya score=0.106
[Entry-4] frame=29360 faces=0
[Entry-2] frame=28610 faces=0
[Entry-1] frame=27220 faces=1
[DEBUG] Prashant Kumar score=0.119
[DEBUG] Prashant Kumar score=0.119
[Entry-4] frame=29370 faces=0
[Entry-2] frame=28620 faces=0
[Entry-1] frame=27230 faces=1
[DEBUG] Prashant Kumar score=0.140
[DEBUG] Prashant Kumar score=0.140
[Entry-4] frame=29380 faces=0
[Entry-2] frame=28630 faces=0
[Entry-1] frame=27240 faces=1
[DEBUG] Prashant Kumar score=0.184
[DEBUG] Prashant Kumar score=0.184
[Entry-4] frame=29390 faces=0
[Entry-2] frame=28640 faces=0
[Entry-1] frame=27250 faces=1
[DEBUG] Aditya score=0.124
[DEBUG] Aditya score=0.124
[Entry-4] frame=29400 faces=0
[Entry-2] frame=28650 faces=0
[Entry-1] frame=27260 faces=1
[DEBUG] Prashant Kumar score=0.106
[DEBUG] Prashant Kumar score=0.106
[Entry-4] frame=29410 faces=0
[Entry-2] frame=28660 faces=0
[Entry-4] frame=29420 faces=0
[Entry-1] frame=27270 faces=1
[DEBUG] Aakash score=0.109
[DEBUG] Aakash score=0.109
[Entry-2] frame=28670 faces=0
[Entry-4] frame=29430 faces=0
[Entry-1] frame=27280 faces=1
[DEBUG] Aditya score=0.125
[DEBUG] Aditya score=0.125
[Entry-2] frame=28680 faces=0
[Entry-4] frame=29440 faces=0
[Entry-1] frame=27290 faces=1
[DEBUG] Neeraj  score=0.150
[DEBUG] Neeraj  score=0.150
[Entry-2] frame=28690 faces=0
[Entry-4] frame=29450 faces=0
[Entry-1] frame=27300 faces=1
[DEBUG] Aakash score=0.126
[DEBUG] Aakash score=0.126
[Entry-2] frame=28700 faces=0
[Entry-4] frame=29460 faces=0
[Entry-1] frame=27310 faces=1
[DEBUG] Neeraj  score=0.100
[DEBUG] Neeraj  score=0.100
[Entry-2] frame=28710 faces=0
[Entry-4] frame=29470 faces=0
[Entry-2] frame=28720 faces=0
[Entry-1] frame=27320 faces=1
[DEBUG] Neeraj  score=0.091
[DEBUG] Neeraj  score=0.091
[Entry-4] frame=29480 faces=0
[Entry-2] frame=28730 faces=0
[Entry-1] frame=27330 faces=1
[DEBUG] Neeraj  score=0.152
[DEBUG] Neeraj  score=0.152
[Entry-4] frame=29490 faces=0
[Entry-2] frame=28740 faces=0
[Entry-1] frame=27340 faces=1
[DEBUG] Neeraj  score=0.133
[DEBUG] Neeraj  score=0.133
[Entry-4] frame=29500 faces=0
[Entry-2] frame=28750 faces=0
[Entry-1] frame=27350 faces=1
[DEBUG] Neeraj  score=0.183
[DEBUG] Neeraj  score=0.183
[Entry-4] frame=29510 faces=0
[Entry-2] frame=28760 faces=0
[Entry-1] frame=27360 faces=2
[DEBUG] Aakash score=0.610
[DEBUG] Aakash score=0.610
[DEBUG] Aakash score=0.080
[DEBUG] Aakash score=0.080
[Entry-4] frame=29520 faces=0
[Entry-2] frame=28770 faces=0
[Entry-4] frame=29530 faces=0
[Entry-1] frame=27370 faces=2
[DEBUG] Prashant Kumar score=0.135
[DEBUG] Prashant Kumar score=0.135
[DEBUG] Aakash score=0.575
[DEBUG] Aakash score=0.575
[Entry-2] frame=28780 faces=0
[Entry-4] frame=29540 faces=0
[Entry-1] frame=27380 faces=1
[DEBUG] Prashant Kumar score=0.142
[DEBUG] Prashant Kumar score=0.142
[Entry-2] frame=28790 faces=0
[Entry-4] frame=29550 faces=0
[Entry-1] frame=27390 faces=1
[DEBUG] Prashant Kumar score=0.138
[DEBUG] Prashant Kumar score=0.138
[Entry-2] frame=28800 faces=0
[Entry-4] frame=29560 faces=0
[Entry-1] frame=27400 faces=1
[DEBUG] Aditya score=0.183
[DEBUG] Aditya score=0.183
[Entry-2] frame=28810 faces=0
[Entry-4] frame=29570 faces=0
[Entry-1] frame=27410 faces=0
[Entry-2] frame=28820 faces=0
[Entry-4] frame=29580 faces=0
[Entry-1] frame=27420 faces=0
[Entry-2] frame=28830 faces=0
[Entry-4] frame=29590 faces=0
[Entry-2] frame=28840 faces=0
[Entry-1] frame=27430 faces=1
[DEBUG] Ravi Shankar score=0.059
[DEBUG] Ravi Shankar score=0.059
[Entry-4] frame=29600 faces=0
[Entry-1] frame=27440 faces=0
[Entry-2] frame=28850 faces=0
[Entry-4] frame=29610 faces=0
[Entry-1] frame=27450 faces=0
[Entry-2] frame=28860 faces=0
[Entry-4] frame=29620 faces=0
[Entry-1] frame=27460 faces=0
[Entry-2] frame=28870 faces=0
[Entry-4] frame=29630 faces=0
[Entry-2] frame=28880 faces=0
[Entry-1] frame=27470 faces=1
[DEBUG] Kajal score=0.055
[DEBUG] Kajal score=0.055
[Entry-4] frame=29640 faces=0
[Entry-2] frame=28890 faces=0
[Entry-1] frame=27480 faces=1
[DEBUG] Prashant Kumar score=0.048
[DEBUG] Prashant Kumar score=0.048
[Entry-4] frame=29650 faces=0
[Entry-2] frame=28900 faces=0
[Entry-1] frame=27490 faces=1
[DEBUG] Meraj score=0.131
[DEBUG] Meraj score=0.131
[Entry-4] frame=29660 faces=0
[Entry-2] frame=28910 faces=0
[Entry-1] frame=27500 faces=1
[DEBUG] Aditya score=0.149
[DEBUG] Aditya score=0.149
[Entry-4] frame=29670 faces=0
[Entry-2] frame=28920 faces=0
[Entry-4] frame=29680 faces=0
[Entry-1] frame=27510 faces=1
[DEBUG] Neeraj  score=0.090
[DEBUG] Neeraj  score=0.090
[Entry-2] frame=28930 faces=0
[Entry-4] frame=29690 faces=0
[Entry-1] frame=27520 faces=1
[DEBUG] Aditya score=0.158
[DEBUG] Aditya score=0.158
[Entry-2] frame=28940 faces=0
[Entry-4] frame=29700 faces=0
[Entry-1] frame=27530 faces=1
[DEBUG] Meraj score=0.097
[DEBUG] Meraj score=0.097
[Entry-2] frame=28950 faces=0
[Entry-4] frame=29710 faces=0
[Entry-1] frame=27540 faces=1
[DEBUG] Aditya score=0.111
[DEBUG] Aditya score=0.111
[Entry-2] frame=28960 faces=0
[Entry-4] frame=29720 faces=0
[Entry-2] frame=28970 faces=0
[Entry-1] frame=27550 faces=1
[DEBUG] Aditya score=0.115
[DEBUG] Aditya score=0.115
[Entry-4] frame=29730 faces=0
[Entry-2] frame=28980 faces=0
[Entry-1] frame=27560 faces=1
[DEBUG] Aditya score=0.121
[DEBUG] Aditya score=0.121
[Entry-4] frame=29740 faces=0
[Entry-2] frame=28990 faces=0
[Entry-1] frame=27570 faces=1
[DEBUG] Aditya score=0.168
[DEBUG] Aditya score=0.168
[Entry-4] frame=29750 faces=0
[Entry-2] frame=29000 faces=0
[Entry-1] frame=27580 faces=1
[DEBUG] Meraj score=0.200
[DEBUG] Meraj score=0.200
[Entry-4] frame=29760 faces=0
[Entry-2] frame=29010 faces=0
[Entry-1] frame=27590 faces=1
[DEBUG] Prashant Kumar score=0.140
[DEBUG] Prashant Kumar score=0.140
[Entry-4] frame=29770 faces=0
[Entry-2] frame=29020 faces=0
[Entry-4] frame=29780 faces=0
[Entry-1] frame=27600 faces=1
[DEBUG] Neeraj  score=0.134
[DEBUG] Neeraj  score=0.134
[Entry-2] frame=29030 faces=0
[Entry-4] frame=29790 faces=0
[Entry-1] frame=27610 faces=1
[DEBUG] Prashant Kumar score=0.129
[DEBUG] Prashant Kumar score=0.129
[Entry-2] frame=29040 faces=0
[Entry-4] frame=29800 faces=0
[Entry-1] frame=27620 faces=1
[DEBUG] Aditya score=0.107
[DEBUG] Aditya score=0.107
[Entry-2] frame=29050 faces=0
[Entry-4] frame=29810 faces=0
[Entry-1] frame=27630 faces=1
[DEBUG] Meraj score=0.072
[DEBUG] Meraj score=0.072
[Entry-2] frame=29060 faces=0
[Entry-4] frame=29820 faces=0
[Entry-1] frame=27640 faces=1
[DEBUG] Aakash score=0.082
[DEBUG] Aakash score=0.082
[Entry-2] frame=29070 faces=0
[Entry-4] frame=29830 faces=0
[Entry-1] frame=27650 faces=1
[DEBUG] Prashant Kumar score=0.036
[DEBUG] Prashant Kumar score=0.036
[Entry-2] frame=29080 faces=0
[Entry-4] frame=29840 faces=0
[Entry-1] frame=27660 faces=1
[DEBUG] Praveen score=0.023
[DEBUG] Praveen score=0.023
[Entry-2] frame=29090 faces=0
[Entry-4] frame=29850 faces=0
[Entry-1] frame=27670 faces=0
[Entry-2] frame=29100 faces=0
[Entry-4] frame=29860 faces=0
[Entry-2] frame=29110 faces=0
[Entry-1] frame=27680 faces=1
[DEBUG] Kuldeep score=0.065
[DEBUG] Kuldeep score=0.065
[Entry-4] frame=29870 faces=0
[Entry-2] frame=29120 faces=0
[Entry-1] frame=27690 faces=0
[Entry-4] frame=29880 faces=0
[Entry-2] frame=29130 faces=0
[Entry-1] frame=27700 faces=1
[DEBUG] Neeraj  score=0.054
[DEBUG] Neeraj  score=0.054
[Entry-4] frame=29890 faces=0
[Entry-2] frame=29140 faces=0
[Entry-1] frame=27710 faces=1
[DEBUG] Neeraj  score=0.069
[DEBUG] Neeraj  score=0.069
[Entry-4] frame=29900 faces=0
[Entry-2] frame=29150 faces=0
[Entry-1] frame=27720 faces=1
[DEBUG] Neeraj  score=0.062
[DEBUG] Neeraj  score=0.062
[Entry-4] frame=29910 faces=0
[Entry-2] frame=29160 faces=0
[Entry-1] frame=27730 faces=1
[DEBUG] Aakash score=0.069
[DEBUG] Aakash score=0.069
[Entry-4] frame=29920 faces=0
[Entry-2] frame=29170 faces=0
[Entry-1] frame=27740 faces=0
[Entry-4] frame=29930 faces=0
[Entry-2] frame=29180 faces=0
[Entry-1] frame=27750 faces=1
[DEBUG] Neeraj  score=0.088
[DEBUG] Neeraj  score=0.088
[Entry-4] frame=29940 faces=0
[Entry-2] frame=29190 faces=0
[Entry-1] frame=27760 faces=1
[DEBUG] Neeraj  score=0.062
[DEBUG] Neeraj  score=0.062
[Entry-4] frame=29950 faces=0
[Entry-2] frame=29200 faces=0
[Entry-4] frame=29960 faces=0
[Entry-1] frame=27770 faces=1
[DEBUG] Ravi Shankar score=0.068
[DEBUG] Ravi Shankar score=0.068
[Entry-2] frame=29210 faces=0
[Entry-4] frame=29970 faces=0
[Entry-1] frame=27780 faces=1
[DEBUG] Prashant Kumar score=0.103
[DEBUG] Prashant Kumar score=0.103
[Entry-2] frame=29220 faces=1
[DEBUG] Prashant Kumar score=0.163
[DEBUG] Prashant Kumar score=0.163
[Entry-4] frame=29980 faces=0
[Entry-1] frame=27790 faces=1
[DEBUG] Meraj score=0.181
[DEBUG] Meraj score=0.181
[Entry-2] frame=29230 faces=0
[Entry-4] frame=29990 faces=0
[Entry-1] frame=27800 faces=1
[DEBUG] Meraj score=0.139
[DEBUG] Meraj score=0.139
[Entry-2] frame=29240 faces=0
[Entry-4] frame=30000 faces=0
[Entry-1] frame=27810 faces=1
[DEBUG] Meraj score=0.135
[DEBUG] Meraj score=0.135
[Entry-2] frame=29250 faces=0
[Entry-4] frame=30010 faces=0
[Entry-1] frame=27820 faces=1
[DEBUG] Meraj score=0.126
[DEBUG] Meraj score=0.126
[Entry-2] frame=29260 faces=0
[Entry-4] frame=30020 faces=0
[Entry-2] frame=29270 faces=0
[Entry-1] frame=27830 faces=1
[DEBUG] Praveen score=0.074
[DEBUG] Praveen score=0.074
[Entry-4] frame=30030 faces=0
[Entry-2] frame=29280 faces=0
[Entry-1] frame=27840 faces=0
[Entry-4] frame=30040 faces=0
[Entry-2] frame=29290 faces=0
[Entry-1] frame=27850 faces=0
[Entry-4] frame=30050 faces=0
[Entry-2] frame=29300 faces=0
[Entry-1] frame=27860 faces=0
[Entry-4] frame=30060 faces=0
[Entry-2] frame=29310 faces=0
[Entry-1] frame=27870 faces=0
[Entry-4] frame=30070 faces=0
[Entry-2] frame=29320 faces=0
[Entry-1] frame=27880 faces=0
[Entry-4] frame=30080 faces=0
[Entry-2] frame=29330 faces=0
[Entry-1] frame=27890 faces=0
[Entry-4] frame=30090 faces=0
[Entry-2] frame=29340 faces=0
[Entry-1] frame=27900 faces=0
[Entry-4] frame=30100 faces=0
[Entry-2] frame=29350 faces=0
[Entry-1] frame=27910 faces=0
[Entry-4] frame=30110 faces=0
[Entry-2] frame=29360 faces=0
[Entry-1] frame=27920 faces=1
[DEBUG] Rajan score=0.033
[DEBUG] Rajan score=0.033
[Entry-4] frame=30120 faces=0
[Entry-2] frame=29370 faces=0
[Entry-1] frame=27930 faces=1
[DEBUG] Aakash score=0.068
[DEBUG] Aakash score=0.068
[Entry-4] frame=30130 faces=0
[Entry-2] frame=29380 faces=0
[Entry-1] frame=27940 faces=0
[Entry-4] frame=30140 faces=0
[Entry-2] frame=29390 faces=0
[Entry-1] frame=27950 faces=0
[Entry-4] frame=30150 faces=0
[Entry-2] frame=29400 faces=0
[Entry-1] frame=27960 faces=1
[DEBUG] Aakash score=0.091
[DEBUG] Aakash score=0.091
[Entry-4] frame=30160 faces=0
[Entry-2] frame=29410 faces=0
[Entry-1] frame=27970 faces=1
[DEBUG] Prashant Kumar score=0.072
[DEBUG] Prashant Kumar score=0.072
[Entry-4] frame=30170 faces=0
[Entry-2] frame=29420 faces=0
[Entry-4] frame=30180 faces=0
[Entry-1] frame=27980 faces=1
[DEBUG] Ravi Shankar score=0.063
[DEBUG] Ravi Shankar score=0.063
[Entry-2] frame=29430 faces=1
[DEBUG] Rishu Kumar score=0.095
[DEBUG] Rishu Kumar score=0.095
[Entry-4] frame=30190 faces=0
[Entry-1] frame=27990 faces=1
[DEBUG] Rajan score=0.052
[DEBUG] Rajan score=0.052
[Entry-2] frame=29440 faces=0
[Entry-4] frame=30200 faces=0
[Entry-1] frame=28000 faces=1
[DEBUG] Ravi Shankar score=0.050
[DEBUG] Ravi Shankar score=0.050
[Entry-2] frame=29450 faces=0
[Entry-4] frame=30210 faces=0
[Entry-1] frame=28010 faces=1
[DEBUG] Kuldeep score=0.058
[DEBUG] Kuldeep score=0.058
[Entry-2] frame=29460 faces=0
[Entry-4] frame=30220 faces=0
[Entry-1] frame=28020 faces=1
[DEBUG] Rajan score=0.069
[DEBUG] Rajan score=0.069
[Entry-2] frame=29470 faces=0
[Entry-4] frame=30230 faces=0
[Entry-1] frame=28030 faces=1
[DEBUG] Rajan score=0.052
[DEBUG] Rajan score=0.052
[Entry-2] frame=29480 faces=0
[Entry-4] frame=30240 faces=0
[Entry-1] frame=28040 faces=1
[DEBUG] Praveen score=0.051
[DEBUG] Praveen score=0.051
[Entry-2] frame=29490 faces=0
[Entry-4] frame=30250 faces=0
[Entry-1] frame=28050 faces=2
[DEBUG] Meraj score=0.044
[DEBUG] Meraj score=0.044
[DEBUG] Aakash score=0.656
[DEBUG] Aakash score=0.656
[Entry-2] frame=29500 faces=0
[Entry-4] frame=30260 faces=0
[Entry-1] frame=28060 faces=0
[Entry-2] frame=29510 faces=0
[Entry-4] frame=30270 faces=0
[Entry-2] frame=29520 faces=0
[Entry-1] frame=28070 faces=1
[DEBUG] Aakash score=0.144
[DEBUG] Aakash score=0.144
[Entry-4] frame=30280 faces=0
[Entry-2] frame=29530 faces=0
[Entry-1] frame=28080 faces=1
[DEBUG] Neeraj  score=0.107
[DEBUG] Neeraj  score=0.107
[Entry-4] frame=30290 faces=0
[Entry-2] frame=29540 faces=0
[Entry-4] frame=30300 faces=0
[Entry-1] frame=28090 faces=1
[DEBUG] Prashant Kumar score=0.171
[DEBUG] Prashant Kumar score=0.171
[Entry-2] frame=29550 faces=0
[Entry-4] frame=30310 faces=0
[Entry-1] frame=28100 faces=1
[DEBUG] Prashant Kumar score=0.100
[DEBUG] Prashant Kumar score=0.100
[Entry-2] frame=29560 faces=0
[Entry-4] frame=30320 faces=0
[Entry-1] frame=28110 faces=1
[DEBUG] Prashant Kumar score=0.154
[DEBUG] Prashant Kumar score=0.154
[Entry-2] frame=29570 faces=0
[Entry-4] frame=30330 faces=0
[Entry-1] frame=28120 faces=1
[DEBUG] Prashant Kumar score=0.159
[DEBUG] Prashant Kumar score=0.159
[Entry-2] frame=29580 faces=0
[Entry-4] frame=30340 faces=0
[Entry-1] frame=28130 faces=1
[DEBUG] Aakash score=0.111
[DEBUG] Aakash score=0.111
[Entry-2] frame=29590 faces=0
[Entry-4] frame=30350 faces=0
[Entry-1] frame=28140 faces=1
[DEBUG] Aditya score=0.127
[DEBUG] Aditya score=0.127
[Entry-2] frame=29600 faces=0
[Entry-4] frame=30360 faces=0
[Entry-1] frame=28150 faces=1
[DEBUG] Neeraj  score=0.124
[DEBUG] Neeraj  score=0.124
[Entry-2] frame=29610 faces=0
[Entry-4] frame=30370 faces=0
[Entry-1] frame=28160 faces=1
[DEBUG] Neeraj  score=0.145
[DEBUG] Neeraj  score=0.145
[Entry-2] frame=29620 faces=0
[Entry-4] frame=30380 faces=0
[Entry-1] frame=28170 faces=0
[Entry-2] frame=29630 faces=0
[Entry-4] frame=30390 faces=0
[Entry-1] frame=28180 faces=1
[DEBUG] Meraj score=0.133
[DEBUG] Meraj score=0.133
[Entry-2] frame=29640 faces=0
[Entry-4] frame=30400 faces=0
[Entry-2] frame=29650 faces=0
[Entry-1] frame=28190 faces=1
[DEBUG] Neeraj  score=0.183
[DEBUG] Neeraj  score=0.183
[Entry-4] frame=30410 faces=0
[Entry-2] frame=29660 faces=0
[Entry-1] frame=28200 faces=0
[Entry-4] frame=30420 faces=0
[Entry-2] frame=29670 faces=0
[Entry-1] frame=28210 faces=1
[DEBUG] Neeraj  score=0.131
[DEBUG] Neeraj  score=0.131
[Entry-4] frame=30430 faces=0
[Entry-2] frame=29680 faces=0
[Entry-4] frame=30440 faces=0
[Entry-1] frame=28220 faces=1
[DEBUG] Neeraj  score=0.201
[DEBUG] Neeraj  score=0.201
[Entry-2] frame=29690 faces=0
[Entry-4] frame=30450 faces=0
[Entry-1] frame=28230 faces=1
[DEBUG] Aakash score=0.150
[DEBUG] Aakash score=0.150
[Entry-2] frame=29700 faces=0
[Entry-4] frame=30460 faces=0
[Entry-1] frame=28240 faces=1
[DEBUG] Prashant Kumar score=0.149
[DEBUG] Prashant Kumar score=0.149
[Entry-2] frame=29710 faces=0
[Entry-4] frame=30470 faces=0
[Entry-1] frame=28250 faces=1
[DEBUG] Neeraj  score=0.153
[DEBUG] Neeraj  score=0.153
[Entry-2] frame=29720 faces=0
[Entry-4] frame=30480 faces=0
[Entry-1] frame=28260 faces=1
[DEBUG] Prashant Kumar score=0.128
[DEBUG] Prashant Kumar score=0.128
[Entry-2] frame=29730 faces=0
[Entry-4] frame=30490 faces=0
[Entry-1] frame=28270 faces=1
[DEBUG] Neeraj  score=0.114
[DEBUG] Neeraj  score=0.114
[Entry-2] frame=29740 faces=1
[DEBUG] Prashant Kumar score=0.351
[DEBUG] Prashant Kumar score=0.351
[Entry-4] frame=30500 faces=0
[Entry-1] frame=28280 faces=1
[DEBUG] Aakash score=0.136
[DEBUG] Aakash score=0.136
[Entry-2] frame=29750 faces=1
[DEBUG] Prashant Kumar score=0.391
[DEBUG] Prashant Kumar score=0.391
[Entry-4] frame=30510 faces=0
[Entry-1] frame=28290 faces=1
[DEBUG] Meraj score=0.189
[DEBUG] Meraj score=0.189
[Entry-4] frame=30520 faces=0
[Entry-2] frame=29760 faces=1
[DEBUG] Prashant Kumar score=0.474
[DEBUG] Prashant Kumar score=0.474
[Entry-1] frame=28300 faces=1
[DEBUG] Meraj score=0.099
[DEBUG] Meraj score=0.099
[Entry-4] frame=30530 faces=0
[Entry-2] frame=29770 faces=1
[DEBUG] Prashant Kumar score=0.523
[DEBUG] Prashant Kumar score=0.523
[Entry-1] frame=28310 faces=1
[DEBUG] Neeraj  score=0.107
[DEBUG] Neeraj  score=0.107
[Entry-4] frame=30540 faces=0
[Entry-2] frame=29780 faces=1
[DEBUG] Prashant Kumar score=0.457
[DEBUG] Prashant Kumar score=0.457
[Entry-1] frame=28320 faces=0
[Entry-4] frame=30550 faces=0
[Entry-2] frame=29790 faces=0
[Entry-1] frame=28330 faces=0
[Entry-4] frame=30560 faces=0
[Entry-2] frame=29800 faces=1
[DEBUG] Prashant Kumar score=0.498
[DEBUG] Prashant Kumar score=0.498
[Entry-1] frame=28340 faces=0
[Entry-4] frame=30570 faces=0
[Entry-2] frame=29810 faces=0
[Entry-1] frame=28350 faces=0
[Entry-4] frame=30580 faces=0
[Entry-2] frame=29820 faces=0
[Entry-4] frame=30590 faces=0
[Entry-1] frame=28360 faces=2
[DEBUG] Aakash score=0.596
[DEBUG] Aakash score=0.596
[DEBUG] Aditya score=0.132
[DEBUG] Aditya score=0.132
[Entry-2] frame=29830 faces=0
[Entry-4] frame=30600 faces=0
[Entry-1] frame=28370 faces=0
[Entry-2] frame=29840 faces=0
[Entry-4] frame=30610 faces=0
[Entry-1] frame=28380 faces=1
[DEBUG] Kuldeep score=0.135
[DEBUG] Kuldeep score=0.135
[Entry-2] frame=29850 faces=0
[Entry-4] frame=30620 faces=0
[Entry-2] frame=29860 faces=0
[Entry-1] frame=28390 faces=1
[DEBUG] Meraj score=0.126
[DEBUG] Meraj score=0.126
[Entry-4] frame=30630 faces=0
[Entry-2] frame=29870 faces=0
[Entry-1] frame=28400 faces=1
[DEBUG] Aditya score=0.153
[DEBUG] Aditya score=0.153
[Entry-4] frame=30640 faces=0
[Entry-2] frame=29880 faces=0
[Entry-1] frame=28410 faces=1
[DEBUG] Aakash score=0.116
[DEBUG] Aakash score=0.116
[Entry-4] frame=30650 faces=0
[Entry-2] frame=29890 faces=0
[Entry-1] frame=28420 faces=2
[DEBUG] Aakash score=0.071
[DEBUG] Aakash score=0.071
[DEBUG] Aakash score=0.515
[DEBUG] Aakash score=0.515
[Entry-4] frame=30660 faces=0
[Entry-2] frame=29900 faces=0
[Entry-1] frame=28430 faces=1
[DEBUG] Kuldeep score=0.125
[DEBUG] Kuldeep score=0.125
[Entry-4] frame=30670 faces=0
[Entry-2] frame=29910 faces=0
[Entry-1] frame=28440 faces=1
[DEBUG] Prashant Kumar score=0.198
[DEBUG] Prashant Kumar score=0.198
[Entry-4] frame=30680 faces=0
[Entry-2] frame=29920 faces=1
[DEBUG] Prashant Kumar score=0.040
[DEBUG] Prashant Kumar score=0.040
[Entry-1] frame=28450 faces=1
[DEBUG] Aditya score=0.122
[DEBUG] Aditya score=0.122
[Entry-4] frame=30690 faces=0
[Entry-2] frame=29930 faces=0
[Entry-1] frame=28460 faces=0
[Entry-4] frame=30700 faces=0
[Entry-2] frame=29940 faces=0
[Entry-1] frame=28470 faces=0
[Entry-4] frame=30710 faces=0
[Entry-2] frame=29950 faces=0
[Entry-1] frame=28480 faces=0
[Entry-4] frame=30720 faces=0
[Entry-2] frame=29960 faces=0
[Entry-1] frame=28490 faces=1
[DEBUG] Rajan score=0.043
[DEBUG] Rajan score=0.043
[Entry-4] frame=30730 faces=0
[Entry-2] frame=29970 faces=0
[Entry-4] frame=30740 faces=0
[Entry-1] frame=28500 faces=1
[DEBUG] Rajan score=0.066
[DEBUG] Rajan score=0.066
[Entry-2] frame=29980 faces=0
[Entry-4] frame=30750 faces=0
[Entry-1] frame=28510 faces=1
[DEBUG] Aakash score=0.064
[DEBUG] Aakash score=0.064
[Entry-2] frame=29990 faces=1
[DEBUG] Amitabh Prajapati score=0.042
[DEBUG] Amitabh Prajapati score=0.042
[Entry-4] frame=30760 faces=0
[Entry-1] frame=28520 faces=1
[DEBUG] Rajan score=0.064
[DEBUG] Rajan score=0.064
[Entry-2] frame=30000 faces=1
[DEBUG] Prashant Kumar score=0.541
[DEBUG] Prashant Kumar score=0.541
[Entry-4] frame=30770 faces=0
[Entry-1] frame=28530 faces=1
[DEBUG] Rajan score=0.061
[DEBUG] Rajan score=0.061
[Entry-2] frame=30010 faces=0
[Entry-4] frame=30780 faces=0
[Entry-1] frame=28540 faces=1
[DEBUG] Meraj score=0.054
[DEBUG] Meraj score=0.054
[Entry-2] frame=30020 faces=0
[Entry-4] frame=30790 faces=0
[Entry-2] frame=30030 faces=0
[Entry-1] frame=28550 faces=1
[DEBUG] Neeraj  score=0.066
[DEBUG] Neeraj  score=0.066
[Entry-4] frame=30800 faces=0
[Entry-2] frame=30040 faces=0
[Entry-1] frame=28560 faces=1
[DEBUG] Prashant Kumar score=0.086
[DEBUG] Prashant Kumar score=0.086
[Entry-4] frame=30810 faces=0
[Entry-2] frame=30050 faces=0
[Entry-1] frame=28570 faces=1
[DEBUG] Rajan score=0.116
[DEBUG] Rajan score=0.116
[Entry-4] frame=30820 faces=0
[Entry-2] frame=30060 faces=0
[Entry-1] frame=28580 faces=1
[DEBUG] Neeraj  score=0.106
[DEBUG] Neeraj  score=0.106
[Entry-4] frame=30830 faces=0
[Entry-2] frame=30070 faces=0
[Entry-1] frame=28590 faces=1
[DEBUG] Neeraj  score=0.059
[DEBUG] Neeraj  score=0.059
[Entry-4] frame=30840 faces=0
[Entry-2] frame=30080 faces=0
[Entry-4] frame=30850 faces=0
[Entry-1] frame=28600 faces=1
[DEBUG] Neeraj  score=0.082
[DEBUG] Neeraj  score=0.082
[Entry-2] frame=30090 faces=0
[Entry-4] frame=30860 faces=0
[Entry-1] frame=28610 faces=1
[DEBUG] Meraj score=0.091
[DEBUG] Meraj score=0.091
[Entry-2] frame=30100 faces=0
[Entry-4] frame=30870 faces=0
[Entry-1] frame=28620 faces=1
[DEBUG] Rajan score=0.071
[DEBUG] Rajan score=0.071
[Entry-2] frame=30110 faces=0
[Entry-4] frame=30880 faces=0
[Entry-1] frame=28630 faces=0
[Entry-2] frame=30120 faces=0
[Entry-4] frame=30890 faces=0
[Entry-1] frame=28640 faces=1
[DEBUG] Meraj score=0.195
[DEBUG] Meraj score=0.195
[Entry-2] frame=30130 faces=0
[Entry-4] frame=30900 faces=0
[Entry-1] frame=28650 faces=1
[DEBUG] Prashant Kumar score=0.119
[DEBUG] Prashant Kumar score=0.119
[Entry-2] frame=30140 faces=0
[Entry-4] frame=30910 faces=0
[Entry-1] frame=28660 faces=1
[DEBUG] Meraj score=0.085
[DEBUG] Meraj score=0.085
[Entry-2] frame=30150 faces=0
[Entry-4] frame=30920 faces=0
[Entry-1] frame=28670 faces=1
[DEBUG] Meraj score=0.178
[DEBUG] Meraj score=0.178
[Entry-2] frame=30160 faces=1
[DEBUG] Prashant Kumar score=0.346
[DEBUG] Prashant Kumar score=0.346
[Entry-4] frame=30930 faces=0
[Entry-1] frame=28680 faces=1
[DEBUG] Meraj score=0.199
[DEBUG] Meraj score=0.199
[Entry-2] frame=30170 faces=1
[DEBUG] Prashant Kumar score=0.191
[DEBUG] Prashant Kumar score=0.191
[Entry-4] frame=30940 faces=0
[Entry-1] frame=28690 faces=0
[Entry-2] frame=30180 faces=0
[Entry-4] frame=30950 faces=0
[Entry-2] frame=30190 faces=0
[Entry-1] frame=28700 faces=1
[DEBUG] Kuldeep score=0.151
[DEBUG] Kuldeep score=0.151
[Entry-4] frame=30960 faces=0
[Entry-2] frame=30200 faces=0
[Entry-1] frame=28710 faces=1
[DEBUG] Meraj score=0.129
[DEBUG] Meraj score=0.129
[Entry-4] frame=30970 faces=0
[Entry-2] frame=30210 faces=0
[Entry-1] frame=28720 faces=1
[DEBUG] Aakash score=0.138
[DEBUG] Aakash score=0.138
[Entry-4] frame=30980 faces=0
[Entry-2] frame=30220 faces=1
[DEBUG] Prashant Kumar score=0.290
[DEBUG] Prashant Kumar score=0.290
[Entry-1] frame=28730 faces=1
[DEBUG] Aditya score=0.142
[DEBUG] Aditya score=0.142
[Entry-4] frame=30990 faces=0
[Entry-4] frame=31000 faces=0
[Entry-2] frame=30230 faces=2
[DEBUG] Prashant Kumar score=0.331
[DEBUG] Prashant Kumar score=0.331
[DEBUG] Prashant Kumar score=0.206
[DEBUG] Prashant Kumar score=0.206
[Entry-1] frame=28740 faces=1
[DEBUG] Prashant Kumar score=0.134
[DEBUG] Prashant Kumar score=0.134
[Entry-4] frame=31010 faces=0
[Entry-2] frame=30240 faces=0
[Entry-1] frame=28750 faces=1
[DEBUG] Aditya score=0.166
[DEBUG] Aditya score=0.166
[Entry-4] frame=31020 faces=0
[Entry-2] frame=30250 faces=0
[Entry-1] frame=28760 faces=1
[DEBUG] Aditya score=0.105
[DEBUG] Aditya score=0.105
[Entry-4] frame=31030 faces=0
[Entry-2] frame=30260 faces=0
[Entry-1] frame=28770 faces=1
[DEBUG] Aditya score=0.129
[DEBUG] Aditya score=0.129
[Entry-4] frame=31040 faces=0
[Entry-2] frame=30270 faces=0
[Entry-1] frame=28780 faces=1
[DEBUG] Meraj score=0.135
[DEBUG] Meraj score=0.135
[Entry-4] frame=31050 faces=0
[Entry-2] frame=30280 faces=0
[Entry-1] frame=28790 faces=1
[DEBUG] Neeraj  score=0.156
[DEBUG] Neeraj  score=0.156
[Entry-4] frame=31060 faces=0
[Entry-2] frame=30290 faces=0
[Entry-1] frame=28800 faces=1
[DEBUG] Neeraj  score=0.167
[DEBUG] Neeraj  score=0.167
[Entry-4] frame=31070 faces=0
[Entry-2] frame=30300 faces=0
[Entry-1] frame=28810 faces=1
[DEBUG] Prashant Kumar score=0.171
[DEBUG] Prashant Kumar score=0.171
[Entry-2] frame=30310 faces=0
[Entry-4] frame=31080 faces=1
[DEBUG] Prashant Kumar score=0.292
[DEBUG] Prashant Kumar score=0.292
[Entry-1] frame=28820 faces=1
[DEBUG] Neeraj  score=0.128
[DEBUG] Neeraj  score=0.128
[Entry-2] frame=30320 faces=0
[Entry-4] frame=31090 faces=0
[Entry-1] frame=28830 faces=1
[DEBUG] Prashant Kumar score=0.151
[DEBUG] Prashant Kumar score=0.151
[Entry-2] frame=30330 faces=0
[Entry-4] frame=31100 faces=0
[Entry-2] frame=30340 faces=0
[Entry-4] frame=31110 faces=0
[Entry-1] frame=28840 faces=1
[DEBUG] Prashant Kumar score=0.170
[DEBUG] Prashant Kumar score=0.170
[Entry-2] frame=30350 faces=0
[Entry-4] frame=31120 faces=0
[Entry-1] frame=28850 faces=1
[DEBUG] Aditya score=0.141
[DEBUG] Aditya score=0.141
[Entry-2] frame=30360 faces=0
[Entry-4] frame=31130 faces=0
[Entry-1] frame=28860 faces=1
[DEBUG] Neeraj  score=0.120
[DEBUG] Neeraj  score=0.120
[Entry-2] frame=30370 faces=0
[Entry-4] frame=31140 faces=0
[Entry-1] frame=28870 faces=1
[DEBUG] Meraj score=0.105
[DEBUG] Meraj score=0.105
[Entry-2] frame=30380 faces=0
[Entry-4] frame=31150 faces=0
[Entry-1] frame=28880 faces=1
[DEBUG] Prashant Kumar score=0.175
[DEBUG] Prashant Kumar score=0.175
[Entry-2] frame=30390 faces=0
[Entry-4] frame=31160 faces=0
[Entry-1] frame=28890 faces=1
[DEBUG] Meraj score=0.151
[DEBUG] Meraj score=0.151
[Entry-2] frame=30400 faces=0
[Entry-4] frame=31170 faces=0
[Entry-1] frame=28900 faces=1
[DEBUG] Kajal score=0.124
[DEBUG] Kajal score=0.124
[Entry-2] frame=30410 faces=0
[Entry-4] frame=31180 faces=0
[Entry-1] frame=28910 faces=1
[DEBUG] Rajan score=0.122
[DEBUG] Rajan score=0.122
[Entry-2] frame=30420 faces=0
[Entry-4] frame=31190 faces=0
[Entry-1] frame=28920 faces=1
[DEBUG] Neeraj  score=0.216
[DEBUG] Neeraj  score=0.216
[Entry-2] frame=30430 faces=0
[Entry-4] frame=31200 faces=0
[Entry-1] frame=28930 faces=1
[DEBUG] Prashant Kumar score=0.161
[DEBUG] Prashant Kumar score=0.161
[Entry-2] frame=30440 faces=0
[Entry-4] frame=31210 faces=0
[Entry-1] frame=28940 faces=1
[DEBUG] Meraj score=0.126
[DEBUG] Meraj score=0.126
[Entry-2] frame=30450 faces=0
[Entry-4] frame=31220 faces=0
[Entry-2] frame=30460 faces=0
[Entry-1] frame=28950 faces=1
[DEBUG] Meraj score=0.152
[DEBUG] Meraj score=0.152
[Entry-4] frame=31230 faces=0
[Entry-2] frame=30470 faces=0[Entry-1] frame=28960 faces=0

[Entry-4] frame=31240 faces=0
[Entry-2] frame=30480 faces=0
[Entry-4] frame=31250 faces=0
[Entry-1] frame=28970 faces=1
[DEBUG] Aakash score=0.141
[DEBUG] Aakash score=0.141
[Entry-2] frame=30490 faces=0
[Entry-4] frame=31260 faces=0
[Entry-1] frame=28980 faces=1
[DEBUG] Aditya score=0.093
[DEBUG] Aditya score=0.093
[Entry-2] frame=30500 faces=0
[Entry-4] frame=31270 faces=0
[Entry-1] frame=28990 faces=1
[DEBUG] Prashant Kumar score=0.127
[DEBUG] Prashant Kumar score=0.127
[Entry-2] frame=30510 faces=0
[Entry-4] frame=31280 faces=0
[Entry-1] frame=29000 faces=1
[DEBUG] Prashant Kumar score=0.166
[DEBUG] Prashant Kumar score=0.166
[Entry-2] frame=30520 faces=0
[Entry-4] frame=31290 faces=0
[Entry-1] frame=29010 faces=1
[DEBUG] Prashant Kumar score=0.160
[DEBUG] Prashant Kumar score=0.160
[Entry-2] frame=30530 faces=0
[Entry-4] frame=31300 faces=0
[Entry-1] frame=29020 faces=1
[DEBUG] Meraj score=0.093
[DEBUG] Meraj score=0.093
[Entry-2] frame=30540 faces=0
[Entry-4] frame=31310 faces=0
[Entry-1] frame=29030 faces=2
[DEBUG] Aditya score=0.158
[DEBUG] Aditya score=0.158
[DEBUG] Aakash score=0.612
[DEBUG] Aakash score=0.612
[Entry-2] frame=30550 faces=0
[Entry-4] frame=31320 faces=1
[DEBUG] Prashant Kumar score=0.415
[DEBUG] Prashant Kumar score=0.415
[Entry-1] frame=29040 faces=1
[DEBUG] Aditya score=0.105
[DEBUG] Aditya score=0.105
[Entry-2] frame=30560 faces=0
[Entry-4] frame=31330 faces=0
[Entry-1] frame=29050 faces=1
[DEBUG] Aakash score=0.113
[DEBUG] Aakash score=0.113
[Entry-2] frame=30570 faces=0
[Entry-4] frame=31340 faces=1
[DEBUG] Prashant Kumar score=0.304
[DEBUG] Prashant Kumar score=0.304
[Entry-1] frame=29060 faces=1
[DEBUG] Aakash score=0.116
[DEBUG] Aakash score=0.116
[Entry-2] frame=30580 faces=0
[Entry-4] frame=31350 faces=1
[DEBUG] Prashant Kumar score=0.112
[DEBUG] Prashant Kumar score=0.112
[Entry-2] frame=30590 faces=0
[Entry-1] frame=29070 faces=1
[DEBUG] Prashant Kumar score=0.117
[DEBUG] Prashant Kumar score=0.117
[Entry-4] frame=31360 faces=1
[DEBUG] Meraj score=0.185
[DEBUG] Meraj score=0.185
[Entry-2] frame=30600 faces=0
[Entry-1] frame=29080 faces=1
[DEBUG] Neeraj  score=0.156
[DEBUG] Neeraj  score=0.156
[Entry-4] frame=31370 faces=1
[DEBUG] Prashant Kumar score=0.272
[DEBUG] Prashant Kumar score=0.272
[Entry-2] frame=30610 faces=0
[Entry-1] frame=29090 faces=1
[DEBUG] Neeraj  score=0.171
[DEBUG] Neeraj  score=0.171
[Entry-4] frame=31380 faces=0
[Entry-2] frame=30620 faces=0
[Entry-1] frame=29100 faces=1
[DEBUG] Neeraj  score=0.116
[DEBUG] Neeraj  score=0.116
[Entry-4] frame=31390 faces=0
[Entry-2] frame=30630 faces=0
[Entry-1] frame=29110 faces=0
[Entry-4] frame=31400 faces=0
[Entry-2] frame=30640 faces=0
[Entry-1] frame=29120 faces=0
[Entry-4] frame=31410 faces=0
[Entry-2] frame=30650 faces=0
[Entry-1] frame=29130 faces=0
[Entry-4] frame=31420 faces=0
[Entry-2] frame=30660 faces=0
[Entry-1] frame=29140 faces=0
[Entry-4] frame=31430 faces=0
[Entry-2] frame=30670 faces=0
[Entry-1] frame=29150 faces=0
[Entry-4] frame=31440 faces=0
[Entry-2] frame=30680 faces=0
[Entry-1] frame=29160 faces=0
[Entry-4] frame=31450 faces=0
[Entry-2] frame=30690 faces=0
[Entry-1] frame=29170 faces=0
[Entry-4] frame=31460 faces=0
[Entry-2] frame=30700 faces=0
[Entry-1] frame=29180 faces=0
[Entry-4] frame=31470 faces=0
[Entry-2] frame=30710 faces=0
[Entry-1] frame=29190 faces=0
[Entry-4] frame=31480 faces=0
[Entry-2] frame=30720 faces=0
[Entry-1] frame=29200 faces=0
[Entry-4] frame=31490 faces=0
[Entry-2] frame=30730 faces=0
[Entry-1] frame=29210 faces=0
[Entry-4] frame=31500 faces=0
[Entry-2] frame=30740 faces=0
[Entry-1] frame=29220 faces=0
[Entry-4] frame=31510 faces=0
[Entry-2] frame=30750 faces=0
[Entry-1] frame=29230 faces=0
[Entry-4] frame=31520 faces=0
[Entry-2] frame=30760 faces=0
[Entry-1] frame=29240 faces=0
[Entry-4] frame=31530 faces=0
[Entry-2] frame=30770 faces=0
[Entry-1] frame=29250 faces=0
[Entry-4] frame=31540 faces=0
[Entry-2] frame=30780 faces=0
[Entry-1] frame=29260 faces=0
[Entry-4] frame=31550 faces=0
[Entry-2] frame=30790 faces=0
[Entry-1] frame=29270 faces=0
[Entry-4] frame=31560 faces=0
[Entry-2] frame=30800 faces=0
[Entry-1] frame=29280 faces=0
[Entry-4] frame=31570 faces=0
[Entry-2] frame=30810 faces=0
[Entry-1] frame=29290 faces=0
[Entry-4] frame=31580 faces=0
[Entry-2] frame=30820 faces=0
[Entry-1] frame=29300 faces=0
[Entry-4] frame=31590 faces=0
[Entry-2] frame=30830 faces=0
[Entry-1] frame=29310 faces=0
[Entry-4] frame=31600 faces=0
[Entry-2] frame=30840 faces=0
[Entry-1] frame=29320 faces=0
[Entry-4] frame=31610 faces=0
[Entry-2] frame=30850 faces=0
[Entry-1] frame=29330 faces=0
[Entry-4] frame=31620 faces=0
[Entry-2] frame=30860 faces=0
[Entry-1] frame=29340 faces=0
[Entry-4] frame=31630 faces=0
[Entry-2] frame=30870 faces=0
[Entry-1] frame=29350 faces=0
[Entry-4] frame=31640 faces=0
[Entry-2] frame=30880 faces=0
[Entry-1] frame=29360 faces=0
[Entry-4] frame=31650 faces=0
[Entry-2] frame=30890 faces=0
[Entry-1] frame=29370 faces=0
[Entry-4] frame=31660 faces=0
[Entry-2] frame=30900 faces=0
[Entry-1] frame=29380 faces=0
[Entry-4] frame=31670 faces=0
[Entry-2] frame=30910 faces=0
[Entry-1] frame=29390 faces=0
[Entry-4] frame=31680 faces=0
[Entry-2] frame=30920 faces=0
[Entry-1] frame=29400 faces=0
[Entry-4] frame=31690 faces=0
[Entry-2] frame=30930 faces=0
[Entry-1] frame=29410 faces=0
[Entry-4] frame=31700 faces=0
[Entry-2] frame=30940 faces=0
[Entry-1] frame=29420 faces=1
[DEBUG] Prashant Kumar score=0.199
[DEBUG] Prashant Kumar score=0.199
[Entry-4] frame=31710 faces=0
[Entry-2] frame=30950 faces=0
[Entry-4] frame=31720 faces=0
[Entry-1] frame=29430 faces=1
[DEBUG] Aakash score=0.097
[DEBUG] Aakash score=0.097
[Entry-2] frame=30960 faces=0
[Entry-4] frame=31730 faces=0
[Entry-1] frame=29440 faces=1
[DEBUG] Prashant Kumar score=0.203
[DEBUG] Prashant Kumar score=0.203
[Entry-2] frame=30970 faces=0
[Entry-4] frame=31740 faces=0
[Entry-1] frame=29450 faces=1
[DEBUG] Prashant Kumar score=0.159
[DEBUG] Prashant Kumar score=0.159
[Entry-2] frame=30980 faces=0
[Entry-4] frame=31750 faces=0
[Entry-1] frame=29460 faces=1
[DEBUG] Neeraj  score=0.148
[DEBUG] Neeraj  score=0.148
[Entry-2] frame=30990 faces=0
[Entry-4] frame=31760 faces=0
[Entry-1] frame=29470 faces=1
[DEBUG] Aditya score=0.090
[DEBUG] Aditya score=0.090
[Entry-2] frame=31000 faces=0
[Entry-4] frame=31770 faces=0
[Entry-1] frame=29480 faces=1
[DEBUG] Aditya score=0.108
[DEBUG] Aditya score=0.108
[Entry-2] frame=31010 faces=0
[Entry-4] frame=31780 faces=0
[Entry-2] frame=31020 faces=0
[Entry-1] frame=29490 faces=1
[DEBUG] Prashant Kumar score=0.146
[DEBUG] Prashant Kumar score=0.146
[Entry-4] frame=31790 faces=0
[Entry-2] frame=31030 faces=0
[Entry-1] frame=29500 faces=1
[DEBUG] Prashant Kumar score=0.142
[DEBUG] Prashant Kumar score=0.142
[Entry-4] frame=31800 faces=0
[Entry-2] frame=31040 faces=0
[Entry-1] frame=29510 faces=1
[DEBUG] Neeraj  score=0.144
[DEBUG] Neeraj  score=0.144
[Entry-4] frame=31810 faces=0
[Entry-2] frame=31050 faces=0
[Entry-4] frame=31820 faces=0
[Entry-1] frame=29520 faces=1
[DEBUG] Aditya score=0.108
[DEBUG] Aditya score=0.108
[Entry-2] frame=31060 faces=0
[Entry-4] frame=31830 faces=0
[Entry-1] frame=29530 faces=1
[DEBUG] Aakash score=0.111
[DEBUG] Aakash score=0.111
[Entry-2] frame=31070 faces=0
[Entry-4] frame=31840 faces=0
[Entry-1] frame=29540 faces=1
[DEBUG] Kuldeep score=0.064
[DEBUG] Kuldeep score=0.064
[Entry-2] frame=31080 faces=0
[Entry-4] frame=31850 faces=0
[Entry-1] frame=29550 faces=1
[DEBUG] Aditya score=0.133
[DEBUG] Aditya score=0.133
[Entry-2] frame=31090 faces=0
[Entry-4] frame=31860 faces=0
[Entry-1] frame=29560 faces=1
[DEBUG] Prashant Kumar score=0.113
[DEBUG] Prashant Kumar score=0.113
[Entry-2] frame=31100 faces=0
[Entry-4] frame=31870 faces=0
[Entry-1] frame=29570 faces=1
[DEBUG] Kuldeep score=0.112
[DEBUG] Kuldeep score=0.112
[Entry-2] frame=31110 faces=0
[Entry-4] frame=31880 faces=0
[Entry-1] frame=29580 faces=1
[DEBUG] Meraj score=0.114
[DEBUG] Meraj score=0.114
[Entry-2] frame=31120 faces=0
[Entry-4] frame=31890 faces=0
[Entry-2] frame=31130 faces=0
[Entry-1] frame=29590 faces=1
[DEBUG] Aditya score=0.132
[DEBUG] Aditya score=0.132
[Entry-4] frame=31900 faces=0
[Entry-2] frame=31140 faces=0
[Entry-1] frame=29600 faces=1
[DEBUG] Aditya score=0.083
[DEBUG] Aditya score=0.083
[Entry-4] frame=31910 faces=0
[Entry-2] frame=31150 faces=0
[Entry-1] frame=29610 faces=1
[DEBUG] Aditya score=0.113
[DEBUG] Aditya score=0.113
[Entry-4] frame=31920 faces=0
[Entry-2] frame=31160 faces=0
[Entry-1] frame=29620 faces=1
[DEBUG] Kuldeep score=0.104
[DEBUG] Kuldeep score=0.104
[Entry-4] frame=31930 faces=0
[Entry-2] frame=31170 faces=0
[Entry-1] frame=29630 faces=1
[DEBUG] Aditya score=0.124
[DEBUG] Aditya score=0.124
[Entry-4] frame=31940 faces=0
[Entry-2] frame=31180 faces=0
[Entry-4] frame=31950 faces=0
[Entry-1] frame=29640 faces=1
[DEBUG] Prashant Kumar score=0.150
[DEBUG] Prashant Kumar score=0.150
[Entry-2] frame=31190 faces=0
[Entry-4] frame=31960 faces=0
[Entry-1] frame=29650 faces=1
[DEBUG] Prashant Kumar score=0.118
[DEBUG] Prashant Kumar score=0.118
[Entry-2] frame=31200 faces=0
[Entry-4] frame=31970 faces=0
[Entry-1] frame=29660 faces=1
[DEBUG] Aakash score=0.138
[DEBUG] Aakash score=0.138
[Entry-2] frame=31210 faces=0
[Entry-4] frame=31980 faces=0
[Entry-1] frame=29670 faces=1
[DEBUG] Aakash score=0.127
[DEBUG] Aakash score=0.127
[Entry-2] frame=31220 faces=0
[Entry-4] frame=31990 faces=0
[Entry-1] frame=29680 faces=1
[DEBUG] Neeraj  score=0.172
[DEBUG] Neeraj  score=0.172
[Entry-2] frame=31230 faces=0
[Entry-4] frame=32000 faces=0
[Entry-1] frame=29690 faces=1
[DEBUG] Aakash score=0.148
[DEBUG] Aakash score=0.148
[Entry-2] frame=31240 faces=0
[Entry-4] frame=32010 faces=0
[Entry-2] frame=31250 faces=0
[Entry-1] frame=29700 faces=1
[DEBUG] Kuldeep score=0.136
[DEBUG] Kuldeep score=0.136
[Entry-4] frame=32020 faces=0
[Entry-2] frame=31260 faces=0
[Entry-1] frame=29710 faces=1
[DEBUG] Prashant Kumar score=0.111
[DEBUG] Prashant Kumar score=0.111
[Entry-4] frame=32030 faces=0
[Entry-2] frame=31270 faces=0
[Entry-1] frame=29720 faces=1
[DEBUG] Neeraj  score=0.142
[DEBUG] Neeraj  score=0.142
[Entry-4] frame=32040 faces=0
[Entry-2] frame=31280 faces=0
[Entry-1] frame=29730 faces=1
[DEBUG] Meraj score=0.130
[DEBUG] Meraj score=0.130
[Entry-4] frame=32050 faces=0
[Entry-2] frame=31290 faces=0
[Entry-4] frame=32060 faces=0
[Entry-1] frame=29740 faces=1
[DEBUG] Aakash score=0.149
[DEBUG] Aakash score=0.149
[Entry-2] frame=31300 faces=0
[Entry-4] frame=32070 faces=0
[Entry-1] frame=29750 faces=1
[DEBUG] Aakash score=0.149
[DEBUG] Aakash score=0.149
[Entry-2] frame=31310 faces=0
[Entry-4] frame=32080 faces=0
[Entry-1] frame=29760 faces=1
[DEBUG] Prashant Kumar score=0.128
[DEBUG] Prashant Kumar score=0.128
[Entry-2] frame=31320 faces=0
[Entry-4] frame=32090 faces=0
[Entry-1] frame=29770 faces=1
[DEBUG] Prashant Kumar score=0.123
[DEBUG] Prashant Kumar score=0.123
[Entry-2] frame=31330 faces=0
[Entry-4] frame=32100 faces=0
[Entry-1] frame=29780 faces=1
[DEBUG] Prashant Kumar score=0.132
[DEBUG] Prashant Kumar score=0.132
[Entry-2] frame=31340 faces=0
[Entry-4] frame=32110 faces=0
[Entry-1] frame=29790 faces=1
[DEBUG] Prashant Kumar score=0.171
[DEBUG] Prashant Kumar score=0.171
[Entry-2] frame=31350 faces=0
[Entry-4] frame=32120 faces=0
[Entry-1] frame=29800 faces=0
[Entry-2] frame=31360 faces=0
[Entry-4] frame=32130 faces=0
[Entry-2] frame=31370 faces=0
[Entry-1] frame=29810 faces=1
[DEBUG] Praveen score=0.071
[DEBUG] Praveen score=0.071
[Entry-4] frame=32140 faces=0
[Entry-2] frame=31380 faces=0
[Entry-1] frame=29820 faces=1
[DEBUG] Amitabh Prajapati score=0.061
[DEBUG] Amitabh Prajapati score=0.061
[Entry-4] frame=32150 faces=0
[Entry-2] frame=31390 faces=0
[Entry-1] frame=29830 faces=0
[Entry-4] frame=32160 faces=0
[Entry-2] frame=31400 faces=0
[Entry-1] frame=29840 faces=0
[Entry-4] frame=32170 faces=0
[Entry-2] frame=31410 faces=0
[Entry-1] frame=29850 faces=0
[Entry-4] frame=32180 faces=1
[DEBUG] Kajal score=0.124
[DEBUG] Kajal score=0.124
[Entry-2] frame=31420 faces=0
[Entry-1] frame=29860 faces=0
[Entry-4] frame=32190 faces=0
[Entry-2] frame=31430 faces=0
[Entry-1] frame=29870 faces=0
[Entry-4] frame=32200 faces=1
[DEBUG] Prashant Kumar score=0.308
[DEBUG] Prashant Kumar score=0.308
[Entry-2] frame=31440 faces=0
[Entry-1] frame=29880 faces=0
[Entry-4] frame=32210 faces=1
[DEBUG] Prashant Kumar score=0.294
[DEBUG] Prashant Kumar score=0.294
[Entry-2] frame=31450 faces=0
[Entry-1] frame=29890 faces=0
[Entry-4] frame=32220 faces=0
[Entry-2] frame=31460 faces=0
[Entry-1] frame=29900 faces=0
[Entry-4] frame=32230 faces=0
[Entry-2] frame=31470 faces=0
[Entry-1] frame=29910 faces=0
[Entry-4] frame=32240 faces=0
[Entry-2] frame=31480 faces=0
[Entry-1] frame=29920 faces=0
[Entry-4] frame=32250 faces=0
[Entry-2] frame=31490 faces=1
[DEBUG] Prashant Kumar score=0.217
[DEBUG] Prashant Kumar score=0.217
[Entry-1] frame=29930 faces=0
[Entry-4] frame=32260 faces=0
[Entry-2] frame=31500 faces=0
[Entry-1] frame=29940 faces=0
[Entry-4] frame=32270 faces=0
[Entry-2] frame=31510 faces=0
[Entry-1] frame=29950 faces=1
[DEBUG] Amitabh Prajapati score=0.089
[DEBUG] Amitabh Prajapati score=0.089
[Entry-4] frame=32280 faces=0
[Entry-2] frame=31520 faces=0
[Entry-1] frame=29960 faces=1
[DEBUG] Prashant Kumar score=0.102
[DEBUG] Prashant Kumar score=0.102
[Entry-4] frame=32290 faces=0
[Entry-2] frame=31530 faces=0
[Entry-1] frame=29970 faces=1
[DEBUG] Prashant Kumar score=0.102
[DEBUG] Prashant Kumar score=0.102
[Entry-4] frame=32300 faces=0
[Entry-2] frame=31540 faces=0
[Entry-1] frame=29980 faces=1
[DEBUG] Ravi Shankar score=0.098
[DEBUG] Ravi Shankar score=0.098
[Entry-4] frame=32310 faces=0
[Entry-2] frame=31550 faces=0
[Entry-1] frame=29990 faces=1
[DEBUG] Ravi Shankar score=0.054
[DEBUG] Ravi Shankar score=0.054
[Entry-4] frame=32320 faces=0
[Entry-2] frame=31560 faces=0
[Entry-4] frame=32330 faces=0
[Entry-1] frame=30000 faces=1
[DEBUG] Ravi Shankar score=0.067
[DEBUG] Ravi Shankar score=0.067
[Entry-2] frame=31570 faces=0
[Entry-4] frame=32340 faces=0
[Entry-1] frame=30010 faces=1
[DEBUG] Amitabh Prajapati score=0.094
[DEBUG] Amitabh Prajapati score=0.094
[Entry-2] frame=31580 faces=0
[Entry-4] frame=32350 faces=0
[Entry-1] frame=30020 faces=1
[DEBUG] Amitabh Prajapati score=0.092
[DEBUG] Amitabh Prajapati score=0.092
[Entry-2] frame=31590 faces=0
[Entry-4] frame=32360 faces=0
[Entry-1] frame=30030 faces=1
[DEBUG] Rajan score=0.077
[DEBUG] Rajan score=0.077
[Entry-2] frame=31600 faces=1
[DEBUG] Prashant Kumar score=0.230
[DEBUG] Prashant Kumar score=0.230
[Entry-4] frame=32370 faces=0
[Entry-1] frame=30040 faces=1
[DEBUG] Meraj score=0.079
[DEBUG] Meraj score=0.079
[Entry-2] frame=31610 faces=1
[DEBUG] Prashant Kumar score=0.169
[DEBUG] Prashant Kumar score=0.169
[Entry-4] frame=32380 faces=0
[Entry-1] frame=30050 faces=1
[DEBUG] Rajan score=0.045
[DEBUG] Rajan score=0.045
[Entry-2] frame=31620 faces=1
[DEBUG] Prashant Kumar score=0.275
[DEBUG] Prashant Kumar score=0.275
[Entry-4] frame=32390 faces=0
[Entry-2] frame=31630 faces=0
[Entry-1] frame=30060 faces=1
[DEBUG] Neeraj  score=0.054
[DEBUG] Neeraj  score=0.054
[Entry-4] frame=32400 faces=0
[Entry-2] frame=31640 faces=0
[Entry-1] frame=30070 faces=1
[DEBUG] Praveen score=0.060
[DEBUG] Praveen score=0.060
[Entry-4] frame=32410 faces=0
[Entry-2] frame=31650 faces=0
[Entry-1] frame=30080 faces=1
[DEBUG] Amitabh Prajapati score=0.078
[DEBUG] Amitabh Prajapati score=0.078
[Entry-4] frame=32420 faces=0
[Entry-2] frame=31660 faces=0
[Entry-1] frame=30090 faces=1
[DEBUG] Amitabh Prajapati score=0.085
[DEBUG] Amitabh Prajapati score=0.085
[Entry-4] frame=32430 faces=0
[Entry-2] frame=31670 faces=0
[Entry-4] frame=32440 faces=0
[Entry-1] frame=30100 faces=1
[DEBUG] Rajan score=0.062
[DEBUG] Rajan score=0.062
[Entry-2] frame=31680 faces=0
[Entry-4] frame=32450 faces=0
[Entry-1] frame=30110 faces=1
[DEBUG] Neeraj  score=0.078
[DEBUG] Neeraj  score=0.078
[Entry-2] frame=31690 faces=0
[Entry-4] frame=32460 faces=0
[Entry-1] frame=30120 faces=1
[DEBUG] Amitabh Prajapati score=0.074
[DEBUG] Amitabh Prajapati score=0.074
[Entry-2] frame=31700 faces=0
[Entry-4] frame=32470 faces=0
[Entry-1] frame=30130 faces=1
[DEBUG] Neeraj  score=0.080
[DEBUG] Neeraj  score=0.080
[Entry-2] frame=31710 faces=0
[Entry-4] frame=32480 faces=0
[Entry-1] frame=30140 faces=1
[DEBUG] Neeraj  score=0.078
[DEBUG] Neeraj  score=0.078
[Entry-2] frame=31720 faces=0
[Entry-4] frame=32490 faces=0
[Entry-2] frame=31730 faces=0
[Entry-1] frame=30150 faces=1
[DEBUG] Neeraj  score=0.076
[DEBUG] Neeraj  score=0.076
[Entry-4] frame=32500 faces=0
[Entry-2] frame=31740 faces=0
[Entry-1] frame=30160 faces=1
[DEBUG] Neeraj  score=0.073
[DEBUG] Neeraj  score=0.073
[Entry-4] frame=32510 faces=0
[Entry-2] frame=31750 faces=0
[Entry-1] frame=30170 faces=1
[DEBUG] Praveen score=0.065
[DEBUG] Praveen score=0.065
[Entry-4] frame=32520 faces=1
[DEBUG] Praveen score=0.235
[DEBUG] Praveen score=0.235
[Entry-2] frame=31760 faces=0
[Entry-1] frame=30180 faces=1
[DEBUG] Praveen score=0.101
[DEBUG] Praveen score=0.101
[Entry-4] frame=32530 faces=0
[Entry-2] frame=31770 faces=0
[Entry-1] frame=30190 faces=1
[DEBUG] Amitabh Prajapati score=0.083
[DEBUG] Amitabh Prajapati score=0.083
[Entry-4] frame=32540 faces=0
[Entry-2] frame=31780 faces=0
[Entry-4] frame=32550 faces=0
[Entry-1] frame=30200 faces=1
[DEBUG] Amitabh Prajapati score=0.088
[DEBUG] Amitabh Prajapati score=0.088
[Entry-2] frame=31790 faces=0
[Entry-4] frame=32560 faces=0
[Entry-1] frame=30210 faces=1
[DEBUG] Ravi Shankar score=0.084
[DEBUG] Ravi Shankar score=0.084
[Entry-2] frame=31800 faces=0
[Entry-4] frame=32570 faces=0
[Entry-1] frame=30220 faces=1
[DEBUG] Rajan score=0.069
[DEBUG] Rajan score=0.069
[Entry-2] frame=31810 faces=0
[Entry-4] frame=32580 faces=0
[Entry-1] frame=30230 faces=1
[DEBUG] Amitabh Prajapati score=0.078
[DEBUG] Amitabh Prajapati score=0.078
[Entry-2] frame=31820 faces=0
[Entry-4] frame=32590 faces=0
[Entry-1] frame=30240 faces=1
[DEBUG] Rajan score=0.087
[DEBUG] Rajan score=0.087
[Entry-2] frame=31830 faces=1
[DEBUG] Prashant Kumar score=0.520
[DEBUG] Prashant Kumar score=0.520
[Entry-4] frame=32600 faces=0
[Entry-1] frame=30250 faces=1
[DEBUG] Rajan score=0.079
[DEBUG] Rajan score=0.079
[Entry-4] frame=32610 faces=0
[Entry-2] frame=31840 faces=1
[DEBUG] Prashant Kumar score=0.475
[DEBUG] Prashant Kumar score=0.475
[Entry-4] frame=32620 faces=0
[Entry-1] frame=30260 faces=1
[DEBUG] Meraj score=0.190
[DEBUG] Meraj score=0.190
[Entry-2] frame=31850 faces=1
[DEBUG] Prashant Kumar score=0.593
[DEBUG] Prashant Kumar score=0.593
[Entry-4] frame=32630 faces=0
[Entry-1] frame=30270 faces=1
[DEBUG] Meraj score=0.128
[DEBUG] Meraj score=0.128
[Entry-2] frame=31860 faces=1
[DEBUG] Prashant Kumar score=0.630
[DEBUG] Prashant Kumar score=0.630
[Entry-4] frame=32640 faces=0
[Entry-1] frame=30280 faces=0
[Entry-2] frame=31870 faces=1
[DEBUG] Prashant Kumar score=0.345
[DEBUG] Prashant Kumar score=0.345
[Entry-4] frame=32650 faces=0
[Entry-1] frame=30290 faces=1
[DEBUG] Rajan score=0.116
[DEBUG] Rajan score=0.116
[Entry-2] frame=31880 faces=0
[Entry-4] frame=32660 faces=0
[Entry-1] frame=30300 faces=1
[DEBUG] Rajan score=0.100
[DEBUG] Rajan score=0.100
[Entry-2] frame=31890 faces=0
[Entry-4] frame=32670 faces=0
[Entry-1] frame=30310 faces=0
[Entry-2] frame=31900 faces=0
[Entry-4] frame=32680 faces=0
[Entry-1] frame=30320 faces=0
[Entry-2] frame=31910 faces=0
[Entry-4] frame=32690 faces=0
[Entry-1] frame=30330 faces=0
[Entry-2] frame=31920 faces=0
[Entry-4] frame=32700 faces=0
[Entry-1] frame=30340 faces=0
[Entry-2] frame=31930 faces=0
[Entry-4] frame=32710 faces=0
[Entry-1] frame=30350 faces=0
[Entry-2] frame=31940 faces=0
[Entry-4] frame=32720 faces=0
[Entry-1] frame=30360 faces=0
[Entry-2] frame=31950 faces=0
[Entry-4] frame=32730 faces=0
[Entry-1] frame=30370 faces=0
[Entry-2] frame=31960 faces=0
[Entry-4] frame=32740 faces=0
[Entry-1] frame=30380 faces=1
[DEBUG] Meraj score=0.147
[DEBUG] Meraj score=0.147
[Entry-2] frame=31970 faces=1
[DEBUG] Meraj score=0.081
[DEBUG] Meraj score=0.081
[Entry-4] frame=32750 faces=0
[Entry-1] frame=30390 faces=0
[Entry-2] frame=31980 faces=0
[Entry-4] frame=32760 faces=0
[Entry-1] frame=30400 faces=0
[Entry-2] frame=31990 faces=0
[Entry-4] frame=32770 faces=0
[Entry-1] frame=30410 faces=1
[DEBUG] Neeraj  score=0.112
[DEBUG] Neeraj  score=0.112
[Entry-2] frame=32000 faces=0
[Entry-4] frame=32780 faces=0
[Entry-2] frame=32010 faces=0
[Entry-1] frame=30420 faces=1
[DEBUG] Kuldeep score=0.148
[DEBUG] Kuldeep score=0.148
[Entry-4] frame=32790 faces=0
[Entry-2] frame=32020 faces=0
[Entry-1] frame=30430 faces=0
[Entry-4] frame=32800 faces=0
[Entry-2] frame=32030 faces=0
[Entry-4] frame=32810 faces=0
[Entry-1] frame=30440 faces=1
[DEBUG] Ravi Shankar score=0.108
[DEBUG] Ravi Shankar score=0.108
[Entry-2] frame=32040 faces=1
[DEBUG] Prashant Kumar score=0.224
[DEBUG] Prashant Kumar score=0.224
[Entry-4] frame=32820 faces=0
[Entry-1] frame=30450 faces=1
[DEBUG] Ravi Shankar score=0.062
[DEBUG] Ravi Shankar score=0.062
[Entry-4] frame=32830 faces=0
[Entry-2] frame=32050 faces=1
[DEBUG] Prashant Kumar score=0.433
[DEBUG] Prashant Kumar score=0.433
[Entry-1] frame=30460 faces=1
[DEBUG] Neeraj  score=0.059
[DEBUG] Neeraj  score=0.059
[Entry-4] frame=32840 faces=0
[Entry-2] frame=32060 faces=1
[DEBUG] Prashant Kumar score=0.217
[DEBUG] Prashant Kumar score=0.217
[Entry-1] frame=30470 faces=1
[DEBUG] Meraj score=0.071
[DEBUG] Meraj score=0.071
[Entry-4] frame=32850 faces=0
[Entry-2] frame=32070 faces=0
[Entry-1] frame=30480 faces=0
[Entry-4] frame=32860 faces=0
[Entry-2] frame=32080 faces=0
[Entry-1] frame=30490 faces=0
[Entry-4] frame=32870 faces=0
[Entry-2] frame=32090 faces=0
[Entry-1] frame=30500 faces=0
[Entry-4] frame=32880 faces=0
[Entry-2] frame=32100 faces=0
[Entry-1] frame=30510 faces=1
[DEBUG] Kuldeep score=0.150
[DEBUG] Kuldeep score=0.150
[Entry-4] frame=32890 faces=0
[Entry-2] frame=32110 faces=0
[Entry-1] frame=30520 faces=1
[DEBUG] Rajan score=0.089
[DEBUG] Rajan score=0.089
[Entry-4] frame=32900 faces=0
[Entry-2] frame=32120 faces=0
[Entry-1] frame=30530 faces=1
[DEBUG] Prashant Kumar score=0.082
[DEBUG] Prashant Kumar score=0.082
[Entry-4] frame=32910 faces=0
[Entry-2] frame=32130 faces=0
[Entry-1] frame=30540 faces=1
[DEBUG] Prashant Kumar score=0.071
[DEBUG] Prashant Kumar score=0.071
[Entry-4] frame=32920 faces=0
[Entry-2] frame=32140 faces=0
[Entry-1] frame=30550 faces=0
[Entry-4] frame=32930 faces=0
[Entry-2] frame=32150 faces=1
[DEBUG] Prashant Kumar score=0.429
[DEBUG] Prashant Kumar score=0.429
[Entry-1] frame=30560 faces=0
[Entry-4] frame=32940 faces=0
[Entry-2] frame=32160 faces=1
[DEBUG] Prashant Kumar score=0.364
[DEBUG] Prashant Kumar score=0.364
[Entry-1] frame=30570 faces=1
[DEBUG] Meraj score=0.104
[DEBUG] Meraj score=0.104
[Entry-4] frame=32950 faces=0
[Entry-2] frame=32170 faces=0
[Entry-1] frame=30580 faces=1
[DEBUG] Meraj score=0.091
[DEBUG] Meraj score=0.091
[Entry-4] frame=32960 faces=0
[Entry-2] frame=32180 faces=0
[Entry-4] frame=32970 faces=0
[Entry-1] frame=30590 faces=1
[DEBUG] Neeraj  score=0.094
[DEBUG] Neeraj  score=0.094
[Entry-2] frame=32190 faces=0
[Entry-4] frame=32980 faces=0
[Entry-1] frame=30600 faces=1
[DEBUG] Prashant Kumar score=0.122
[DEBUG] Prashant Kumar score=0.122
[Entry-2] frame=32200 faces=0
[Entry-4] frame=32990 faces=0
[Entry-1] frame=30610 faces=1
[DEBUG] Prashant Kumar score=0.109
[DEBUG] Prashant Kumar score=0.109
[Entry-2] frame=32210 faces=0
[Entry-4] frame=33000 faces=0
[Entry-1] frame=30620 faces=0
[Entry-2] frame=32220 faces=1
[DEBUG] Prashant Kumar score=0.309
[DEBUG] Prashant Kumar score=0.309
[Entry-4] frame=33010 faces=0
[Entry-1] frame=30630 faces=0
[Entry-2] frame=32230 faces=1
[DEBUG] Prashant Kumar score=0.425
[DEBUG] Prashant Kumar score=0.425
[Entry-4] frame=33020 faces=0
[Entry-1] frame=30640 faces=0
[Entry-2] frame=32240 faces=1
[DEBUG] Prashant Kumar score=0.489
[DEBUG] Prashant Kumar score=0.489
[Entry-4] frame=33030 faces=0
[Entry-1] frame=30650 faces=1
[DEBUG] Ravi Shankar score=0.121
[DEBUG] Ravi Shankar score=0.121
[Entry-2] frame=32250 faces=1
[DEBUG] Prashant Kumar score=0.537
[DEBUG] Prashant Kumar score=0.537
[Entry-4] frame=33040 faces=0
[Entry-1] frame=30660 faces=1
[DEBUG] Ravi Shankar score=0.083
[DEBUG] Ravi Shankar score=0.083
[Entry-2] frame=32260 faces=1
[DEBUG] Prashant Kumar score=0.661
[DEBUG] Prashant Kumar score=0.661
[Entry-4] frame=33050 faces=0
[Entry-1] frame=30670 faces=1
[DEBUG] Neeraj  score=0.082
[DEBUG] Neeraj  score=0.082
[Entry-2] frame=32270 faces=1
[DEBUG] Prashant Kumar score=0.642
[DEBUG] Prashant Kumar score=0.642
[Entry-4] frame=33060 faces=0
[Entry-1] frame=30680 faces=1
[DEBUG] Amitabh Prajapati score=0.109
[DEBUG] Amitabh Prajapati score=0.109
[Entry-2] frame=32280 faces=0
[Entry-4] frame=33070 faces=0
[Entry-1] frame=30690 faces=0
[Entry-2] frame=32290 faces=0
[Entry-4] frame=33080 faces=0
[Entry-1] frame=30700 faces=0
[Entry-2] frame=32300 faces=0
[Entry-4] frame=33090 faces=0
[Entry-1] frame=30710 faces=0
[Entry-2] frame=32310 faces=0
[Entry-4] frame=33100 faces=0
[Entry-1] frame=30720 faces=0
[Entry-2] frame=32320 faces=0
[Entry-4] frame=33110 faces=0
[Entry-1] frame=30730 faces=0
[Entry-2] frame=32330 faces=0
[Entry-4] frame=33120 faces=0
[Entry-1] frame=30740 faces=0
[Entry-2] frame=32340 faces=0
[Entry-4] frame=33130 faces=0
[Entry-1] frame=30750 faces=0
[Entry-2] frame=32350 faces=0
[Entry-4] frame=33140 faces=0
[Entry-2] frame=32360 faces=0
[Entry-1] frame=30760 faces=1
[DEBUG] Aditya score=0.121
[DEBUG] Aditya score=0.121
[Entry-4] frame=33150 faces=0
[Entry-2] frame=32370 faces=0
[Entry-1] frame=30770 faces=1
[DEBUG] Kuldeep score=0.172
[DEBUG] Kuldeep score=0.172
[Entry-4] frame=33160 faces=0
[Entry-2] frame=32380 faces=0
[Entry-4] frame=33170 faces=0
[Entry-1] frame=30780 faces=1
[DEBUG] Aakash score=0.137
[DEBUG] Aakash score=0.137
[Entry-2] frame=32390 faces=0
[Entry-4] frame=33180 faces=0
[Entry-1] frame=30790 faces=1
[DEBUG] Satya  score=0.156
[DEBUG] Satya  score=0.156
[Entry-2] frame=32400 faces=0
[Entry-4] frame=33190 faces=0
[Entry-1] frame=30800 faces=1
[DEBUG] Aakash score=0.172
[DEBUG] Aakash score=0.172
[Entry-2] frame=32410 faces=0
[Entry-4] frame=33200 faces=0
[Entry-1] frame=30810 faces=1
[DEBUG] Aakash score=0.120
[DEBUG] Aakash score=0.120
[Entry-2] frame=32420 faces=0
[Entry-4] frame=33210 faces=0
[Entry-1] frame=30820 faces=1
[DEBUG] Neeraj  score=0.135
[DEBUG] Neeraj  score=0.135
[Entry-2] frame=32430 faces=0
[Entry-4] frame=33220 faces=0
[Entry-1] frame=30830 faces=1
[DEBUG] Satya  score=0.139
[DEBUG] Satya  score=0.139
[Entry-2] frame=32440 faces=0
[Entry-4] frame=33230 faces=0
[Entry-1] frame=30840 faces=1
[DEBUG] Aakash score=0.124
[DEBUG] Aakash score=0.124
[Entry-2] frame=32450 faces=0
[Entry-4] frame=33240 faces=0
[Entry-1] frame=30850 faces=1
[DEBUG] Satya  score=0.114
[DEBUG] Satya  score=0.114
[Entry-2] frame=32460 faces=0
[Entry-4] frame=33250 faces=0
[Entry-1] frame=30860 faces=1
[DEBUG] Aakash score=0.133
[DEBUG] Aakash score=0.133
[Entry-2] frame=32470 faces=0
[Entry-4] frame=33260 faces=0
[Entry-1] frame=30870 faces=0
[Entry-2] frame=32480 faces=0
[Entry-4] frame=33270 faces=0
[Entry-2] frame=32490 faces=0
[Entry-1] frame=30880 faces=1
[DEBUG] Neeraj  score=0.167
[DEBUG] Neeraj  score=0.167
[Entry-4] frame=33280 faces=0
[Entry-2] frame=32500 faces=0
[Entry-1] frame=30890 faces=1
[DEBUG] Neeraj  score=0.146
[DEBUG] Neeraj  score=0.146
[Entry-4] frame=33290 faces=0
[Entry-2] frame=32510 faces=0
[Entry-1] frame=30900 faces=1
[DEBUG] Neeraj  score=0.149
[DEBUG] Neeraj  score=0.149
[Entry-4] frame=33300 faces=0
[Entry-2] frame=32520 faces=0
[Entry-4] frame=33310 faces=0
[Entry-1] frame=30910 faces=1
[DEBUG] Neeraj  score=0.168
[DEBUG] Neeraj  score=0.168
[Entry-2] frame=32530 faces=0
[Entry-4] frame=33320 faces=0
[Entry-1] frame=30920 faces=1
[DEBUG] Aakash score=0.193
[DEBUG] Aakash score=0.193
[Entry-2] frame=32540 faces=1
[DEBUG] Aditya score=0.148
[DEBUG] Aditya score=0.148
[Entry-4] frame=33330 faces=0
[Entry-1] frame=30930 faces=1
[DEBUG] Aakash score=0.182
[DEBUG] Aakash score=0.182
[Entry-2] frame=32550 faces=0
[Entry-4] frame=33340 faces=0
[Entry-1] frame=30940 faces=1
[DEBUG] Neeraj  score=0.155
[DEBUG] Neeraj  score=0.155
[Entry-2] frame=32560 faces=0
[Entry-4] frame=33350 faces=0
[Entry-1] frame=30950 faces=1
[DEBUG] Neeraj  score=0.161
[DEBUG] Neeraj  score=0.161
[Entry-2] frame=32570 faces=0
[Entry-4] frame=33360 faces=0
[Entry-1] frame=30960 faces=1
[DEBUG] Kuldeep score=0.145
[DEBUG] Kuldeep score=0.145
[Entry-2] frame=32580 faces=0
[Entry-4] frame=33370 faces=0
[Entry-1] frame=30970 faces=1
[DEBUG] Aditya score=0.191
[DEBUG] Aditya score=0.191
[Entry-2] frame=32590 faces=0
[Entry-4] frame=33380 faces=0
[Entry-1] frame=30980 faces=1
[DEBUG] Rajan score=0.138
[DEBUG] Rajan score=0.138
[Entry-2] frame=32600 faces=0
[Entry-4] frame=33390 faces=0
[Entry-1] frame=30990 faces=1
[DEBUG] Rajan score=0.090
[DEBUG] Rajan score=0.090
[Entry-2] frame=32610 faces=0
[Entry-4] frame=33400 faces=0
[Entry-1] frame=31000 faces=1
[DEBUG] Rajan score=0.058
[DEBUG] Rajan score=0.058
[Entry-2] frame=32620 faces=0
[Entry-4] frame=33410 faces=0
[Entry-1] frame=31010 faces=1
[DEBUG] Rajan score=0.071
[DEBUG] Rajan score=0.071
[Entry-2] frame=32630 faces=0
[Entry-4] frame=33420 faces=0
[Entry-1] frame=31020 faces=1
[DEBUG] Meraj score=0.072
[DEBUG] Meraj score=0.072
[Entry-2] frame=32640 faces=0
[Entry-4] frame=33430 faces=0
[Entry-2] frame=32650 faces=0
[Entry-1] frame=31030 faces=1
[DEBUG] Kuldeep score=0.073
[DEBUG] Kuldeep score=0.073
[Entry-4] frame=33440 faces=0
[Entry-2] frame=32660 faces=0
[Entry-4] frame=33450 faces=0
[Entry-1] frame=31040 faces=1
[DEBUG] Rajan score=0.107
[DEBUG] Rajan score=0.107
[Entry-2] frame=32670 faces=0
[Entry-4] frame=33460 faces=0
[Entry-1] frame=31050 faces=1
[DEBUG] Rajan score=0.161
[DEBUG] Rajan score=0.161
[Entry-2] frame=32680 faces=0
[Entry-4] frame=33470 faces=0
[Entry-1] frame=31060 faces=1
[DEBUG] Prashant Kumar score=0.101
[DEBUG] Prashant Kumar score=0.101
[Entry-2] frame=32690 faces=0
[Entry-4] frame=33480 faces=0
[Entry-1] frame=31070 faces=1
[DEBUG] Kuldeep score=0.094
[DEBUG] Kuldeep score=0.094
[Entry-2] frame=32700 faces=0
[Entry-4] frame=33490 faces=0
[Entry-1] frame=31080 faces=1
[DEBUG] Prashant Kumar score=0.101
[DEBUG] Prashant Kumar score=0.101
[Entry-2] frame=32710 faces=0
[Entry-4] frame=33500 faces=0
[Entry-1] frame=31090 faces=1
[DEBUG] Prashant Kumar score=0.144
[DEBUG] Prashant Kumar score=0.144
[Entry-2] frame=32720 faces=0
[Entry-4] frame=33510 faces=0
[Entry-2] frame=32730 faces=0
[Entry-1] frame=31100 faces=1
[DEBUG] Prashant Kumar score=0.138
[DEBUG] Prashant Kumar score=0.138
[Entry-4] frame=33520 faces=0
[Entry-4] frame=33530 faces=0
[Entry-2] frame=32740 faces=1
[DEBUG] Prashant Kumar score=0.373
[DEBUG] Prashant Kumar score=0.373
[Entry-1] frame=31110 faces=1
[DEBUG] Neeraj  score=0.208
[DEBUG] Neeraj  score=0.208
[Entry-4] frame=33540 faces=0
[Entry-2] frame=32750 faces=1
[DEBUG] Prashant Kumar score=0.517
[DEBUG] Prashant Kumar score=0.517
[Entry-1] frame=31120 faces=1
[DEBUG] Neeraj  score=0.112
[DEBUG] Neeraj  score=0.112
[Entry-4] frame=33550 faces=0
[Entry-2] frame=32760 faces=0
[Entry-1] frame=31130 faces=0
[Entry-4] frame=33560 faces=0
[Entry-2] frame=32770 faces=0
[Entry-1] frame=31140 faces=1
[DEBUG] Neeraj  score=0.082
[DEBUG] Neeraj  score=0.082
[Entry-4] frame=33570 faces=0
[Entry-2] frame=32780 faces=0
[Entry-1] frame=31150 faces=1
[DEBUG] Prashant Kumar score=0.145
[DEBUG] Prashant Kumar score=0.145
[Entry-4] frame=33580 faces=0
[Entry-2] frame=32790 faces=0
[Entry-1] frame=31160 faces=1
[DEBUG] Aditya score=0.116
[DEBUG] Aditya score=0.116
[Entry-4] frame=33590 faces=0
[Entry-2] frame=32800 faces=1
[DEBUG] Prashant Kumar score=0.347
[DEBUG] Prashant Kumar score=0.347
[Entry-1] frame=31170 faces=1
[DEBUG] Meraj score=0.103
[DEBUG] Meraj score=0.103
[Entry-4] frame=33600 faces=0
[Entry-2] frame=32810 faces=1
[DEBUG] Prashant Kumar score=0.442
[DEBUG] Prashant Kumar score=0.442
[Entry-1] frame=31180 faces=1
[DEBUG] Ravi Shankar score=0.075
[DEBUG] Ravi Shankar score=0.075
[Entry-4] frame=33610 faces=0
[Entry-2] frame=32820 faces=0
[Entry-1] frame=31190 faces=1
[DEBUG] Prashant Kumar score=0.078
[DEBUG] Prashant Kumar score=0.078
[Entry-4] frame=33620 faces=0
[Entry-2] frame=32830 faces=1
[DEBUG] Prashant Kumar score=0.377
[DEBUG] Prashant Kumar score=0.377
[Entry-1] frame=31200 faces=1
[DEBUG] Neeraj  score=0.084
[DEBUG] Neeraj  score=0.084
[Entry-4] frame=33630 faces=0
[Entry-2] frame=32840 faces=1
[DEBUG] Prashant Kumar score=0.400
[DEBUG] Prashant Kumar score=0.400
[Entry-1] frame=31210 faces=1
[DEBUG] Praveen score=0.089
[DEBUG] Praveen score=0.089
[Entry-4] frame=33640 faces=0
[Entry-2] frame=32850 faces=0
[Entry-1] frame=31220 faces=1
[DEBUG] Meraj score=0.192
[DEBUG] Meraj score=0.192
[Entry-4] frame=33650 faces=0
[Entry-2] frame=32860 faces=0
[Entry-4] frame=33660 faces=0
[Entry-1] frame=31230 faces=1
[DEBUG] Neeraj  score=0.142
[DEBUG] Neeraj  score=0.142
[Entry-2] frame=32870 faces=0
[Entry-4] frame=33670 faces=0
[Entry-1] frame=31240 faces=1
[DEBUG] Aditya score=0.176
[DEBUG] Aditya score=0.176
[Entry-2] frame=32880 faces=0
[Entry-4] frame=33680 faces=0
[Entry-1] frame=31250 faces=1
[DEBUG] Prashant Kumar score=0.161
[DEBUG] Prashant Kumar score=0.161
[Entry-2] frame=32890 faces=0
[Entry-4] frame=33690 faces=0
[Entry-1] frame=31260 faces=1
[DEBUG] Prashant Kumar score=0.139
[DEBUG] Prashant Kumar score=0.139
[Entry-2] frame=32900 faces=0
[Entry-4] frame=33700 faces=0
[Entry-1] frame=31270 faces=1
[DEBUG] Aditya score=0.208
[DEBUG] Aditya score=0.208
[Entry-2] frame=32910 faces=0
[Entry-4] frame=33710 faces=0
[Entry-1] frame=31280 faces=1
[DEBUG] Prashant Kumar score=0.148
[DEBUG] Prashant Kumar score=0.148
[Entry-2] frame=32920 faces=0
[Entry-4] frame=33720 faces=0
[Entry-2] frame=32930 faces=0
[Entry-1] frame=31290 faces=1
[DEBUG] Rajan score=0.120
[DEBUG] Rajan score=0.120
[Entry-4] frame=33730 faces=0
[Entry-2] frame=32940 faces=0
[Entry-1] frame=31300 faces=1
[DEBUG] Satya  score=0.126
[DEBUG] Satya  score=0.126
[Entry-4] frame=33740 faces=0
[Entry-2] frame=32950 faces=0
[Entry-1] frame=31310 faces=1
[DEBUG] Rajan score=0.147
[DEBUG] Rajan score=0.147
[Entry-4] frame=33750 faces=0
[Entry-2] frame=32960 faces=0
[Entry-1] frame=31320 faces=1
[DEBUG] Prashant Kumar score=0.150
[DEBUG] Prashant Kumar score=0.150
[Entry-4] frame=33760 faces=0
[Entry-2] frame=32970 faces=0
[Entry-1] frame=31330 faces=1
[DEBUG] Neeraj  score=0.173
[DEBUG] Neeraj  score=0.173
[Entry-4] frame=33770 faces=0
[Entry-2] frame=32980 faces=0
[Entry-4] frame=33780 faces=0
[Entry-1] frame=31340 faces=1
[DEBUG] Prashant Kumar score=0.172
[DEBUG] Prashant Kumar score=0.172
[Entry-2] frame=32990 faces=0
[Entry-4] frame=33790 faces=0
[Entry-1] frame=31350 faces=1
[DEBUG] Prashant Kumar score=0.155
[DEBUG] Prashant Kumar score=0.155
[Entry-2] frame=33000 faces=0
[Entry-4] frame=33800 faces=0
[Entry-1] frame=31360 faces=1
[DEBUG] Prashant Kumar score=0.156
[DEBUG] Prashant Kumar score=0.156
[Entry-2] frame=33010 faces=0
[Entry-4] frame=33810 faces=0
[Entry-1] frame=31370 faces=1
[DEBUG] Aditya score=0.174
[DEBUG] Aditya score=0.174
[Entry-2] frame=33020 faces=0
[Entry-4] frame=33820 faces=0
[Entry-1] frame=31380 faces=0
[Entry-2] frame=33030 faces=0
[Entry-4] frame=33830 faces=0
[Entry-1] frame=31390 faces=0
[Entry-2] frame=33040 faces=0
[Entry-4] frame=33840 faces=0
[Entry-1] frame=31400 faces=0
[Entry-2] frame=33050 faces=1
[DEBUG] Prashant Kumar score=0.263
[DEBUG] Prashant Kumar score=0.263
[Entry-4] frame=33850 faces=0
[Entry-1] frame=31410 faces=1
[DEBUG] Rajan score=0.029
[DEBUG] Rajan score=0.029
[Entry-2] frame=33060 faces=1
[DEBUG] Prashant Kumar score=0.367
[DEBUG] Prashant Kumar score=0.367
[Entry-4] frame=33860 faces=0
[Entry-1] frame=31420 faces=0
[Entry-2] frame=33070 faces=0
[Entry-4] frame=33870 faces=0
[Entry-1] frame=31430 faces=0
[Entry-2] frame=33080 faces=1
[DEBUG] Prashant Kumar score=0.426
[DEBUG] Prashant Kumar score=0.426
[Entry-4] frame=33880 faces=0
[Entry-1] frame=31440 faces=1
[DEBUG] Aakash score=0.069
[DEBUG] Aakash score=0.069
[Entry-2] frame=33090 faces=1
[DEBUG] Prashant Kumar score=0.550
[DEBUG] Prashant Kumar score=0.550
[Entry-4] frame=33890 faces=0
[Entry-1] frame=31450 faces=1
[DEBUG] Prashant Kumar score=0.068
[DEBUG] Prashant Kumar score=0.068
[Entry-4] frame=33900 faces=0
[Entry-2] frame=33100 faces=1
[DEBUG] Prashant Kumar score=0.621
[DEBUG] Prashant Kumar score=0.621
[Entry-1] frame=31460 faces=1
[DEBUG] Meraj score=0.078
[DEBUG] Meraj score=0.078
[Entry-4] frame=33910 faces=0
[Entry-2] frame=33110 faces=0
[Entry-1] frame=31470 faces=0
[Entry-4] frame=33920 faces=0
[Entry-2] frame=33120 faces=0
[Entry-1] frame=31480 faces=1
[DEBUG] Ravi Shankar score=0.051
[DEBUG] Ravi Shankar score=0.051
[Entry-4] frame=33930 faces=0
[Entry-2] frame=33130 faces=0
[Entry-1] frame=31490 faces=1
[DEBUG] Prashant Kumar score=0.096
[DEBUG] Prashant Kumar score=0.096
[Entry-4] frame=33940 faces=0[Entry-2] frame=33140 faces=0

[Entry-1] frame=31500 faces=0
[Entry-4] frame=33950 faces=0
[Entry-2] frame=33150 faces=0
[Entry-4] frame=33960 faces=0[Entry-2] frame=33160 faces=0

[Entry-1] frame=31510 faces=1
[DEBUG] Meraj score=0.172
[DEBUG] Meraj score=0.172
[Entry-4] frame=33970 faces=0
[Entry-2] frame=33170 faces=0
[Entry-1] frame=31520 faces=1
[DEBUG] Rishu Kumar score=0.173
[DEBUG] Rishu Kumar score=0.173
[Entry-4] frame=33980 faces=0
[Entry-2] frame=33180 faces=0
[Entry-1] frame=31530 faces=1
[DEBUG] Aditya score=0.154
[DEBUG] Aditya score=0.154
[Entry-4] frame=33990 faces=0
[Entry-2] frame=33190 faces=0
[Entry-1] frame=31540 faces=0
[Entry-4] frame=34000 faces=0
[Entry-2] frame=33200 faces=0
[Entry-1] frame=31550 faces=0
[Entry-4] frame=34010 faces=0
[Entry-2] frame=33210 faces=0
[Entry-1] frame=31560 faces=0
[Entry-4] frame=34020 faces=0
[Entry-2] frame=33220 faces=0
[Entry-1] frame=31570 faces=1
[DEBUG] Prashant Kumar score=0.123
[DEBUG] Prashant Kumar score=0.123
[Entry-4] frame=34030 faces=0
[Entry-2] frame=33230 faces=0
[Entry-1] frame=31580 faces=1
[DEBUG] Prashant Kumar score=0.142
[DEBUG] Prashant Kumar score=0.142
[Entry-2] frame=33240 faces=0
[Entry-4] frame=34040 faces=0
[Entry-1] frame=31590 faces=0
[Entry-2] frame=33250 faces=0
[Entry-4] frame=34050 faces=0
[Entry-1] frame=31600 faces=0
[Entry-2] frame=33260 faces=0
[Entry-4] frame=34060 faces=0
[Entry-1] frame=31610 faces=1
[DEBUG] Meraj score=0.116
[DEBUG] Meraj score=0.116
[Entry-2] frame=33270 faces=0
[Entry-4] frame=34070 faces=0
[Entry-1] frame=31620 faces=1
[DEBUG] Meraj score=0.096
[DEBUG] Meraj score=0.096
[Entry-2] frame=33280 faces=0
[Entry-4] frame=34080 faces=0
[Entry-1] frame=31630 faces=1
[DEBUG] Prashant Kumar score=0.056
[DEBUG] Prashant Kumar score=0.056
[Entry-2] frame=33290 faces=0
[Entry-4] frame=34090 faces=0
[Entry-1] frame=31640 faces=1
[DEBUG] Rajan score=0.173
[DEBUG] Rajan score=0.173
[Entry-2] frame=33300 faces=0
[Entry-4] frame=34100 faces=0
[Entry-1] frame=31650 faces=1
[DEBUG] Rajan score=0.182
[DEBUG] Rajan score=0.182
[Entry-2] frame=33310 faces=0
[Entry-4] frame=34110 faces=0
[Entry-1] frame=31660 faces=1
[DEBUG] Aakash score=0.141
[DEBUG] Aakash score=0.141
[Entry-2] frame=33320 faces=0
[Entry-4] frame=34120 faces=0
[Entry-1] frame=31670 faces=0
[Entry-2] frame=33330 faces=0
[Entry-4] frame=34130 faces=0
[Entry-1] frame=31680 faces=0
[Entry-2] frame=33340 faces=0
[Entry-4] frame=34140 faces=0
[Entry-1] frame=31690 faces=0
[Entry-2] frame=33350 faces=0
[Entry-4] frame=34150 faces=0
[Entry-1] frame=31700 faces=0
[Entry-2] frame=33360 faces=0
[Entry-4] frame=34160 faces=0
[Entry-1] frame=31710 faces=1
[DEBUG] Ravi Shankar score=0.077
[DEBUG] Ravi Shankar score=0.077
[Entry-2] frame=33370 faces=0
[Entry-4] frame=34170 faces=0
[Entry-2] frame=33380 faces=0
[Entry-1] frame=31720 faces=1
[DEBUG] Rajan score=0.066
[DEBUG] Rajan score=0.066
[Entry-4] frame=34180 faces=0
[Entry-4] frame=34190 faces=0
[Entry-1] frame=31730 faces=1
[DEBUG] Ravi Shankar score=0.076
[DEBUG] Ravi Shankar score=0.076
[Entry-2] frame=33390 faces=2
[DEBUG] Prashant Kumar score=0.600
[DEBUG] Prashant Kumar score=0.600
[DEBUG] Prashant Kumar score=0.228
[DEBUG] Prashant Kumar score=0.228
[Entry-4] frame=34200 faces=0
[Entry-2] frame=33400 faces=0
[Entry-1] frame=31740 faces=1
[DEBUG] Praveen score=0.070
[DEBUG] Praveen score=0.070
[Entry-4] frame=34210 faces=0
[Entry-2] frame=33410 faces=0
[Entry-1] frame=31750 faces=1
[DEBUG] Aakash score=0.102
[DEBUG] Aakash score=0.102
[Entry-4] frame=34220 faces=0
[Entry-2] frame=33420 faces=0
[Entry-1] frame=31760 faces=0
[Entry-4] frame=34230 faces=0
[Entry-2] frame=33430 faces=0
[Entry-1] frame=31770 faces=1
[DEBUG] Prashant Kumar score=0.127
[DEBUG] Prashant Kumar score=0.127
[Entry-4] frame=34240 faces=0
[Entry-2] frame=33440 faces=0
[Entry-1] frame=31780 faces=1
[DEBUG] Prashant Kumar score=0.150
[DEBUG] Prashant Kumar score=0.150
[Entry-4] frame=34250 faces=0
[Entry-2] frame=33450 faces=0
[Entry-1] frame=31790 faces=1
[DEBUG] Prashant Kumar score=0.198
[DEBUG] Prashant Kumar score=0.198
[Entry-4] frame=34260 faces=0
[Entry-2] frame=33460 faces=0
[Entry-1] frame=31800 faces=1
[DEBUG] Aakash score=0.162
[DEBUG] Aakash score=0.162
[Entry-4] frame=34270 faces=0
[Entry-2] frame=33470 faces=0
[Entry-1] frame=31810 faces=1
[DEBUG] Satya  score=0.148
[DEBUG] Satya  score=0.148
[Entry-4] frame=34280 faces=0
[Entry-2] frame=33480 faces=1
[DEBUG] Prashant Kumar score=0.387
[DEBUG] Prashant Kumar score=0.387
[Entry-1] frame=31820 faces=1
[DEBUG] Neeraj  score=0.152
[DEBUG] Neeraj  score=0.152
[Entry-4] frame=34290 faces=1
[DEBUG] Abhishek  score=0.132
[DEBUG] Abhishek  score=0.132
[Entry-2] frame=33490 faces=1
[DEBUG] Prashant Kumar score=0.437
[DEBUG] Prashant Kumar score=0.437
[Entry-1] frame=31830 faces=1
[DEBUG] Aakash score=0.150
[DEBUG] Aakash score=0.150
[Entry-4] frame=34300 faces=1
[DEBUG] Sunny  score=0.205
[DEBUG] Sunny  score=0.205
[Entry-2] frame=33500 faces=1
[DEBUG] Prashant Kumar score=0.330
[DEBUG] Prashant Kumar score=0.330
[Entry-1] frame=31840 faces=1
[DEBUG] Kuldeep score=0.198
[DEBUG] Kuldeep score=0.198
[Entry-4] frame=34310 faces=0
[Entry-2] frame=33510 faces=0
[Entry-4] frame=34320 faces=0
[Entry-1] frame=31850 faces=1
[DEBUG] Meraj score=0.176
[DEBUG] Meraj score=0.176
[Entry-2] frame=33520 faces=1
[DEBUG] Prashant Kumar score=0.294
[DEBUG] Prashant Kumar score=0.294
[Entry-4] frame=34330 faces=0
[Entry-1] frame=31860 faces=1
[DEBUG] Prashant Kumar score=0.156
[DEBUG] Prashant Kumar score=0.156
[Entry-2] frame=33530 faces=0
[Entry-4] frame=34340 faces=0
[Entry-1] frame=31870 faces=1
[DEBUG] Kuldeep score=0.119
[DEBUG] Kuldeep score=0.119
[Entry-2] frame=33540 faces=0
[Entry-4] frame=34350 faces=0
[Entry-1] frame=31880 faces=0
[Entry-2] frame=33550 faces=1
[DEBUG] Sunny  score=0.204
[DEBUG] Sunny  score=0.204
[Entry-4] frame=34360 faces=0
[Entry-1] frame=31890 faces=1
[DEBUG] Kuldeep score=0.153
[DEBUG] Kuldeep score=0.153
[Entry-2] frame=33560 faces=1
[DEBUG] Sunny  score=0.210
[DEBUG] Sunny  score=0.210
[Entry-4] frame=34370 faces=0
[Entry-1] frame=31900 faces=1
[DEBUG] Meraj score=0.049
[DEBUG] Meraj score=0.049
[Entry-2] frame=33570 faces=0
[Entry-4] frame=34380 faces=0
[Entry-1] frame=31910 faces=0
[Entry-2] frame=33580 faces=1
[DEBUG] Sunny  score=0.202
[DEBUG] Sunny  score=0.202
[Entry-4] frame=34390 faces=0
[Entry-1] frame=31920 faces=1
[DEBUG] Rajan score=0.103
[DEBUG] Rajan score=0.103
[Entry-4] frame=34400 faces=0
[Entry-2] frame=33590 faces=1
[DEBUG] Sunny  score=0.284
[DEBUG] Sunny  score=0.284
[Entry-1] frame=31930 faces=0
[Entry-4] frame=34410 faces=0
[Entry-2] frame=33600 faces=0
[Entry-1] frame=31940 faces=0
[Entry-4] frame=34420 faces=0
[Entry-2] frame=33610 faces=0
[Entry-1] frame=31950 faces=0
[Entry-4] frame=34430 faces=0
[Entry-2] frame=33620 faces=1
[DEBUG] Praveen score=0.103
[DEBUG] Praveen score=0.103
[Entry-1] frame=31960 faces=0
[Entry-4] frame=34440 faces=0
[Entry-2] frame=33630 faces=0
[Entry-1] frame=31970 faces=0
[Entry-4] frame=34450 faces=0
[Entry-2] frame=33640 faces=0
[Entry-1] frame=31980 faces=0
[Entry-4] frame=34460 faces=0
[Entry-2] frame=33650 faces=0
[Entry-1] frame=31990 faces=0
[Entry-4] frame=34470 faces=0
[Entry-2] frame=33660 faces=1
[DEBUG] Sunny  score=0.481
[DEBUG] Sunny  score=0.481
[Entry-1] frame=32000 faces=0
[Entry-4] frame=34480 faces=0
[Entry-2] frame=33670 faces=0
[Entry-1] frame=32010 faces=0
[Entry-4] frame=34490 faces=0
[Entry-2] frame=33680 faces=0
[Entry-1] frame=32020 faces=0
[Entry-4] frame=34500 faces=0
[Entry-2] frame=33690 faces=0
[Entry-1] frame=32030 faces=0
[Entry-4] frame=34510 faces=1
[DEBUG] Praveen score=0.196
[DEBUG] Praveen score=0.196
[Entry-2] frame=33700 faces=0
[Entry-1] frame=32040 faces=1
[DEBUG] Neeraj  score=0.101
[DEBUG] Neeraj  score=0.101
[Entry-4] frame=34520 faces=0
[Entry-2] frame=33710 faces=1
[DEBUG] Meraj score=0.107
[DEBUG] Meraj score=0.107
[Entry-1] frame=32050 faces=0
[Entry-4] frame=34530 faces=0
[Entry-2] frame=33720 faces=1
[DEBUG] Praveen score=0.119
[DEBUG] Praveen score=0.119
[Entry-1] frame=32060 faces=0
[Entry-4] frame=34540 faces=0
[Entry-2] frame=33730 faces=1
[DEBUG] Sunny  score=0.324
[DEBUG] Sunny  score=0.324
[Entry-1] frame=32070 faces=1
[DEBUG] Meraj score=0.225
[DEBUG] Meraj score=0.225
[Entry-4] frame=34550 faces=0
[Entry-2] frame=33740 faces=0
[Entry-1] frame=32080 faces=0
[Entry-4] frame=34560 faces=0
[Entry-2] frame=33750 faces=1
[DEBUG] Prashant Kumar score=0.245
[DEBUG] Prashant Kumar score=0.245
[Entry-1] frame=32090 faces=0
[Entry-4] frame=34570 faces=0
[Entry-2] frame=33760 faces=0
[Entry-1] frame=32100 faces=0
[Entry-4] frame=34580 faces=0
[Entry-2] frame=33770 faces=0
[Entry-4] frame=34590 faces=0
[Entry-1] frame=32110 faces=2
[DEBUG] Ravi Shankar score=0.073
[DEBUG] Ravi Shankar score=0.073
[DEBUG] Rajan score=0.153
[DEBUG] Rajan score=0.153
[Entry-2] frame=33780 faces=0
[Entry-4] frame=34600 faces=0
[Entry-1] frame=32120 faces=2
[DEBUG] Rajan score=0.210
[DEBUG] Rajan score=0.210
[DEBUG] Aakash score=0.425
[DEBUG] Aakash score=0.425
[Entry-2] frame=33790 faces=1
[DEBUG] Ravi Shankar score=0.083
[DEBUG] Ravi Shankar score=0.083
[Entry-4] frame=34610 faces=0
[Entry-2] frame=33800 faces=0
[Entry-1] frame=32130 faces=2
[DEBUG] Satya  score=0.156
[DEBUG] Satya  score=0.156
[DEBUG] Aakash score=0.264
[DEBUG] Aakash score=0.264
[Entry-4] frame=34620 faces=0
[Entry-2] frame=33810 faces=0
[Entry-4] frame=34630 faces=0
[Entry-1] frame=32140 faces=1
[DEBUG] Neeraj  score=0.165
[DEBUG] Neeraj  score=0.165
[Entry-2] frame=33820 faces=0
[Entry-4] frame=34640 faces=0
[Entry-1] frame=32150 faces=2
[DEBUG] Aakash score=0.136
[DEBUG] Aakash score=0.136
[DEBUG] Aditya score=0.131
[DEBUG] Aditya score=0.131
[Entry-2] frame=33830 faces=0
[Entry-4] frame=34650 faces=0
[Entry-1] frame=32160 faces=2
[DEBUG] Meraj score=0.185
[DEBUG] Meraj score=0.185
[DEBUG] Aakash score=0.104
[DEBUG] Aakash score=0.104
[Entry-2] frame=33840 faces=1
[DEBUG] Ravi Shankar score=0.058
[DEBUG] Ravi Shankar score=0.058
[Entry-4] frame=34660 faces=0
[Entry-2] frame=33850 faces=0
[Entry-4] frame=34670 faces=0
[Entry-1] frame=32170 faces=2
[DEBUG] Aakash score=0.267
[DEBUG] Aakash score=0.267
[DEBUG] Meraj score=0.166
[DEBUG] Meraj score=0.166
[Entry-2] frame=33860 faces=0
[Entry-4] frame=34680 faces=0
[Entry-1] frame=32180 faces=2
[DEBUG] Prashant Kumar score=0.163
[DEBUG] Prashant Kumar score=0.163
[DEBUG] Aakash score=0.146
[DEBUG] Aakash score=0.146
[Entry-4] frame=34690 faces=0
[Entry-2] frame=33870 faces=1
[DEBUG] Amitabh Prajapati score=0.044
[DEBUG] Amitabh Prajapati score=0.044
[Entry-1] frame=32190 faces=1
[DEBUG] Aakash score=0.267
[DEBUG] Aakash score=0.267
[Entry-4] frame=34700 faces=0
[Entry-2] frame=33880 faces=1
[DEBUG] Neeraj  score=0.063
[DEBUG] Neeraj  score=0.063
[Entry-1] frame=32200 faces=1
[DEBUG] Aakash score=0.186
[DEBUG] Aakash score=0.186
[Entry-4] frame=34710 faces=0
[Entry-2] frame=33890 faces=0
[Entry-1] frame=32210 faces=1
[DEBUG] Aakash score=0.200
[DEBUG] Aakash score=0.200
[Entry-4] frame=34720 faces=0
[Entry-2] frame=33900 faces=0
[Entry-4] frame=34730 faces=0
[Entry-1] frame=32220 faces=1
[DEBUG] Neeraj  score=0.178
[DEBUG] Neeraj  score=0.178
[Entry-2] frame=33910 faces=0
[Entry-4] frame=34740 faces=0
[Entry-1] frame=32230 faces=1
[DEBUG] Rajan score=0.204
[DEBUG] Rajan score=0.204
[Entry-2] frame=33920 faces=0
[Entry-4] frame=34750 faces=0
[Entry-2] frame=33930 faces=0
[Entry-1] frame=32240 faces=2
[DEBUG] Aakash score=0.415
[DEBUG] Aakash score=0.415
[DEBUG] Satya  score=0.197
[DEBUG] Satya  score=0.197
[Entry-4] frame=34760 faces=0
[Entry-2] frame=33940 faces=0
[Entry-1] frame=32250 faces=1
[DEBUG] Satya  score=0.166
[DEBUG] Satya  score=0.166
[Entry-4] frame=34770 faces=0
[Entry-2] frame=33950 faces=0
[Entry-1] frame=32260 faces=1
[DEBUG] Aakash score=0.169
[DEBUG] Aakash score=0.169
[Entry-4] frame=34780 faces=0
[Entry-2] frame=33960 faces=0
[Entry-4] frame=34790 faces=0
[Entry-1] frame=32270 faces=2
[DEBUG] Rajan score=0.149
[DEBUG] Rajan score=0.149
[DEBUG] Aakash score=0.364
[DEBUG] Aakash score=0.364
[Entry-2] frame=33970 faces=0
[Entry-4] frame=34800 faces=0
[Entry-1] frame=32280 faces=1
[DEBUG] Rajan score=0.182
[DEBUG] Rajan score=0.182
[Entry-2] frame=33980 faces=1
[DEBUG] Prashant Kumar score=0.298
[DEBUG] Prashant Kumar score=0.298
[Entry-4] frame=34810 faces=0
[Entry-1] frame=32290 faces=2
[DEBUG] Aakash score=0.595
[DEBUG] Aakash score=0.595
[DEBUG] Rajan score=0.150
[DEBUG] Rajan score=0.150
[Entry-2] frame=33990 faces=1
[DEBUG] Prashant Kumar score=0.259
[DEBUG] Prashant Kumar score=0.259
[Entry-4] frame=34820 faces=0
[Entry-1] frame=32300 faces=2
[DEBUG] Aakash score=0.645
[DEBUG] Aakash score=0.645
[DEBUG] Rajan score=0.174
[DEBUG] Rajan score=0.174
[Entry-2] frame=34000 faces=1
[DEBUG] Prashant Kumar score=0.161
[DEBUG] Prashant Kumar score=0.161
[Entry-4] frame=34830 faces=0
[Entry-2] frame=34010 faces=0
[Entry-1] frame=32310 faces=2
[DEBUG] Meraj score=0.207
[DEBUG] Meraj score=0.207
[DEBUG] Aakash score=0.463
[DEBUG] Aakash score=0.463
[Entry-4] frame=34840 faces=0
[Entry-2] frame=34020 faces=0
[Entry-1] frame=32320 faces=2
[DEBUG] Aakash score=0.558
[DEBUG] Aakash score=0.558
[DEBUG] Kuldeep score=0.167
[DEBUG] Kuldeep score=0.167
[Entry-4] frame=34850 faces=0
[Entry-2] frame=34030 faces=0
[Entry-4] frame=34860 faces=0
[Entry-1] frame=32330 faces=1
[DEBUG] Aakash score=0.585
[DEBUG] Aakash score=0.585
[Entry-2] frame=34040 faces=0
[Entry-4] frame=34870 faces=0
[Entry-1] frame=32340 faces=1
[DEBUG] Aakash score=0.569
[DEBUG] Aakash score=0.569
[Entry-2] frame=34050 faces=1
[DEBUG] Prashant Kumar score=0.389
[DEBUG] Prashant Kumar score=0.389
[Entry-4] frame=34880 faces=0
[Entry-1] frame=32350 faces=1
[DEBUG] Meraj score=0.069
[DEBUG] Meraj score=0.069
[Entry-2] frame=34060 faces=0
[Entry-4] frame=34890 faces=0
[Entry-1] frame=32360 faces=0
[Entry-2] frame=34070 faces=0
[Entry-4] frame=34900 faces=0
[Entry-1] frame=32370 faces=1
[DEBUG] Kuldeep score=0.167
[DEBUG] Kuldeep score=0.167
[Entry-2] frame=34080 faces=1
[DEBUG] Prashant Kumar score=0.300
[DEBUG] Prashant Kumar score=0.300
[Entry-4] frame=34910 faces=0
[Entry-1] frame=32380 faces=1
[DEBUG] Aakash score=0.159
[DEBUG] Aakash score=0.159
[Entry-2] frame=34090 faces=0
[Entry-4] frame=34920 faces=0
[Entry-1] frame=32390 faces=1
[DEBUG] Prashant Kumar score=0.204
[DEBUG] Prashant Kumar score=0.204
[Entry-2] frame=34100 faces=0
[Entry-4] frame=34930 faces=0
[Entry-1] frame=32400 faces=1
[DEBUG] Satya  score=0.202
[DEBUG] Satya  score=0.202
[Entry-2] frame=34110 faces=0
[Entry-4] frame=34940 faces=0
[Entry-1] frame=32410 faces=2
[DEBUG] Aakash score=0.220
[DEBUG] Aakash score=0.220
[DEBUG] Aakash score=0.246
[DEBUG] Aakash score=0.246
[Entry-2] frame=34120 faces=0
[Entry-4] frame=34950 faces=0
[Entry-2] frame=34130 faces=0
[Entry-1] frame=32420 faces=2
[DEBUG] Satya  score=0.154
[DEBUG] Satya  score=0.154
[DEBUG] Aakash score=0.257
[DEBUG] Aakash score=0.257
[Entry-4] frame=34960 faces=0
[Entry-2] frame=34140 faces=0
[Entry-1] frame=32430 faces=1
[DEBUG] Satya  score=0.210
[DEBUG] Satya  score=0.210
[Entry-4] frame=34970 faces=0
[Entry-2] frame=34150 faces=0
[Entry-4] frame=34980 faces=0
[Entry-1] frame=32440 faces=1
[DEBUG] Satya  score=0.137
[DEBUG] Satya  score=0.137
[Entry-2] frame=34160 faces=0
[Entry-4] frame=34990 faces=0
[Entry-1] frame=32450 faces=2
[DEBUG] Rajan score=0.185
[DEBUG] Rajan score=0.185
[DEBUG] Aakash score=0.333
[DEBUG] Aakash score=0.333
[Entry-2] frame=34170 faces=0
[Entry-4] frame=35000 faces=0
[Entry-1] frame=32460 faces=2
[DEBUG] Aditya score=0.203
[DEBUG] Aditya score=0.203
[DEBUG] Aakash score=0.333
[DEBUG] Aakash score=0.333
[Entry-2] frame=34180 faces=0
[Entry-4] frame=35010 faces=0
[Entry-1] frame=32470 faces=1
[DEBUG] Prashant Kumar score=0.190
[DEBUG] Prashant Kumar score=0.190
[Entry-2] frame=34190 faces=0
[Entry-4] frame=35020 faces=0
[Entry-1] frame=32480 faces=2
[DEBUG] Aakash score=0.156
[DEBUG] Aakash score=0.156
[DEBUG] Aakash score=0.410
[DEBUG] Aakash score=0.410
[Entry-2] frame=34200 faces=0
[Entry-4] frame=35030 faces=1
[DEBUG] Praveen score=0.354
[DEBUG] Praveen score=0.354
[Entry-2] frame=34210 faces=0
[Entry-1] frame=32490 faces=2
[DEBUG] Aakash score=0.491
[DEBUG] Aakash score=0.491
[DEBUG] Satya  score=0.203
[DEBUG] Satya  score=0.203
[Entry-4] frame=35040 faces=1
[DEBUG] Praveen score=0.314
[DEBUG] Praveen score=0.314
[Entry-2] frame=34220 faces=0
[Entry-1] frame=32500 faces=2
[DEBUG] Aakash score=0.201
[DEBUG] Aakash score=0.201
[DEBUG] Aakash score=0.478
[DEBUG] Aakash score=0.478
[Entry-4] frame=35050 faces=0
[Entry-2] frame=34230 faces=0
[Entry-4] frame=35060 faces=0
[Entry-1] frame=32510 faces=1
[DEBUG] Rajan score=0.193
[DEBUG] Rajan score=0.193
[Entry-2] frame=34240 faces=0
[Entry-4] frame=35070 faces=0
[Entry-1] frame=32520 faces=2
[DEBUG] Aakash score=0.173
[DEBUG] Aakash score=0.173
[DEBUG] Meraj score=0.033
[DEBUG] Meraj score=0.033
[Entry-2] frame=34250 faces=0
[Entry-4] frame=35080 faces=0
[Entry-1] frame=32530 faces=1
[DEBUG] Satya  score=0.169
[DEBUG] Satya  score=0.169
[Entry-2] frame=34260 faces=0
[Entry-4] frame=35090 faces=0
[Entry-1] frame=32540 faces=2
[DEBUG] Aakash score=0.219
[DEBUG] Aakash score=0.219
[DEBUG] Sunny  score=0.055
[DEBUG] Sunny  score=0.055
[Entry-2] frame=34270 faces=0
[Entry-4] frame=35100 faces=0
[Entry-1] frame=32550 faces=1
[DEBUG] Meraj score=0.232
[DEBUG] Meraj score=0.232
[Entry-2] frame=34280 faces=0
[Entry-4] frame=35110 faces=0
[Entry-1] frame=32560 faces=0
[Entry-2] frame=34290 faces=0
[Entry-4] frame=35120 faces=0
[Entry-1] frame=32570 faces=0
[Entry-2] frame=34300 faces=0
[Entry-4] frame=35130 faces=0
[Entry-1] frame=32580 faces=0
[Entry-2] frame=34310 faces=0
[Entry-4] frame=35140 faces=0
[Entry-1] frame=32590 faces=0
[Entry-2] frame=34320 faces=0
[Entry-4] frame=35150 faces=0
[Entry-1] frame=32600 faces=0
[Entry-2] frame=34330 faces=0
[Entry-4] frame=35160 faces=0
[Entry-1] frame=32610 faces=0
[Entry-2] frame=34340 faces=0
[Entry-4] frame=35170 faces=0
[Entry-1] frame=32620 faces=0
[Entry-2] frame=34350 faces=0
[Entry-4] frame=35180 faces=0
[Entry-1] frame=32630 faces=0
[Entry-2] frame=34360 faces=0
[Entry-4] frame=35190 faces=0
[Entry-1] frame=32640 faces=0
[Entry-2] frame=34370 faces=0
[Entry-4] frame=35200 faces=0
[Entry-1] frame=32650 faces=0
[Entry-2] frame=34380 faces=0
[Entry-4] frame=35210 faces=0
[Entry-1] frame=32660 faces=0
[Entry-2] frame=34390 faces=0
[Entry-4] frame=35220 faces=0
[Entry-1] frame=32670 faces=0
[Entry-2] frame=34400 faces=0
[Entry-4] frame=35230 faces=0
[Entry-1] frame=32680 faces=0
[Entry-2] frame=34410 faces=0
[Entry-4] frame=35240 faces=0
[Entry-1] frame=32690 faces=0
[Entry-2] frame=34420 faces=0
[Entry-4] frame=35250 faces=0
[Entry-1] frame=32700 faces=0
[Entry-2] frame=34430 faces=0
[Entry-4] frame=35260 faces=0
[Entry-1] frame=32710 faces=0
[Entry-2] frame=34440 faces=0
[Entry-4] frame=35270 faces=0
[Entry-1] frame=32720 faces=0
[Entry-2] frame=34450 faces=0
[Entry-4] frame=35280 faces=0
[Entry-1] frame=32730 faces=0
[Entry-2] frame=34460 faces=0
[Entry-4] frame=35290 faces=0
[Entry-1] frame=32740 faces=0
[Entry-2] frame=34470 faces=0
[Entry-4] frame=35300 faces=0
[Entry-1] frame=32750 faces=0
[Entry-2] frame=34480 faces=0
[Entry-4] frame=35310 faces=0
[Entry-2] frame=34490 faces=0
[Entry-1] frame=32760 faces=2
[DEBUG] Meraj score=0.053
[DEBUG] Meraj score=0.053
[DEBUG] Meraj score=0.202
[DEBUG] Meraj score=0.202
[Entry-4] frame=35320 faces=0
[Entry-2] frame=34500 faces=1
[DEBUG] Prashant Kumar score=0.358
[DEBUG] Prashant Kumar score=0.358
[Entry-4] frame=35330 faces=0
[Entry-1] frame=32770 faces=2
[DEBUG] Aakash score=0.449
[DEBUG] Aakash score=0.449
[DEBUG] Prashant Kumar score=0.238
[DEBUG] Prashant Kumar score=0.238
[Entry-2] frame=34510 faces=0
[Entry-4] frame=35340 faces=0
[Entry-1] frame=32780 faces=2
[DEBUG] Aakash score=0.457
[DEBUG] Aakash score=0.457
[DEBUG] Kuldeep score=0.100
[DEBUG] Kuldeep score=0.100
[Entry-2] frame=34520 faces=1
[DEBUG] Rishu Kumar score=0.179
[DEBUG] Rishu Kumar score=0.179
[Entry-4] frame=35350 faces=0
[Entry-1] frame=32790 faces=1
[DEBUG] Aakash score=0.609
[DEBUG] Aakash score=0.609
[Entry-2] frame=34530 faces=0
[Entry-4] frame=35360 faces=0
[Entry-1] frame=32800 faces=2
[DEBUG] Aakash score=0.533
[DEBUG] Aakash score=0.533
[DEBUG] Aakash score=0.162
[DEBUG] Aakash score=0.162
[Entry-2] frame=34540 faces=0
[Entry-4] frame=35370 faces=0
[Entry-1] frame=32810 faces=1
[DEBUG] Satya  score=0.147
[DEBUG] Satya  score=0.147
[Entry-2] frame=34550 faces=0
[Entry-4] frame=35380 faces=0
[Entry-1] frame=32820 faces=1
[DEBUG] Kuldeep score=0.182
[DEBUG] Kuldeep score=0.182
[Entry-2] frame=34560 faces=0
[Entry-4] frame=35390 faces=0
[Entry-1] frame=32830 faces=1
[DEBUG] Aakash score=0.171
[DEBUG] Aakash score=0.171
[Entry-2] frame=34570 faces=0
[Entry-4] frame=35400 faces=0
[Entry-1] frame=32840 faces=1
[DEBUG] Aakash score=0.172
[DEBUG] Aakash score=0.172
[Entry-2] frame=34580 faces=0
[Entry-4] frame=35410 faces=0
[Entry-1] frame=32850 faces=1
[DEBUG] Aakash score=0.268
[DEBUG] Aakash score=0.268
[Entry-2] frame=34590 faces=0
[Entry-4] frame=35420 faces=0
[Entry-1] frame=32860 faces=0
[Entry-2] frame=34600 faces=1
[DEBUG] Sunny  score=0.555
[DEBUG] Sunny  score=0.555
[SQLite] Saved → Sunny  | Present | 17:36:07 | Entry-2
[FIRST ENTRY] Sunny  via Entry-2 at 17:36:07 — SQLite saved, Supabase sync 5 min mein
[Entry-4] frame=35430 faces=0
[Entry-1] frame=32870 faces=1
[DEBUG] Rajan score=0.237
[DEBUG] Rajan score=0.237
[Entry-4] frame=35440 faces=0
[Entry-2] frame=34610 faces=1
[DEBUG] Sunny  score=0.396
[DEBUG] Sunny  score=0.396
[Entry-1] frame=32880 faces=1
[DEBUG] Aakash score=0.268
[DEBUG] Aakash score=0.268
[Entry-4] frame=35450 faces=0
[Entry-2] frame=34620 faces=1
[DEBUG] Neeraj  score=0.051
[DEBUG] Neeraj  score=0.051
[Entry-1] frame=32890 faces=1
[DEBUG] Aakash score=0.244
[DEBUG] Aakash score=0.244
[Entry-4] frame=35460 faces=0
[Entry-2] frame=34630 faces=1
[DEBUG] Praveen score=0.074
[DEBUG] Praveen score=0.074
[Entry-4] frame=35470 faces=0
[Entry-1] frame=32900 faces=1
[DEBUG] Meraj score=0.248
[DEBUG] Meraj score=0.248
[Entry-2] frame=34640 faces=0
[Entry-4] frame=35480 faces=0
[Entry-1] frame=32910 faces=1
[DEBUG] Rishu Kumar score=0.158
[DEBUG] Rishu Kumar score=0.158
[Entry-2] frame=34650 faces=0
[Entry-4] frame=35490 faces=0
[Entry-1] frame=32920 faces=1
[DEBUG] Aakash score=0.183
[DEBUG] Aakash score=0.183
[Entry-2] frame=34660 faces=0
[Entry-4] frame=35500 faces=0
[Entry-1] frame=32930 faces=1
[DEBUG] Aakash score=0.162
[DEBUG] Aakash score=0.162
[Entry-2] frame=34670 faces=0
[Entry-4] frame=35510 faces=0
[Entry-1] frame=32940 faces=1
[DEBUG] Rajan score=0.173
[DEBUG] Rajan score=0.173
[Entry-2] frame=34680 faces=0
[Entry-4] frame=35520 faces=0
[Entry-2] frame=34690 faces=1
[DEBUG] Meraj score=0.097
[DEBUG] Meraj score=0.097
[Entry-1] frame=32950 faces=2
[DEBUG] Aakash score=0.332
[DEBUG] Aakash score=0.332
[DEBUG] Rajan score=0.172
[DEBUG] Rajan score=0.172
[Entry-4] frame=35530 faces=0
[Entry-2] frame=34700 faces=0
[Entry-1] frame=32960 faces=2
[DEBUG] Aakash score=0.501
[DEBUG] Aakash score=0.501
[DEBUG] Rajan score=0.194
[DEBUG] Rajan score=0.194
[Entry-4] frame=35540 faces=0
[Entry-2] frame=34710 faces=0
[Entry-1] frame=32970 faces=2
[DEBUG] Aakash score=0.662
[DEBUG] Aakash score=0.662
[DEBUG] Meraj score=0.184
[DEBUG] Meraj score=0.184
[Entry-4] frame=35550 faces=0
[Entry-2] frame=34720 faces=1
[DEBUG] Meraj score=0.067
[DEBUG] Meraj score=0.067
[Entry-4] frame=35560 faces=0
[Entry-1] frame=32980 faces=1
[DEBUG] Meraj score=0.288
[DEBUG] Meraj score=0.288
[Entry-2] frame=34730 faces=1
[DEBUG] Rajan score=0.079
[DEBUG] Rajan score=0.079
[Entry-4] frame=35570 faces=0
[Entry-1] frame=32990 faces=1
[DEBUG] Meraj score=0.188
[DEBUG] Meraj score=0.188
[Entry-2] frame=34740 faces=0
[Entry-4] frame=35580 faces=0
[Entry-1] frame=33000 faces=0
[Entry-2] frame=34750 faces=0
[Entry-4] frame=35590 faces=0
[Entry-1] frame=33010 faces=0
[Entry-2] frame=34760 faces=0
[Entry-4] frame=35600 faces=0
[Entry-1] frame=33020 faces=1
[DEBUG] Meraj score=0.209
[DEBUG] Meraj score=0.209
[Entry-2] frame=34770 faces=0
[Entry-4] frame=35610 faces=0
[Entry-1] frame=33030 faces=1
[DEBUG] Aakash score=0.214
[DEBUG] Aakash score=0.214
[Entry-2] frame=34780 faces=0
[Entry-4] frame=35620 faces=0
[Entry-1] frame=33040 faces=2
[DEBUG] Aakash score=0.252
[DEBUG] Aakash score=0.252
[DEBUG] Meraj score=0.200
[DEBUG] Meraj score=0.200
[Entry-2] frame=34790 faces=0
[Entry-4] frame=35630 faces=0
[Entry-2] frame=34800 faces=0
[Entry-1] frame=33050 faces=1
[DEBUG] Meraj score=0.179
[DEBUG] Meraj score=0.179
[Entry-4] frame=35640 faces=0
[Entry-2] frame=34810 faces=0
[Entry-1] frame=33060 faces=1
[DEBUG] Aakash score=0.126
[DEBUG] Aakash score=0.126
[Entry-4] frame=35650 faces=0
[Entry-2] frame=34820 faces=0
[Entry-1] frame=33070 faces=1
[DEBUG] Meraj score=0.199
[DEBUG] Meraj score=0.199
[Entry-4] frame=35660 faces=0
[Entry-2] frame=34830 faces=0
[Entry-4] frame=35670 faces=0
[Entry-1] frame=33080 faces=1
[DEBUG] Meraj score=0.270
[DEBUG] Meraj score=0.270
[Entry-2] frame=34840 faces=1
[DEBUG] Amitabh Prajapati score=0.156
[DEBUG] Amitabh Prajapati score=0.156
[Entry-4] frame=35680 faces=0
[Entry-1] frame=33090 faces=1
[DEBUG] Meraj score=0.098
[DEBUG] Meraj score=0.098
[Entry-2] frame=34850 faces=1
[DEBUG] Sunny  score=0.496
[DEBUG] Sunny  score=0.496
[Entry-4] frame=35690 faces=0
[Entry-1] frame=33100 faces=1
[DEBUG] Aditya score=0.185
[DEBUG] Aditya score=0.185
[Entry-2] frame=34860 faces=0
[Entry-4] frame=35700 faces=0
[Entry-1] frame=33110 faces=1
[DEBUG] Meraj score=0.178
[DEBUG] Meraj score=0.178
[Entry-2] frame=34870 faces=0
[Entry-4] frame=35710 faces=0
[Entry-1] frame=33120 faces=1
[DEBUG] Meraj score=0.174
[DEBUG] Meraj score=0.174
[Entry-2] frame=34880 faces=0
[Entry-4] frame=35720 faces=0
[Entry-1] frame=33130 faces=1
[DEBUG] Rajan score=0.135
[DEBUG] Rajan score=0.135
[Entry-2] frame=34890 faces=1
[DEBUG] Aditya score=0.155
[DEBUG] Aditya score=0.155
[Entry-4] frame=35730 faces=0
[sync] 1 pending row(s) — Supabase push shuru ...
[Entry-1] frame=33140 faces=1
[DEBUG] Aditya score=0.123
[DEBUG] Aditya score=0.123
[Entry-2] frame=34900 faces=0
[Entry-4] frame=35740 faces=0
[sync] PUSHED → Sunny  | Present | 2026-08-06 17:36:07
[sync] COMPLETE — pushed:1 | skipped:0 | failed:0 | still pending:0
[Entry-1] frame=33150 faces=2
[DEBUG] Aditya score=0.139
[DEBUG] Aditya score=0.139
[DEBUG] Aakash score=0.311
[DEBUG] Aakash score=0.311
[Entry-4] frame=35750 faces=0
[Entry-2] frame=34910 faces=1
[DEBUG] Praveen score=0.053
[DEBUG] Praveen score=0.053
[Entry-4] frame=35760 faces=0
[Entry-1] frame=33160 faces=1
[DEBUG] Meraj score=0.225
[DEBUG] Meraj score=0.225
[Entry-2] frame=34920 faces=0
[Entry-4] frame=35770 faces=0
[Entry-1] frame=33170 faces=2
[DEBUG] Aakash score=0.260
[DEBUG] Aakash score=0.260
[DEBUG] Meraj score=0.164
[DEBUG] Meraj score=0.164
[Entry-2] frame=34930 faces=1
[DEBUG] Praveen score=0.198
[DEBUG] Praveen score=0.198
[Entry-4] frame=35780 faces=0
[Entry-1] frame=33180 faces=1
[DEBUG] Rishu Kumar score=0.178
[DEBUG] Rishu Kumar score=0.178
[Entry-2] frame=34940 faces=1
[DEBUG] Sunny  score=0.342
[DEBUG] Sunny  score=0.342
[Entry-4] frame=35790 faces=0
[Entry-2] frame=34950 faces=0
[Entry-1] frame=33190 faces=1
[DEBUG] Meraj score=0.230
[DEBUG] Meraj score=0.230
[Entry-4] frame=35800 faces=0
[Entry-1] frame=33200 faces=1
[DEBUG] Prashant Kumar score=0.145
[DEBUG] Prashant Kumar score=0.145
[Entry-2] frame=34960 faces=2
[DEBUG] Ravi Shankar score=0.118
[DEBUG] Ravi Shankar score=0.118
[DEBUG] Sunny  score=0.427
[DEBUG] Sunny  score=0.427
[Entry-4] frame=35810 faces=0
[Entry-1] frame=33210 faces=1
[DEBUG] Aakash score=0.190
[DEBUG] Aakash score=0.190
[Entry-2] frame=34970 faces=1
[DEBUG] Sunny  score=0.481
[DEBUG] Sunny  score=0.481
[Entry-4] frame=35820 faces=0
[Entry-1] frame=33220 faces=1
[DEBUG] Aakash score=0.299
[DEBUG] Aakash score=0.299
[Entry-4] frame=35830 faces=0
[Entry-2] frame=34980 faces=1
[DEBUG] Vikas Sharma score=0.112
[DEBUG] Vikas Sharma score=0.112
[Entry-4] frame=35840 faces=0
[Entry-1] frame=33230 faces=1
[DEBUG] Meraj score=0.187
[DEBUG] Meraj score=0.187
[Entry-2] frame=34990 faces=1
[DEBUG] Meraj score=0.054
[DEBUG] Meraj score=0.054
[Entry-4] frame=35850 faces=0
[Entry-2] frame=35000 faces=0
[Entry-1] frame=33240 faces=1
[DEBUG] Prashant Kumar score=0.182
[DEBUG] Prashant Kumar score=0.182
[Entry-4] frame=35860 faces=0
[Entry-2] frame=35010 faces=0
[Entry-1] frame=33250 faces=1
[DEBUG] Aditya score=0.148
[DEBUG] Aditya score=0.148
[Entry-4] frame=35870 faces=0
[Entry-2] frame=35020 faces=0
[Entry-1] frame=33260 faces=1
[DEBUG] Aakash score=0.176
[DEBUG] Aakash score=0.176
[Entry-4] frame=35880 faces=0
[Entry-2] frame=35030 faces=0
[Entry-1] frame=33270 faces=1
[DEBUG] Kuldeep score=0.076
[DEBUG] Kuldeep score=0.076
[Entry-4] frame=35890 faces=0
[Entry-2] frame=35040 faces=0
[Entry-1] frame=33280 faces=1
[DEBUG] Aditya score=0.188
[DEBUG] Aditya score=0.188
[Entry-4] frame=35900 faces=0
[Entry-2] frame=35050 faces=0
[Entry-1] frame=33290 faces=2
[DEBUG] Rishu Kumar score=0.183
[DEBUG] Rishu Kumar score=0.183
[DEBUG] Aakash score=0.170
[DEBUG] Aakash score=0.170
[Entry-4] frame=35910 faces=0
[Entry-2] frame=35060 faces=0
[Entry-1] frame=33300 faces=1
[DEBUG] Aakash score=0.213
[DEBUG] Aakash score=0.213
[Entry-4] frame=35920 faces=0
[Entry-2] frame=35070 faces=1
[DEBUG] Amitabh Prajapati score=0.110
[DEBUG] Amitabh Prajapati score=0.110
[Entry-4] frame=35930 faces=0
[Entry-1] frame=33310 faces=1
[DEBUG] Kuldeep score=0.240
[DEBUG] Kuldeep score=0.240
[Entry-2] frame=35080 faces=0
[Entry-1] frame=33320 faces=0
[Entry-4] frame=35940 faces=0
[Entry-2] frame=35090 faces=0
[Entry-1] frame=33330 faces=0
[Entry-4] frame=35950 faces=0
[Entry-2] frame=35100 faces=0
[Entry-1] frame=33340 faces=0
[Entry-4] frame=35960 faces=0
[Entry-2] frame=35110 faces=0
[Entry-4] frame=35970 faces=0
[Entry-1] frame=33350 faces=1
[DEBUG] Prashant Kumar score=0.059
[DEBUG] Prashant Kumar score=0.059
[Entry-2] frame=35120 faces=1
[DEBUG] Amitabh Prajapati score=0.081
[DEBUG] Amitabh Prajapati score=0.081
[Entry-4] frame=35980 faces=0
[Entry-1] frame=33360 faces=0
[Entry-2] frame=35130 faces=0
[Entry-4] frame=35990 faces=0
[Entry-1] frame=33370 faces=0
[Entry-2] frame=35140 faces=0
[Entry-4] frame=36000 faces=0
[Entry-1] frame=33380 faces=0
[Entry-2] frame=35150 faces=0
[Entry-4] frame=36010 faces=0
[Entry-1] frame=33390 faces=0
[Entry-2] frame=35160 faces=0
[Entry-4] frame=36020 faces=0
[Entry-1] frame=33400 faces=0
[Entry-2] frame=35170 faces=0
[Entry-4] frame=36030 faces=0
[Entry-1] frame=33410 faces=0
[Entry-2] frame=35180 faces=0
[Entry-4] frame=36040 faces=0
[Entry-1] frame=33420 faces=1
[DEBUG] Prashant Kumar score=0.219
[DEBUG] Prashant Kumar score=0.219
[Entry-2] frame=35190 faces=0
[Entry-4] frame=36050 faces=0
[Entry-1] frame=33430 faces=1
[DEBUG] Meraj score=0.185
[DEBUG] Meraj score=0.185
[Entry-2] frame=35200 faces=0
[Entry-4] frame=36060 faces=0
[Entry-1] frame=33440 faces=0
[Entry-2] frame=35210 faces=0
[Entry-4] frame=36070 faces=0
[Entry-1] frame=33450 faces=0
[Entry-2] frame=35220 faces=0
[Entry-4] frame=36080 faces=0
[Entry-1] frame=33460 faces=0
[Entry-2] frame=35230 faces=0
[Entry-4] frame=36090 faces=0
[Entry-1] frame=33470 faces=0
[Entry-2] frame=35240 faces=0
[Entry-4] frame=36100 faces=0
[Entry-1] frame=33480 faces=0
[Entry-2] frame=35250 faces=0
[Entry-4] frame=36110 faces=0
[Entry-1] frame=33490 faces=0
[Entry-2] frame=35260 faces=0
[Entry-4] frame=36120 faces=0
[Entry-1] frame=33500 faces=0
[Entry-2] frame=35270 faces=0
[Entry-4] frame=36130 faces=0
[Entry-1] frame=33510 faces=0
[Entry-2] frame=35280 faces=0
[Entry-4] frame=36140 faces=0
[Entry-1] frame=33520 faces=0
[Entry-2] frame=35290 faces=0
[Entry-4] frame=36150 faces=0
[Entry-2] frame=35300 faces=0
[Entry-1] frame=33530 faces=1
[DEBUG] Ravi Shankar score=0.077
[DEBUG] Ravi Shankar score=0.077
[Entry-4] frame=36160 faces=0
[Entry-2] frame=35310 faces=0
[Entry-1] frame=33540 faces=2
[DEBUG] Aakash score=0.248
[DEBUG] Aakash score=0.248
[DEBUG] Ravi Shankar score=0.113
[DEBUG] Ravi Shankar score=0.113
[Entry-4] frame=36170 faces=0
[Entry-2] frame=35320 faces=0
[Entry-1] frame=33550 faces=1
[DEBUG] Ravi Shankar score=0.081
[DEBUG] Ravi Shankar score=0.081
[Entry-4] frame=36180 faces=0
[Entry-2] frame=35330 faces=0
[Entry-1] frame=33560 faces=0
[Entry-4] frame=36190 faces=0
[Entry-2] frame=35340 faces=0
[Entry-1] frame=33570 faces=1
[DEBUG] Ravi Shankar score=0.088
[DEBUG] Ravi Shankar score=0.088
[Entry-4] frame=36200 faces=0
[Entry-2] frame=35350 faces=0
[Entry-1] frame=33580 faces=0
[Entry-4] frame=36210 faces=0
[Entry-2] frame=35360 faces=0
[Entry-4] frame=36220 faces=0
[Entry-1] frame=33590 faces=1
[DEBUG] Aakash score=0.370
[DEBUG] Aakash score=0.370
[Entry-2] frame=35370 faces=0
[Entry-4] frame=36230 faces=0
[Entry-1] frame=33600 faces=1
[DEBUG] Aakash score=0.386
[DEBUG] Aakash score=0.386
[Entry-2] frame=35380 faces=0
[Entry-4] frame=36240 faces=0
[Entry-1] frame=33610 faces=1
[DEBUG] Aakash score=0.242
[DEBUG] Aakash score=0.242
[Entry-2] frame=35390 faces=1
[DEBUG] Prashant Kumar score=0.482
[DEBUG] Prashant Kumar score=0.482
